CREATE DATABASE  IF NOT EXISTS `iamuse_internal` /*!40100 DEFAULT CHARACTER SET latin1 */;
USE `iamuse_internal`;
-- MySQL dump 10.13  Distrib 5.7.17, for Win64 (x86_64)
--
-- Host: localhost    Database: iamuse_internal
-- ------------------------------------------------------
-- Server version	5.7.21-log

/*!40101 SET @OLD_CHARACTER_SET_CLIENT=@@CHARACTER_SET_CLIENT */;
/*!40101 SET @OLD_CHARACTER_SET_RESULTS=@@CHARACTER_SET_RESULTS */;
/*!40101 SET @OLD_COLLATION_CONNECTION=@@COLLATION_CONNECTION */;
/*!40101 SET NAMES utf8 */;
/*!40103 SET @OLD_TIME_ZONE=@@TIME_ZONE */;
/*!40103 SET TIME_ZONE='+00:00' */;
/*!40014 SET @OLD_UNIQUE_CHECKS=@@UNIQUE_CHECKS, UNIQUE_CHECKS=0 */;
/*!40014 SET @OLD_FOREIGN_KEY_CHECKS=@@FOREIGN_KEY_CHECKS, FOREIGN_KEY_CHECKS=0 */;
/*!40101 SET @OLD_SQL_MODE=@@SQL_MODE, SQL_MODE='NO_AUTO_VALUE_ON_ZERO' */;
/*!40111 SET @OLD_SQL_NOTES=@@SQL_NOTES, SQL_NOTES=0 */;

--
-- Table structure for table `admin_booth_event_picture`
--

DROP TABLE IF EXISTS `admin_booth_event_picture`;
/*!40101 SET @saved_cs_client     = @@character_set_client */;
/*!40101 SET character_set_client = utf8 */;
CREATE TABLE `admin_booth_event_picture` (
  `pic_id` int(10) unsigned NOT NULL AUTO_INCREMENT,
  `pic_name` varchar(450) DEFAULT NULL,
  `pic_title` varchar(1000) DEFAULT NULL,
  `scale_x_offset` varchar(45) DEFAULT NULL,
  `scale_y_offset` varchar(45) DEFAULT NULL,
  `scale_z_offset` varchar(45) DEFAULT NULL,
  `image_mask` varchar(2000) DEFAULT NULL,
  `created_date` datetime DEFAULT NULL,
  `rgb_values` varchar(45) DEFAULT NULL,
  `created_by` int(10) unsigned DEFAULT NULL,
  `updated_date` datetime DEFAULT NULL,
  `updated_by` int(10) unsigned DEFAULT NULL,
  `e_id` int(10) unsigned DEFAULT NULL,
  `waterMarkImage` varchar(2000) DEFAULT NULL,
  `imageWidth` varchar(45) DEFAULT NULL,
  `imageHeight` varchar(45) DEFAULT NULL,
  `scalingWidth` varchar(45) DEFAULT NULL,
  `scalingHeight` varchar(45) DEFAULT NULL,
  `isDeleted` tinyint(1) unsigned DEFAULT NULL,
  `status` tinyint(1) unsigned DEFAULT NULL,
  `preSetBackground` tinyint(1) unsigned DEFAULT NULL,
  PRIMARY KEY (`pic_id`)
) ENGINE=InnoDB AUTO_INCREMENT=26 DEFAULT CHARSET=latin1;
/*!40101 SET character_set_client = @saved_cs_client */;

--
-- Dumping data for table `admin_booth_event_picture`
--

LOCK TABLES `admin_booth_event_picture` WRITE;
/*!40000 ALTER TABLE `admin_booth_event_picture` DISABLE KEYS */;
INSERT INTO `admin_booth_event_picture` VALUES (1,'/iAmuse_images/Admin_Picture/14/1/Koala_dnxkvu4r.jpg',NULL,NULL,NULL,'1.00',NULL,'2018-05-10 18:45:11',NULL,14,NULL,NULL,1,NULL,NULL,NULL,NULL,NULL,1,1,0),(2,'/iAmuse_images/Admin_Picture/14/2/Koala_xv5dbd5a.jpg','Title','275','393','1.00',NULL,'2018-05-10 18:48:16',NULL,14,'2018-05-11 12:51:53',14,2,NULL,'1024','768','508','286',0,1,0),(3,'/iAmuse_images/Admin_Picture/14/2/Penguins_25kd4fy8.jpg',NULL,NULL,NULL,'1.00',NULL,'2018-05-10 18:57:08',NULL,14,NULL,NULL,2,NULL,NULL,NULL,NULL,NULL,0,1,0),(4,'/iAmuse_images/Admin_Picture/14/2/Desert_b20wn8kl.jpg',NULL,NULL,NULL,'1.00',NULL,'2018-05-11 10:57:34',NULL,14,NULL,NULL,2,NULL,NULL,NULL,NULL,NULL,0,1,0),(5,'/iAmuse_images/Admin_Picture/14/2/Tulips_x8223oj3.jpg','b','120','164','1.00',NULL,'2018-05-11 12:48:53',NULL,14,'2018-05-11 12:53:42',14,2,NULL,'1024','768','786','442',0,1,0),(6,'/iAmuse_images/Admin_Picture/14/2/Lighthouse_aumi8tei.jpg',NULL,NULL,NULL,'1.00',NULL,'2018-05-11 12:59:56',NULL,14,NULL,NULL,2,NULL,'1024','768','1024','768',0,1,0),(7,'/iAmuse_images/Admin_Picture/13/3/z9_hodl1irt.jpg','hi','44','39','0.75',NULL,'2018-06-22 13:40:42',NULL,13,'2018-06-22 13:50:11',13,3,NULL,'275','183','187','105',0,1,0),(8,'/iAmuse_images/Admin_Picture/13/3/t6_nojp75uq.jpg',NULL,NULL,NULL,'0.75',NULL,'2018-06-22 13:40:50',NULL,13,NULL,NULL,3,NULL,'150','150','150','150',0,1,0),(9,'/iAmuse_images/Admin_Picture/14/4/Maruti_Suzuki_7wenf1yw.jpg','Brezza','24','45','1.00',NULL,'2018-07-27 11:01:40',NULL,14,'2018-07-27 11:23:20',14,4,NULL,'400','300','307','173',0,1,0),(10,'/iAmuse_images/Admin_Picture/14/4/Maruti_Suzuki_1kyunctf.jpg','Brezza 1','148','76','1.00',NULL,'2018-07-27 11:01:46',NULL,14,'2018-07-27 11:23:52',14,4,NULL,'400','300','252','142',0,1,0),(11,'/iAmuse_images/Admin_Picture/14/4/hundai_1xdhlumo.png','Hundai','54','18','1.00',NULL,'2018-07-27 11:01:52',NULL,14,'2018-07-27 11:24:12',14,4,NULL,'480','260','382','215',0,1,0),(12,'/iAmuse_images/Admin_Picture/14/4/Honda_qzo9149x.jpg','Honda','328','204','1.00',NULL,'2018-07-27 11:01:56',NULL,14,'2018-07-27 11:24:26',14,4,NULL,'1600','886','1086','611',0,1,0),(13,'/iAmuse_images/Admin_Picture/14/4/maxresdefault_an8pxdt3.jpg','Duranto','109','158','1.00',NULL,'2018-07-27 11:44:21',NULL,14,'2018-07-27 11:58:18',14,4,NULL,'1920','1080','948','533',0,1,0),(14,'/iAmuse_images/Admin_Picture/14/2/Penguins_25kd4fy8.jpg','Pegium','123','265','1.00',NULL,'2018-07-27 11:57:31',NULL,14,'2018-07-27 11:58:30',14,4,NULL,'1024','768','786','442',0,1,1),(15,'/iAmuse_images/Admin_Picture/14/2/Desert_b20wn8kl.jpg',NULL,NULL,NULL,'1.00',NULL,'2018-07-27 12:45:06',NULL,14,NULL,NULL,4,NULL,NULL,NULL,NULL,NULL,0,1,1),(16,'/iAmuse_images/Admin_Picture/35/5/batman1_2tiedhmk.jpg',NULL,NULL,NULL,'1.00',NULL,'2018-09-05 14:05:52',NULL,35,NULL,NULL,5,NULL,'1920','1080','1920','1080',0,1,0),(17,'/iAmuse_images/Admin_Picture/35/5/shark2_b223tf9g.jpg','Shark 1111111111111111','508','421','1.00','/iAmuse_images/Admin_Picture/Image_mask/35/17/shark2mask.jpg','2018-09-05 14:05:58',NULL,35,'2018-09-05 14:06:23',35,5,NULL,'1920','1080','1105','622',0,1,0),(18,'/iAmuse_images/Admin_Picture/35/5/tornado_h85vdl5b.jpg','tyrest','187','435','1.00','/iAmuse_images/Admin_Picture/Image_mask/35/18/transparent.jpg','2018-09-05 14:12:50',NULL,35,'2018-09-05 14:13:53',35,5,NULL,'1920','1080','1105','622',0,1,0),(19,'/iAmuse_images/Admin_Picture/43/6/shark2_49yj7srx.jpg','Shark','547','405','1.00','/iAmuse_images/Admin_Picture/Image_mask/43/19/shark2mask.jpg','2018-09-06 17:36:49',NULL,43,'2018-09-06 17:37:12',43,6,NULL,'1920','1080','1105','622',0,1,0),(20,'/iAmuse_images/Admin_Picture/43/6/maxresdefault_9ywf7u0t.jpg',NULL,NULL,NULL,'1.00',NULL,'2018-09-06 17:36:58',NULL,43,NULL,NULL,6,NULL,'1920','1080','1920','1080',0,1,0),(21,'/iAmuse_images/Admin_Picture/43/7/tornado_9a1q256g.jpg','Tttttttttttt','178','454','1.00','/iAmuse_images/Admin_Picture/Image_mask/43/21/transparent.jpg','2018-09-06 17:41:44',NULL,43,'2018-09-06 17:42:09',43,7,NULL,'1920','1080','1105','622',0,1,0),(22,'/iAmuse_images/Admin_Picture/43/7/hqdefault_d4i5j3bb.jpg','','0','124','1.00',NULL,'2018-09-06 17:41:50',NULL,43,'2018-09-06 17:42:18',43,7,NULL,'480','360','368','207',0,1,0),(23,'/iAmuse_images/Admin_Picture/43/7/kingdom-of-dreams_sbqjfd9b.jpg',NULL,NULL,NULL,'1.00',NULL,'2018-09-06 17:41:56',NULL,43,NULL,NULL,7,NULL,'1500','999','1500','999',0,1,0),(24,'/iAmuse_images/Admin_Picture/20/8/Capture_mxb8xmyf.JPG','test','0','20','1.00',NULL,'2018-09-12 15:54:10',NULL,20,'2018-09-12 15:55:57',20,8,NULL,'120','120','120','68',0,1,0),(25,'/iAmuse_images/Admin_Picture/20/8/iamuse_3sppoebx.png','Test 2','0','0','1.00',NULL,'2018-09-12 15:54:19',NULL,20,'2018-09-12 15:55:20',20,8,NULL,'1366','768','1354','762',0,1,0);
/*!40000 ALTER TABLE `admin_booth_event_picture` ENABLE KEYS */;
UNLOCK TABLES;

--
-- Table structure for table `admin_event_picture_mapping`
--

DROP TABLE IF EXISTS `admin_event_picture_mapping`;
/*!40101 SET @saved_cs_client     = @@character_set_client */;
/*!40101 SET character_set_client = utf8 */;
CREATE TABLE `admin_event_picture_mapping` (
  `id` int(10) unsigned NOT NULL AUTO_INCREMENT,
  `pic_id` int(10) unsigned DEFAULT NULL,
  `e_id` int(10) unsigned DEFAULT NULL,
  `user_id` int(10) unsigned DEFAULT NULL,
  `created_date` datetime DEFAULT NULL,
  `isDeleted` tinyint(1) unsigned DEFAULT NULL,
  `status` tinyint(1) unsigned DEFAULT NULL,
  `eventType` varchar(45) DEFAULT NULL,
  PRIMARY KEY (`id`)
) ENGINE=InnoDB AUTO_INCREMENT=26 DEFAULT CHARSET=latin1;
/*!40101 SET character_set_client = @saved_cs_client */;

--
-- Dumping data for table `admin_event_picture_mapping`
--

LOCK TABLES `admin_event_picture_mapping` WRITE;
/*!40000 ALTER TABLE `admin_event_picture_mapping` DISABLE KEYS */;
INSERT INTO `admin_event_picture_mapping` VALUES (1,1,1,14,'2018-05-10 18:45:11',0,1,NULL),(2,2,2,14,'2018-05-10 18:48:16',0,1,NULL),(3,3,2,14,'2018-05-10 18:57:08',0,1,NULL),(4,4,2,14,'2018-05-11 10:57:34',0,1,NULL),(5,5,2,14,'2018-05-11 12:48:53',0,1,NULL),(6,6,2,14,'2018-05-11 12:59:56',0,1,NULL),(7,7,3,13,'2018-06-22 13:40:42',0,1,NULL),(8,8,3,13,'2018-06-22 13:40:50',0,1,NULL),(9,9,4,14,'2018-07-27 11:01:40',0,1,NULL),(10,10,4,14,'2018-07-27 11:01:47',0,1,NULL),(11,11,4,14,'2018-07-27 11:01:52',0,1,NULL),(12,12,4,14,'2018-07-27 11:01:56',0,1,NULL),(13,13,4,14,'2018-07-27 11:44:40',0,1,NULL),(14,14,4,14,'2018-07-27 11:57:31',0,1,NULL),(15,15,4,14,'2018-07-27 12:45:06',0,1,NULL),(16,16,5,35,'2018-09-05 14:05:52',0,1,NULL),(17,17,5,35,'2018-09-05 14:05:58',0,1,NULL),(18,18,5,35,'2018-09-05 14:12:50',0,1,NULL),(19,19,6,43,'2018-09-06 17:36:49',0,1,NULL),(20,20,6,43,'2018-09-06 17:36:58',0,1,NULL),(21,21,7,43,'2018-09-06 17:41:44',0,1,NULL),(22,22,7,43,'2018-09-06 17:41:50',0,1,NULL),(23,23,7,43,'2018-09-06 17:41:56',0,1,NULL),(24,24,8,20,'2018-09-12 15:54:10',0,1,NULL),(25,25,8,20,'2018-09-12 15:54:19',0,1,NULL);
/*!40000 ALTER TABLE `admin_event_picture_mapping` ENABLE KEYS */;
UNLOCK TABLES;

--
-- Table structure for table `adminboothevent`
--

DROP TABLE IF EXISTS `adminboothevent`;
/*!40101 SET @saved_cs_client     = @@character_set_client */;
/*!40101 SET character_set_client = utf8 */;
CREATE TABLE `adminboothevent` (
  `e_id` int(10) unsigned NOT NULL AUTO_INCREMENT,
  `event_name` varchar(45) DEFAULT NULL,
  `event_start` date DEFAULT NULL,
  `event_end` date DEFAULT NULL,
  `event_location` varchar(45) DEFAULT NULL,
  `event_host_mailer_id` varchar(255) DEFAULT NULL,
  `created_date` datetime DEFAULT NULL,
  `created_by` int(10) unsigned DEFAULT NULL,
  `updated_date` datetime DEFAULT NULL,
  `updated_by` int(10) unsigned DEFAULT NULL,
  `sponsorName` varchar(45) DEFAULT NULL,
  `createrName` varchar(45) DEFAULT NULL,
  `isDeleted` tinyint(1) unsigned DEFAULT NULL,
  `status` tinyint(1) unsigned DEFAULT NULL,
  `fovTop` varchar(45) DEFAULT NULL,
  `fovBottom` varchar(45) DEFAULT NULL,
  `fovLeft` varchar(45) DEFAULT NULL,
  `fovRight` varchar(45) DEFAULT NULL,
  `greenScreenWidth` varchar(45) DEFAULT NULL,
  `greenScreenDistance` varchar(45) DEFAULT NULL,
  `greenScreenHeight` varchar(45) DEFAULT NULL,
  `greenScreenCountDownDelay` varchar(45) DEFAULT NULL,
  `otherIntractionTimout` varchar(45) DEFAULT NULL,
  `otherCountdownDelay` varchar(45) DEFAULT NULL,
  `eventType` varchar(45) DEFAULT NULL,
  `thankYouScreen` varchar(1000) DEFAULT NULL,
  `cameraTVScreenSaver` varchar(1000) DEFAULT NULL,
  `lookAtTouchScreen` varchar(1000) DEFAULT NULL,
  `waterMarkImage` varchar(2000) DEFAULT NULL,
  `facebook` varchar(250) DEFAULT NULL,
  `twitter` varchar(250) DEFAULT NULL,
  `emailBody` varchar(1000) DEFAULT NULL,
  `preSetThankYouScreen` tinyint(1) unsigned DEFAULT NULL,
  `preCameraTVScreenSaver` tinyint(1) unsigned DEFAULT NULL,
  `preLookAtTouchScreen` tinyint(1) unsigned DEFAULT NULL,
  `preWaterMarkImage` tinyint(1) unsigned DEFAULT NULL,
  `zoomScale` varchar(45) DEFAULT NULL,
  `isSubscribed` tinyint(1) unsigned DEFAULT NULL,
  `eventTimezone` varchar(45) DEFAULT NULL,
  PRIMARY KEY (`e_id`)
) ENGINE=InnoDB AUTO_INCREMENT=9 DEFAULT CHARSET=latin1;
/*!40101 SET character_set_client = @saved_cs_client */;

--
-- Dumping data for table `adminboothevent`
--

LOCK TABLES `adminboothevent` WRITE;
/*!40000 ALTER TABLE `adminboothevent` DISABLE KEYS */;
INSERT INTO `adminboothevent` VALUES (1,'Test Event','2018-05-10',NULL,NULL,'test@gmail.com','2018-05-10 18:44:57',14,'2018-05-10 18:45:27',NULL,'Test',NULL,1,1,'0','0','0','0',NULL,NULL,NULL,NULL,NULL,NULL,'','/iAmuse_images/Admin_Picture/14/1/thank_you.png','/iAmuse_images/Admin_Picture/14/1/screen_saver.png','/iAmuse_images/Admin_Picture/14/1/photo_complete.png','/iAmuse_images/Admin_Picture/14/1/water_mark.png','https://www.facebook.com/iamusebooth/','https://twitter.com/iamusebooth','this is test generated mail',1,0,0,0,'1.00',1,'(GMT -9:00)'),(2,'Test Event','2018-05-10',NULL,NULL,'watsoo@watsoo.com','2018-05-10 18:48:12',14,'2018-07-27 17:03:32',NULL,'Abhinay Pandey',NULL,0,1,'26','6','21','21',NULL,NULL,NULL,NULL,NULL,NULL,'','/iAmuse_images/Admin_Picture/14/2/thank_you.png','/iAmuse_images/Admin_Picture/14/2/screen_saver.png','/iAmuse_images/Admin_Picture/14/2/photo_complete.png','/iAmuse_images/Admin_Picture/14/2/water_mark.png','https://www.facebook.com/iamusebooth/','https://twitter.com/iamusebooth','This is system generated mail',1,0,0,0,'1.00',1,'(GMT -12:00)'),(3,'dsfgds','2018-06-23',NULL,NULL,'sdafhgsa@sakjdf.cxv','2018-06-22 13:40:32',13,'2018-06-22 13:54:41',NULL,'dsafdas fs',NULL,0,1,'0','0','0','0',NULL,NULL,NULL,NULL,NULL,NULL,'','/iAmuse_images/Admin_Picture/13/3/thank_you.png','/iAmuse_images/Admin_Picture/13/3/screen_saver.png','/iAmuse_images/Admin_Picture/13/3/photo_complete.png','/iAmuse_images/Admin_Picture/13/3/water_mark.png','https://www.facebook.com/iamusebooth/','https://twitter.com/iamusebooth','sadfsa',1,0,0,0,'0.75',1,'(GMT -7:00)'),(4,'dsfg','2018-07-27',NULL,NULL,'safddsa@fhgsdf.hffg','2018-07-27 11:01:13',14,'2018-07-27 17:05:32',NULL,'Details',NULL,0,1,'26','6','21','21',NULL,NULL,NULL,NULL,NULL,NULL,'','/iAmuse_images/Admin_Picture/14/4/thank_you.png','/iAmuse_images/Admin_Picture/14/4/screen_saver.png','/iAmuse_images/Admin_Picture/14/4/photo_complete.png','/iAmuse_images/Admin_Picture/14/4/water_mark.png','https://www.facebook.com/iamusebooth/','https://twitter.com/iamusebooth','Please input the text you want to appear in the email sent to each Guest (with their Booth pictures attached)',1,0,0,0,'1.00',1,'(GMT -10:00)'),(5,'test event','2018-09-12',NULL,NULL,'test7@test.com','2018-09-05 14:05:46',35,'2018-09-05 14:13:55',NULL,'test',NULL,0,1,'0','25','0','16',NULL,NULL,NULL,NULL,'','','','/iAmuse_images/Admin_Picture/35/5/thank_you.png','/iAmuse_images/Admin_Picture/35/5/screen_saver.png','/iAmuse_images/Admin_Picture/35/5/photo_complete.png','/iAmuse_images/Admin_Picture/35/5/water_mark.png','https://www.facebook.com/iamusebooth/','https://twitter.com/iamusebooth','tsh dswedweew',1,0,0,0,'1.00',1,'(GMT -6:00)'),(6,'Test Event','2018-09-07',NULL,NULL,'an@yopmail.com','2018-09-06 17:36:29',43,'2018-09-06 17:37:22',NULL,'Test',NULL,0,1,'0','20','0','17',NULL,NULL,NULL,NULL,'','','','/iAmuse_images/Admin_Picture/43/6/thank_you.png','/iAmuse_images/Admin_Picture/43/6/screen_saver.png','/iAmuse_images/Admin_Picture/43/6/photo_complete.png','/iAmuse_images/Admin_Picture/43/6/water_mark.png','https://www.facebook.com/iamusebooth/','https://twitter.com/iamusebooth','tesuimdh',1,0,0,0,'1.00',1,'(GMT -9:30)'),(7,'Raw Event','2018-09-19',NULL,NULL,'raw@yopmail.com','2018-09-06 17:41:37',43,'2018-09-06 17:42:20',NULL,'Raw',NULL,0,1,'0','20','0','17',NULL,NULL,NULL,NULL,'','','','/iAmuse_images/Admin_Picture/43/7/He25OuFhJ_8IBDXj6N76aQ_r_zwzupylz.jpg','/iAmuse_images/Admin_Picture/43/7/iSgGTBMBfJ8813yEi8k0_Q_r_zwzupylz.jpg','/iAmuse_images/Admin_Picture/43/7/fV8SvwZP0TQ1YNfdTGYkJg_r_zwzupylz.jpg','/iAmuse_images/Admin_Picture/43/7/IT-North-Logo_zwzupylz.png','https://www.facebook.com/iamusebooth/','https://twitter.com/iamusebooth','ewded23',0,0,0,0,'1.00',1,'(GMT -8:00)'),(8,'Admin Template','2018-09-12',NULL,NULL,'mike@iamuse.com','2018-09-12 15:53:54',20,'2018-09-12 15:55:57',NULL,'Admin Inc.',NULL,0,1,'0','0','0','0',NULL,NULL,NULL,NULL,NULL,NULL,'default','/iAmuse_images/Admin_Picture/20/8/thank_you.png','/iAmuse_images/Admin_Picture/20/8/screen_saver.png','/iAmuse_images/Admin_Picture/20/8/photo_complete.png','/iAmuse_images/Admin_Picture/20/8/water_mark.png','https://www.facebook.com/iamusebooth/','','',1,0,0,0,'1.00',1,'(GMT 0:00)');
/*!40000 ALTER TABLE `adminboothevent` ENABLE KEYS */;
UNLOCK TABLES;

--
-- Table structure for table `booth_admin_login`
--

DROP TABLE IF EXISTS `booth_admin_login`;
/*!40101 SET @saved_cs_client     = @@character_set_client */;
/*!40101 SET character_set_client = utf8 */;
CREATE TABLE `booth_admin_login` (
  `user_id` int(10) unsigned NOT NULL AUTO_INCREMENT,
  `username` varchar(45) DEFAULT NULL,
  `password` varchar(100) DEFAULT NULL,
  `status` tinyint(4) DEFAULT NULL,
  `email_id` varchar(255) DEFAULT NULL,
  `plan_code` varchar(45) DEFAULT NULL,
  `created_date` datetime DEFAULT NULL,
  `updated_date` datetime DEFAULT NULL,
  `contactNumber` varchar(45) DEFAULT NULL,
  `sub_updated_date` datetime DEFAULT NULL,
  `userRole` varchar(45) DEFAULT NULL,
  `location` varchar(200) DEFAULT NULL,
  `isDeleted` tinyint(1) unsigned DEFAULT NULL,
  `hex_value_default` varchar(45) DEFAULT NULL,
  `rgb_value_default` varchar(45) DEFAULT NULL,
  `rgba_value_default` varchar(45) DEFAULT NULL,
  `current_image_id` int(10) DEFAULT NULL,
  `is_default_rgb` tinyint(1) DEFAULT NULL,
  `hex_value_manual` varchar(45) DEFAULT NULL,
  `rgb_value_manual` varchar(45) DEFAULT NULL,
  `rgba_value_manual` varchar(45) DEFAULT NULL,
  `image` blob,
  `imageFileName` varchar(500) DEFAULT NULL,
  `facebookId` varchar(200) DEFAULT NULL,
  `googleId` varchar(200) DEFAULT NULL,
  `allowGuestEmailToSelf` varchar(500) DEFAULT NULL,
  `allowGuestGetPicBySMS` varchar(500) DEFAULT NULL,
  `SendGuestLinkToEvent` varchar(200) DEFAULT NULL,
  `printEnable` varchar(45) DEFAULT NULL,
  `askGuestToSignUp` varchar(200) DEFAULT NULL,
  `signUpUrl` varchar(45) DEFAULT NULL,
  `requireAcknowledgement` varchar(45) DEFAULT NULL,
  `userType` varchar(45) DEFAULT NULL,
  `isSubscriptionByAdmin` tinyint(1) unsigned DEFAULT NULL,
  `subEndDate` datetime DEFAULT NULL,
  `token` varchar(100) DEFAULT NULL,
  PRIMARY KEY (`user_id`)
) ENGINE=InnoDB AUTO_INCREMENT=45 DEFAULT CHARSET=latin1;
/*!40101 SET character_set_client = @saved_cs_client */;

--
-- Dumping data for table `booth_admin_login`
--

LOCK TABLES `booth_admin_login` WRITE;
/*!40000 ALTER TABLE `booth_admin_login` DISABLE KEYS */;
INSERT INTO `booth_admin_login` VALUES (1,'rapidsoft222','10C056C54A8A455806D5137092AEFD76',1,'rapidsoft222@gmail.com','1','2017-07-03 14:17:15','2017-07-03 15:05:51','34342342343','2018-09-21 00:00:00','boothadmin',NULL,0,'#341561','0,255,0','0,255,0,255',0,0,'#269A3E','38,154,62','38,154,62,255','\\\0JFIF\0\0\0\0\0\0\\0\0	\Z\Z\Z (  \Z%!1\"%)+...\Z383,7(-.+\n\n\n\r-& &--//0-----2----/-/-------------------/------------\0\0,\0\\0\0\0\0\0\0\0\0\0\0\0\0\0\\0>\0\0\0\0!1AQ\"aq2B\#R\br3\CS\\0\0\0\0\0\0\0\0\0\0\0\0\0\\07\0\0\0\0!1AQa\"q\2#\3BbR$\\0\0\0?\0J^^_\\]\\*O\U\n1@ <@$\'n\{\lP_õ1.\0V\\'M:0)w\^\y\l\e6	KaǮ\Ǩ\\L\GFO.\\\$ec\{\Zᅕ\\`\0y\\02kZ|\ZR\\'j_wŻY{\U\\\1t5\ͺ\g\B\L\[\rG4~k]\0d\?<f\\ON# \\W\b\\tޭ[yiV\\\\\9A=A\Y\\u]-\cy\&םs5-\̎@y\0^j\\0+\ǙA\a(\+\MZ\V{m\\K)1\t	[vZGkB~[#\\\w^\qnklFO.\\\2LC|\Ym\k\\"\v~AM\\xum\ro;6pU\Zt\0\\\\Z17E46\ro9:tq4㌷X@פ\d\4\r\\\'>XdӶʯw\c\\rfD@x5\\:s.\\rpy\UC\zؖ@\rU\a\\.\riؒj=W\\Z\ے\:6T\'E\\0\60\\2.>[\S$\h\\e#,\ˡ\\lO/\ǹ_9r5\V\G6\\\	\\\MᰵVz\@f5.G;l<\\I>-&\ܝ~_l\;\\{\6/|\!\n~d:iX^\\ը{՟)c\]<R\rĀ\L\u\Fedǡ\\v+\'ƈΓ@k/p(`\O\3\"a|^]\x\ge\\Q!H\\', \[:&;\X\r:|7;\0+\ZXXNh2:z\Ur<6荎\TǌcoeIL&\"Fm?Pm2\\jȲ7\\lE\3Na7C;\[\\87@:/JI^%\\/dM>\\\OI?\n5\]\BI\\֖;\Z֊f\l>\0E霝\ff.ٜ\0\\5+;n=WUdcP\0K.c\C\0rh\\u\\C\@?H*k,7RDH\n6^ExM\r\]7T&cF)9h6\k3-cvW_Ѥq\\o#\xV4\_k\\\yyG0]S9\O\\\\.\n\0\R\"\2\F\\YsDcu\\f7*=cc\yM\ʺ\jcEϓ\p7\\\3D#Z$gQ\r\\\6\k͸\A\Z\c\OOQZ,=9\\Ԙ/@ׂ[|/\\\y\o\[\.;I@6\\\'mrP\\\%{]\mY-@7RQ\\r5k\\Ê\rp\}\g5]\VP\Xh3\9sRy\Dk\r\\r\-g\ٜ)#1P\0\ץ\\:Nxx<bo\#s:S{8\08u$t*G\Eݮ)Qǝ2D\Wr\"Eq\3\02\ZF\N\\z\t\.N<P\\\4(\0\\0\\2n킯T\M\Ӝ~@)1z\%ҭt\4\}}i\\+vNt\28&y\S°_\M\mj\\\bЯpvڄ5Ps,J\Gb17̟\`:\nm;4\OCg\\=ߍ)o\KJ\ȸ\nk>m\\\\Z:0\ݠ+\>\\\k@LK=\\6w}\2~dRocIwE\@u\VumK;\ZXU\0\!,\r\ \Χim9#PNOmzU#.c|	a	#k\\\\0\8\\"\\\1$8x:\h\g\0sĕ4\\HMc߲\p:\Syo\0q\P\r\o4ۤ\O\,xp4\\E$_;z;f\#$hgH\Lq˙\7|\\\\\\0M!-meN4>\'8xF\\0j\N\0\\|>W]K6b*[\:VLηW찘Av\_x\,ʰ$A\\MN\\"È\.s湙,`\0ŏN\6?jҗT@%w\\\Y\\1\30Y;\	|\\֑\k\/iƆ\\Z7S\J]z\0?tپY|Cfځ\v&gSI9\cC\9	{L\\0#t>\&\^\k`[>f,\:u<9KI6=Y\ZFds\\|((aT\\=\vQ\\Hdu\!H<X}Qn%lDw^..aLau5i\\oxYs-G\ۡ\Z\1e\495\L\\B#K_UMshc\O\]\\F\)\	\ݬl=}\\Ka6I@\co\0\u12wTBfw(-9z0#\0;{͂j\p\0@G\0\\~\0\$\\0y#E.\hF\\\%4\cm\?#&x\ZƄ%^~nO\\\0\Je3YkG\\s\0n\e<\ǲ\yؖ;Zqn𹩧t$6JG\\\\0Sd)`\0y`lf&Sx\lGc\Rr\\w\\LWs\\\\0WI]uwϞۺ\3[;xݡf\nHn\*0v0:\Zf<V׶l\\9q[VF\0oQ\m\pZӲe\	; \k\04mi1,5\0<\\o3Xܟ\ђ\=)Nm RH\E=?SGa\,\Y\\FU,@\L6i7c02FEhw\{OA\xlE\[0\'\=?Zq@\\\3ߨ\޵0yNU7UL}z\r~JiwsT\w:	\ȟioP2UX\c1\5.`K70\\U\\}\r\vCh\o4\\\^\Z㲒\lVJ\\bo.V,\UT7$%LLv\Z,[6;\mNSp\\\0S:\]lq\0\U,c\/H:IoQU\30\0N`/	e-q$[\JxP\ ;\+vSIg$\0a\x\\woƻ}\ZZ\fb:vZ\\3\\WE\\ڝU\5s\~\n@>x\%vA\p\H\]ڣCj\\Nku\[\:\TuP|\\aH\#\\nA\\=(\0H\0:\\Ҥ5ɽ_&;1\4\0O07EK	\b>T	|C`\\l\7\{m\\\|\F\\\G\Z\ww?dbl/d\\7YiFƊQ 0ޯDo\"k	1,P*4$t.>\1\!cx}!ZqU\3r\\'g\r߂ý%7x{$۰TH$\$\@ZXѐ59qk1<\\ϙ\0_T	\]aᵔb..TrDkW\\\\cM\\|/\\VFB,m4H\"\Ak\ȓ^\<g\rk6\zhHivx.v\w\Ii\'Q?\{Hϸ\&!ۖTsR3cc}+d\\A\pMʗ\/epz\\q\m)\u¤\nA\"9\8qnf&7޽4Z\Zq\\;T8/\rd?\ZF\A\%f`z\\\V-e\3\0&;|N֊X\\\H\\B4d20\r3\vL \0X\\\n\\nTp׵Gʻ\0@z/\\e^\\r\\k\r \D\smy8\\)dn\u\\\'JZ\.\<F\_k\mlym.w\'\\" r욓\nV>][\0ӭ-ۗr\9D\r\* \Ò92&\\\\>++`\WR|,s\pnw\n[GR Gm{\\[\9,\@\\a\.\ȣ5\\'\2I\ڼ\\<wK\yY@ʳ\3\O3L[\\QtgaNZZ}}\0ՉD½;篰H\\QL,\f1@\_IAs.R\8 w\*\Ịq49ZVI\\'CP(s\7e=jDt\!M\\Z,{\"\g?).lN];U\z{\\<j5u~Z\\\vk+\\IZ5u]~z4\Sy\'̈\"\N\޷ã\Gϥ <>VWڻj\tFlR.e\2,\)wArj;=]\6\\\la5\n\\0\j4q1,\\\i;\1\-X\nnQu }4VwQ&A\">\\O\r\R\S\'fW\Aڼn-L\0l[dv?T7/\"`.\YvM}\Ts\lh#|xfkTg\(P$\4m\"\d[W|o\H\\+]k\\\\0xV4Q6̕\\\\cw͠\\\ZQPB\d]/]&\0[#\=ZS\v\'S0\\ ʗ\"X$\NN\\\S,!\:\$~Aţ)2:\f\cˬ\͏&\"\V4 %\07$\$\c\\Z\S|\0F\Z\F\\0\ngy\)4إqxj\\'can]]@=4U]\ڈ&\$c|ًw\(_R\0.|+_s6 NV2\\Jǃ4Vky??5d\\?j\x\\\NX!z).+\\\\zn\-6$*\\0\3=\Q5>I\ef6l\0\oy\\\\\\d@FxD(g\SR04Ɲ\\(\\ss8\_\G\7Ӿ>QOU\䥳\_O|~vU\\'&\#aŸRQ\"F\\ZXsa\\r1X\0K11\I4\kd\\')/\\uTdv\uY3F\Hh\0)0\s\\\v\XR@19X>5\4\*\M6\\\Z\\XS0L\0\'\4Q-q$ݫ\+$65n|\,ݢ-p\0\3=\^G\YyD\\Z\0@L\Y\'\Mx7&\,f%\\cAgP\%@$a\Z\\0·\nB\\r\\X!o1\rױ(<`\s\\\V`2\D	\A8Fh:LDrF\~\&G\	Ѵ\{tCK\0c6v\侥\hθ*\Z(\#\ЮQs\\\;\y$ϩMY?\(\f\\#\\m\W\\f]t\}\\t^ %\)i!OsI\\,:sel\@2\\X\\hz\v\\-UL\\\	\iP$0bu\'\R\\Va*[ж4R\F\\{J\.\0\\\z.lbnSur9e@=`\YCuEͷ\\\\F*\0v@Ҫʭ,\lu\5\e\6޼6F戳#v\\6%	 ,\$Ul_XE F\I,r\q.`uR$:i\\n07sM\'\MFH\tB\\0*	\/`\\g$H\'B\;v\'\W2^m黭?\K~\\X2D\*\0\0I\"f\\P\_X\\d-eQ{\\'\\\ \"@=e;w\;hW\iKGS\\N\QN!!w\\Wt\Jō\R\\"P~\VX݈G\?X7\\\\\%\S	\'Ie͉\\cܗB\\uA{ʥ\3NU,h\\\F.b\\'\ޗcv\\E7Bj?\>\Us\ZN7MC<a8\<3^\VDUخ.jun$؟R\ܮ2\/l\\0?.R2\P&OS&\\u\\u\.10˘\4$i\yu>\\A\'\\؎\\\o\?\u\\kF\9cR\f@::k#A+C\D\/TRwHa&\%X#\"\rA4d\\7K`a\0-I\'\ {Ν(axN>yf\>\)T\vD&|UbG)i^#\\l\8\'\\\0\~aڼ̣S#ޡ\`\=\K.h\\r\rvঃ\?*J\\&\2\((XeiH\5\dZYOŲ\r8kL\u\gI\\DO\ެX\C!R9etm;;^f\ftb&H\SЎ\d&Xv/pۖŒY	P	$%$\Gy\\!\dLf؀l>@Q\m޳i,3#\{a \H\\#\@\Ç\Z9a|x\\/\02q\g<\;GìL\*12\\\0\Z\\\\\_4u\v4d	3`VdNB\r`\Z\ѱ\\\*\ܩr>(;3A=#\]\r	\\\.GUf=\0>e^`\[\D]\4\X\\nsK&D\6J\[k]\n\'.u	\T\0\Zɛ\\~$ۓ\ny#].\\\\۪\Gb*\ϳe\0\|\L.c\\\\\Q-{\7\\p\-8W-xWwX**LIc]41TlG^}ʹ=LI(]\\0\=\r \;\\'KX\6k5Ӹ\\k˖`dD\nou\n\2Zb\3\0@\4vD\Vl2\'aH\˖nرj\pn\\ I\>\C\\\9@d\H\\<\$qZ.\0;b{*|B_(\'K\6\{\\o%\\\hlj\\\\rc2\D=&\S\\\f\8>\KM\%\<Lj#\b4nLx8]oJăSi\34h\u\\\\\0XU5\d7?ٖgC\c#J;\\V\l\"\(|OZ~\-\@C,	\"jxq\\˒@_qE5i\wRA\lh\\̙mgSF\n.@v2 +5\uY\7\6J/\\\bR\W	&\'\\0\3}\\Z#֔}+%\fsgn(sF\z${\Z(hp\X	\\\\^.\ʟ\\RK[?\\vOe?ĸi7\\Z	\'@>Gɡ\/gF;o\&\\\n\\mdʠX2\tvNi6,jhh$\|\\J\\\\A\'M4 q\bf˝O	\\D\\"\0b\R>LE\_\\	o+g]>\#Ca&ǒs(\.kB\{H\Ŏa\2\\\U\\&ۥ¶\\\o5ˏݛ\\V\0ؒ]\h\OO&\\ſ\\Ё)3>\\\IQ\zYZ\7**4\0\S.\\\y\\e\8ZCr\eE\\w \rU{\E\ϙ\R˘\\"3\̷SˤNƣ[b9O}Qiӱ?U\\ua\63ḋ~kAn>\\D5F5\\2<TOwG։`1p\0 \0\$\\\\\0\?\rK#]M9\'\\\\_E\Ӭ# [\#Z蘝{W\Zy],WY,oaGG$Ud%G\\u\H[}ς\۸/w\dun\No\{lO2\\  G\|:3\\\ln\E_6wG1\Y\r9\jɾme\9Jx/^%\j&r3\:\\eIG\ok3ܶ5|\F[S\t\\䅰r\@\b\\rw$\층G\\\\먕!E@p;g@ݥ\ꇹu\\H ~\P\0\Rc1(ZԪL\')H,-A+\qk5J\4c-\\d(o>bgzXOrt\\p\N\o|\i\%0\\\\ӾL\\\^)wt\\F\s\K1?lݛN\53Dv֪c\ǒ\n\\\ꗌܽ;.\\\Z	D\1;\\ק\\c\89#\aJGoP\\u0 m?3քI^e3\9\\0d_\\{6\\\vYe D\iF\\\R029\ʹh\\3\P\h?-Giޛ9\\ ס_8/\n\-\\&Fڝ}~U\E\)\\\-:w*rvZ3\rļs\\\0m;OCY\~\gԆPg\0c\n/\X@E\iԌ[c\X]\zPn3{B\)d\H߿~\kX[Iq\\0\6\u1\\1\nRW\\\vGDAҷ\\u\oT\\nQ\!j\\\\\Y I\*{[\A\ZY\\kr\fՀ\\r	\\Y%k?QG\ _/\H\0\ն!z0\\cb/ U=u`Ҝe-ApKJ\\\˩J]컺$q]WLP*(UP\0\0\0@4\0\0qs\\\\d\\BjQ\<B\'\s8\e\\F\\)mkB<p=\\\ŅK\& w\I\A)\\\9z\;-0:S<\\\\ȃW\QX>\rE.\&f \\X\@+]+vL\\\*M)\\\r\$ \$\W8c\\*^\Os@gM\Z@6\^\r\}\0Jd\:#\0S\\a\pῼm\Y{\0䵠3\2Xu\򮙲\-!6\\KR\\\n\C\w6F(rbKF˕*\Z\.=\\Oh\\\W0\f#\P񩥨\nU\8JY\>99\fp2u\ I\0u2\\/Fc\lMP\g\|0\mf\yr\@\Aڵ=C(eHT)5PL\~],\ZK\r7)	\dmWY\Kk)\"}ZUe\CPBf9]\/<?\̶\L\\}\\'P׀qH 88nڱT\\\na^d\ݥ\9ƈ>B,;\Xe\'\Z=,7J⺸#\*T;\od\'\3o1A\\Z:~CY3Ly\\X\\ f3 \4<V5鞵\8C\.l\Xmܸs\А\"c]\Ic\$cE2\܍A6\"B,\e\0ͻvPO_\;Ɨx\F\yR\6\<\(f>!g}\W\\zFL\\-\0b\\\\v\\\\{z}\\ټn\\y=i>c\rd\m{g\!֙hRɝ\}1eC3Qr\ݲK̜1Ml\ \#\wM\0OG9؍sZۿZoA*`\"\r^H W6\\\KHBD}Z#Z\Z(,\+˼\\M\T\4\'\qB<r9K\\9䕴-Ƌ,w\\\J\\L(\0o\ˬ?!Jwz\C(Ϙ\'P?\0h}4\\Z\^\cIlq\]T6\\njCR\\kR	ݗ\+j۬- j{Oι\0\Vk\\\\\0\x\,\v6>cd\_\\ZB\/\":5\\3\\v_T|	_Cmpn\\^5θ	jݧer\1ĕ\0jt\Z\\\[@\3\\2Ӫ!A&L1Bu=|t\\\\d .#\#W\0\'\?f\vM\\\,L\\ƶ\\ɚ@\a%<\n\\\`$\U!FI;\ߖ\Z׀+\\\Z\h\PԷ\\n3\a@$!x\;\\\\y\HU+g~\n\I?SWkM{K:|N\0\D\]\0M\'\emA0c~?V\+\{٧25\)Pʋ7ea\\\\d%\-و\Z$\p~;!,c=\,\QI\ze10f2	El\a[\>.\+,5\()\\Jd3ҧ ۑmY*f݌3Ac\J\/>\\\"j%$\\_7-[0`HԀG@Ȑ\\Ka3\"m;Q;wK\\_w\0/\\\H\r\\\03#\2o\mD\\ɶ\)e\r$G\i\m\'\G54\x\Ƹ\٘ɇ O\SuX#i=7h^\\\6\SX\;S\]4e\c\oQ]\h\\\\1[?pS7.ɓk5\eI^e`k\W\.lh&;\U\.\\^}~;.\Ճ\帄~d=:NC\\+F2?\\"\ǡ&ܝs\%\@U\\"{:!Un;Y\*&Gk\p\\Yf\z\W7xy;<o\^-@b0\]zo,7\\i\\;MY%1\\ݨ*b\s]\<,$\0\$C.I\+/!읥l~6/n;eM}S):	\6\}S\\\}\\Y;ra\?\n2퍈c_>Ӡ\\\UnW\\[hpf?QP:n;ws\\\\Y8\v7;(;ވ0\n\=\%Q>\+AXϺ\#%\;q7xO)\u\:S\\\rAV\x^ʷ$DNSX:W3\\\\\>hl\\\q\\\Z\"\LP\nmO\V	L/oWmvw2&$ݷlt.hă\R̜I`r\\\{ʹ\\oE\\\Uŷ\m>_2\XE5\\\\f\"\;\Q\xc\nR\r\N÷d\\c\\\QӴq*\\i\j\B\tN WU9\\*J&)C\n\\C{\\\m\'\q̫,	C.l\\,.镉\I;\\C64\Fa\V\c\{\U*(\0(\_\,7\:\S;Z\A\\\I\!\"]V&(kä\3\\\v\=k8\F\H\&\8\[\AZ\\\\\/X˖\\V;\n:Ͱw-7o+5\Ro>.\!!sLϓcy\ZA).9tஃ\\gB|\\\6K@ 3B\god.\0z\ZxGL*j1R?\0\oά\;{=y*\\T\"5%[V\\\U`IP\\\e5\tl:6d;#@\a|7\B\Ub\")\V,=A$nd\0NvR7p#Ϛb\'Ϫ[\]k\\\\}:\?\\Ғ\6a\֋sn\z&\"\E\\b俼ձz64,\\L̃L:\\\ʁ@´4\n\0,_\ZBl\Q\x\\0#PWM~Zؐz@>ahA\\w	N+\nVQVH\A5\ͨ\Qo#t\'-\g!˖H`D\\0Dg\&P\˶\0lBffFAo&NOSVl\r\\'\/\@\\\£9\\LR\\\\v[2t\MyS\q;/]AFa\	EB7\6=\Hw\\\d\I\J\"c\\\\;\ʚX\o;3\mу:j1\n)+\qxǓ8\[$3>vU\\0\N\\\!R[<\4\n*\U,\*$\0Ԛ9 +!\\\eqo)\ \ExEgD\;KU\ܯ+xJ u\0?*\\姂ʏk\\l\fH`\'\J\(h-?\ku8~~R#\6\­\;:SmRq\h\y\}>VxF	,ZKIs\'ԙ4\lhh\\\\\ȕ\;ӲW\X\".Dky\9\\t\A\{dX\"rM:\0m\V?\\\0\Ny<F2\\9\ZdY\0\\\h\vm\Ț؉\0\N٧{\+DJ^\B j\Z \\"\\3t`^a1o\5=<Ƹj\zd\hu\\U\z5j-eJ&7?P!K&&\7Py\Ldn\r>\n\sҫ[A\$\\>JvA$x3b,5s&b$:144)23H4\f4\G6\\nZõ\/.D!˯mP㈵m5B\8ba,Ab|\NtȄb4Nɐ=q[%\Ŵ\\ܞ¼\CE\p̎\ğ\17mO\0O\\\0Ҧi$e>9GY\ʴ\>\Z֬x5ˆI| ~1ڛƌ\J\\KeG\7)\Z9g\b3\0\M\G\P\&\$c=\sXs}\0!JC\0\o4\eK5Ѱl湿	\\]\2̈:\a\5\<H\	q݉>-\8\˷\Z\"Z	\'Ꮘ@ZUs@[Y\\\_\Z;cm\lŜHν5$͌W;6^@\\*	vU\щȟ!O\\\\)\r=ǨEhH8\1,\aO\\r<0YZs\L\☬@WmQ?֕\,`\0\'\.ߞ\0c\R\"\.T&W\xГ\\\lwG\y;s(\0HVvoiZ+s7IÇ\\\	m!\IDu\K\F\Ah.r*l>m3\IbL	\hc,fܜ#F\\~\BbH!\D0\~#><r5\W[d\MC\r\<]ƚt6)ĉ\|~\i?̮6\O\Xr\d;\\o321\u\A{6֑šq8%\( \"ǳ\v	+?pJ:%X0\:\*<w\\\Ni\</YKH\4?βen\_\Z&\r\7Q\r(l\+\Y\\?\cDS;!VchLE7<X]74\'\xb ᛅw:,\a ,\\\2ܟդ\o\\\"\Vb\Z\\0a@ \\$-N\Y6\0\\\&\\uCh=hs7SO\\c*.\:y:\۽f\n\\a&\?AHL\ϕ\\\3\W;D\4iN0ص\\Trص]g\\ޡ\\5`\PW\m3)\L\4\Ҩkd+׍|z(.-j\03HJJ@\~\C0|:6\-\nZ\\M\\r\0\)h\\\Tg\u_VK\Iȹ\"r\4N5\P\'ĭֆSA\ַN\X[g@n#P460\Ε\\n\\b\\l\"\\\\՚ƴSB2\ڞ\>:xݶă>Sб\TѰQ2\\yo\\\\x5\ ,)$\"t$\Ut-s\ʘBʣ߾\o\g\nZR@բ\@\в{\Jk\ÏHh\\7\\Z\շ  6o&\{e7V\r\Z\mqs*ѾO\nP\=IL4H!\rٯ_ܨ`[0\0:\MO!ܫ\!Ƭ[\6\Z}\:Q\'pdU\i ֝\\H;Ǉ]\r\C?\\\܇n~\6e\Zf\\\Wc\\0җȁ\\왯n%$K{Q:\Ҡ[+3%5\rs_B\\$	NՒ\\\\\\&\']v\S8\N\0A^\SKT\6z\gJa\y\\A=\"\\\_\'>SpX\4{N\\\\\ުt-UQFS\hhe|/ySCbp\\\1\0\\>\\\X\k]oa\\\%\>Eg]\ILbG̱6NV^\\}\VUU(Te(p9\/\'rm}\b\.\\I1\I9F\\n!c\r)\\sL\ϊp0\?\\Vy\\\U$6	E\\d6\zRLVҷq:ԭ50\\용RZHvF\\\\4ثH\\lR2ܓkP\Z\\Z\[a\rLnN\u\JM\@[\?7\"#^_\\\r\i!Xe\d\NU\EmB\\dYaV\7\М\fb\2\\0\wHJg9\1G?\qd\?\Z{rو\'3	\1\R׭NO_#e\#0yO\\\Gj45\'GK~Kl̩, t\?w:\0%$pQ9G\\S\Lk2vm\\\\gm\5fz\~4\P\\Z\@<$\Ś&6EU\wD`\PO\\3eԀLLzuHR\Ç\t{Z\n\?\t?CU\\:hsv\ఌ\1\~\l)\Z\43<\\b0vC\"\*Z9\a\\\n\leUU_>\zZL`wj\\\/o(\9\0jc\9,Lܞ2H\jAY^\ae\{\ZsKU\\(-e\a734Fo1{*\Ⰿi\'\e-\\0eQBU\0\0\\0\nGH\\%k5*j&\A:\\\Q\s\\(\\\0\X\ø\}?4z\r[ӳ?n~wCc%n\"\\^]Z{lGYzU/+\"\í\5ov3\\XS\_EÄ7u\5\M\>M]e\|\\\ny4?~:7\rF\\x3[r\\$\0zvL\u\0\tNŶ!\rsB٦7m4X$2\rDPYVc8D\Y;Uy*Buɞ\\5b*Rl0XtYw A;Kl(.v\\\\ϕ\\\	q$m6cx\;@\\r\\k}\\\]W\\\.<+_\"{\Ip\yZ$\vA<\Z\c^5Ъ \r=\0ϑ\91Ay\^q\e(]G<,ɝ\|VX\]\n`3B8\\]W)9\=~WtOn\荭\|s\|\VKfˡi[M,|\S4;p7\\\\!<\$\0\\0	ܝU1\14\S\43f?3\S\؛G\r) \nH#IЀ\u\\s\\\=7\ZBZ(;t\Zb\^D\r@\\b\"E\Z\'<9y{lܼʆJΌzN\iFⰺ\\oU(KZw=5\\0ӫ+j,\\XW\0X\\Xg\\#Vjr|\ߤF\m\\ސ\v;,mrLε\f\3|\\=+\zՆ#\aTO`\,q9\\ro%$\\\gX&ee\+	\\P#l_L:=ǚ5\\\re3lA\CA\g_L\ܴر\ʈ\9\*1\2>\zb0=I\\r\U\~\`	r3\#@?zɖ77<,eˁ>]\\WE:\0#\At\9b\\\ ?\R%_M	w\iZ+\S\k\r~)ՐFEl\r.\\\|k\\Փ\\D\rXו\T4r\..#h\ف t:u}\)I@Ԇ3,r)8˕B\OXLB\ywI1\Zӈ$\u\XO\c\0d.8F\\\ݮ\"u,7\R\	:\n\\+FSG\*\0P24:\nMdۇ<{U)f\P\ޡ=\PE\Qs\\\c\^\([,\2\\Oħ\0!Ak\\JԖ	2\%com\[\\46	i\a-fiC7\U@\'܏ZcAG46GS1܁\._\\"q\W\ުM\9l\0,Rɷk+1&w\8?J/V\jۗ\I\0:B\S#\\\2{ܲ\\\(>K;A\0OY\k:\\7<t\hq\mQ\w\\T<\ǟ\riM@-\0	&:ΘȘ\6Y=+2|\~\6q6sղlL#Ђ4_y^\8#]-\	ƣV{6\\9JȘiyy>_EzW`z1CZ\;\M\r=\ԭVto\(Ѕ\(m\ΥLv`G\Ux\(x\Rˏn=\o)U\:\\Z\mҐ\:\[YExl6\Zkx]#m\~bƗj\{2%lF }\0\\V];M/ 	qH\\Jn\\\"Y\!B\\;.F!E\#@.ܸV\\z\Y0@l\\"\Wwت\\MuA\go.\Q\jM%!v	pc\[ ص\\[\7\t.<I)Һ6[\k\\{7{Dm2F\'k:\}\r>\R\I\\\\^V\=\۲\UV\\n>R\v׹Rc\\1\iښ.<\6A)۶m\MlG\԰ }=hP\\5\\\rcH\0 \vOF\`\\\\X\s\0DuQǇs\/<fe(dy]\|\U׶m\̰\ :o\ֽO\!FH	\Z\ޏO\\2VL\n\6jp3\l\$u\"7\Zp~\c\\3\\\\oq\"[w\_NC+\=5>(\]s?c$\\wa:͠\0Z{5\ZYWXT\"4 q3\w*	n+\*֨cBᰖm5hەP	\iM4\r{̬8\\!2\\*{5F$Q12$\~||\px{~IIIz8\+!\\0\"\\0\'<2\x(351\MgL-\t.-\K:\&z\0\Mv`f\B$>\0DUlQ?Qe)\\t==G\Ԡd=\\5S>CU!1\;;d\-Z\\=\0\\A|o%iÉ,ߡ\\\\^0\\@(1;\rwe\Z}ou{^:U9\46\;	\$J:\0M\A\0 {ޛ<.r:/lMH\^fi%HrX\Fѭg\#\&.;\\s<@\n\\\P\f\rd\2\0`#\SAGH\/aݸI\m]\>\ٺwѱ\WWbL\\8?U\\5\X\5K>i[U\0\d\rW\j+P\I\"pk\x\\F;t\\Q-䭬n ,l\\?>4q\e{\Y+{[#50\T\\\CVh\5%\<7\w0\qB\iA\ҙKښ]\\6\éRF\zQE{u4\wdl\m#\\^\\+3#\\\,t u\)x`\ݭ,rCot\\45r^%\M-I\t!\/}Z1<D\ʀI\0jd(\7K@X\Fo\Zw;\\DHR\B&zp.TZ+[fU\q\0N\Z7\\B\\+_Jvl9\Z\\5̞i$\.Gꥫ\\LzWdxl\n\<Us~%\3w\\ZQ4\tK\T\Z;&c)9p&w7o\\rv\\M\R}\0|ʌ|WHЩ\_$\Ң\0\y)nK1dm\\0KQL,e\ה.I)p?l\`y\f\Z2\\9Z]Blmv=\\&pXevGiܞ\\\%^*UeG:\Ra\\Z\ZPw)}\\0\r=?OU0=Թj\\\M,	ֽ߯C@MU\\~L~\Z\\鸤l\	Jf:\豓#\T\W[zmW#\YKu\\w\{\0\nM<z\\3WY3\\"\0wW\rJoq\n(\]\>4#+5i\\\\>2tm1\\I\-wx<{\M$\F\0\\ra\bT*Aܝ}=h\7jZv\\fQ\\\侦Ӎ	\,_֘fP;;b\\\\\'P\>\\H Ab5_,\Zh-z\i_|JQe{\\M\\0\z\\\U/Ԓ}DR2ɪ@\q\x\\oVV\\ٹ^\ZW\rrX5A\n۴\\0@ĈԱ;\\2fpuK\$I\'\N,\nw#\\'\LD\0;+3/cdD}T+1G2~\ZD@1\)X#{d\mu&\N\ǚq\\[,\$3 m\\a(E\\q\\\\"iXw$|\w85UL=0\0q._Gp\\z^Lz>\\\\\?\T-\\c,w \I\ i\ lW\\O\\1CZ!v\ryRPB\0 \:\#b{p\^P\ڡ\\ƨEhF<NG\2\0e\t\xS[+avj\\\-,\\p\B\0\\#\\\x{l\NpX{Vdc΂\Z1\r<\s?8U\o%\\֣@h\0.i,GrM\U@Y\+k&ٸDrOA?#C@\\Na\&M\r@^a\re\Z&PFqN$\3ӤŢ\\7;\m\\.X\0>C@g\jS\"k9[36/\0Fopm\'ΡI?\\0Oޝ[EbjR\qv>k\쬀{\\p\ǸOOQZi*\6\n\Y\Z0\\R?\\7|`18S\M\\W\A1\\\2܌|QGNx?[\#+%Pz<S\~V7\F\\OB\f13\ʅ#\lǇ{rS[8uLB>b\0\H˖\\GG\ {J׵\>:+Sv\t.\Z\E$\k\ĕk(\@$LAMH[&\hbgKYT{^\\EDu\WkCE	^\^^J\YRWx]\˙4\\K\\`ӣv8\\An\>\\\u;?ec/|\}Nkʊ*^ɯ \!G$Oʪd\nU\\A\D\0@\0t\0W\Ku\0\$Z+-ZgUҼk/bo5\szV9@\\0i\\K\+\Xlc cY\\0\z\\n\VO\"\\0vQ?yf^kGk\k\q\\ى\\K\r#\9A\"#yVa\x}\vs\0N\{\0^K\`@#b\'\ZWb\&Y{-8uȽo\Oև(\	\;}\0Ua\VmJ\ê\Mr-q!1\\'.\:\\'}7H\>\0/\\\{-\y}?\8	ܧ+\$~\IǉZ+Ҹk\n^W\rS\ß`*j\;L7ڗ\a{vZ+!-\W\Z\\\\*&H$\~h\jr\ꙑI3{ڪfL]\Krb9Gƀ\[p\N\kh\0\\\0?~.5ԇ$wS\\9\ZA5\'%\V\L\F!)\\\ByG.,\\I9\\C\\2[m\^k\Z\\(\g㧹\Q\\\7Vܯ\\	/Aq\/=O\zA0ȷ\俜e\-\0 ~\|\mU\X^eT\nK2\r/\8?TgW\\^иU\\r\ .r؜\MRLw6\MnM\\r.얎7Z0]Rx;b\Ao=3\4\h3͟_^\8\[\]K$\6\&\'٢kBmWR7T@\`zz)mʒ.݋_^\aC\\VK,Ns\\\\b\^]{L\ᶅ\\UKf#tV\+Y8ו\kkTS\V\ܺn\L\\DK;ux\\ۃ\:-GY\K\\B\\ns=~Ve\J\*\','hjhhn.jpg',NULL,NULL,'2-434ba2d46a3aada8589b5eefb244a61f124af7e5175c1cfc580a3bc734216fa9506365c399584342806615688dcbb6d7','1117589000000160346',NULL,NULL,NULL,NULL,NULL,'Personal',0,'2018-03-27 00:00:00','a060957c-bd76-4993-a441-09fea34f6aa4'),(2,'Rapid111','0BC4F70FFFFE1EFA0B0B6FACBF9A1938',1,'rapidsoft111@gmail.com','1','2017-07-03 14:23:37','2017-09-12 11:43:42','656575685756','2018-09-21 00:00:00','boothadmin',NULL,0,'#341561','0,255,0','0,255,0,255',0,0,'#096E17','9,110,23','9,110,23,255','\\\0JFIF\0\0\0\0\0\0\\0\0	( %\"1!&)+...383.7(-.+\n\n\n\r-%&--/-----------------------------------------------\0\0\\0\0\\0\0\0\0\0\0\0\0\0\0\0\0\0\0\\0I\0		\0\0\0\0!1AQa\"2qB3Rbr#C$4Scs\T\\\\\0\0\0\0\0\0\0\0\0\0\0\0\0\\06\0\0\0\0\0\0\0!1AQ\"2aq3B\R#$4\\\0\0\0?\0\4@@@@@-Y;w\7yU{|r\$)TSb5\\Fs|\\Soq\\_ˎ1	t\╼\?_\\\\8\L=}f8/NґaӴ\\m33J	$\4\/&\\iF\\4W\\n\~\sv\\\\\S\\c\\^{:\%[\/s\n\\2X8˞3n?~\\\6Ri=\T\Cm,j\v\r=28(\qѧM2?	\\Yi\&g\\2\gc\\2\\ʖcY\\ZW=\n\0\n\0\n\0\n\0\n\0\n\0\n\0\n\0\n\0\\]\Z\\0\XEmЪ<\z7r\MSHi\e\/\Zr|\n_y=\\\'/\'J(ǬGò\\'\\\]\2r\K%\\eDR\IE\\nM\\"\'tQ\0LVŝaͼG|\fMnt\^%J+\(\nogJ\?&XV΢f\\-K\\k}6|\o	\=Ц|#/m\\/uR7)\=zmm\n4_O_T\\E\\]\#xWjQ\SOZʖ\Cm\9Ϙ[\S]KK{^\{q?h\2wH\M\̫{C\\W\Ϋ!|/̶Wܴ]!\n\0\n\0\n\0\n\0\n\0\n\0\n\0\n\0*4\\\8\\!xqLQ\"zq\k\\\e\mir\^W\'*wKrgfZ\F0KNOH̤g\\5\%\sXDd\0n0{\"\\mѲbpr\\ <\){By\6\V蒌\dlkWtX8VFC6c\v\\y\[Nr횖5S<+ZLh\d2 9zpO7#>{9~F\H\'\w5hҫ\ \-\ǅ\'c\nw[\\\\K+cM8\CI\ϻ\Yߨ5\\V\y\R]{}w򎸯\$w[\q>G\0\OFj3\\\0\\X\"\0P\0P\0P\0P\0P\0P\0PZL:ec#_a=U\\\\r	\-.ƉY,\n\\&\\\9I\AAi\\^U35\\BV\"芲m\'AR#FJ4M%̛y\\k~ǩ*\\Ìtd³$aedȘTF鐰dH/\\<O:\;E6g\č\1PQ\\[\-tz\CF\\H\ܫ\>x\j:֎93Uud\'ڍ͈<\S\k\Uj\\ru4S};\\cd<#l~+\\8+;~\X\\\\kP\n\0\n\0\n\0\n\0\n\0\n\0\b\(\G9(\yԛ\ZNjr~\r\'ʎqŴ\_{p\7(\>$ƼNCnL\SR<\r\S}M\]*˨\Vɑt\4d\SDфӄ]\\Ԯ\\l\`\~LT1\\`H.\\R2!Tf\`u\\\\d|Sz\X-Af%h\y\ke;w\-\Z3I݌e\qՀ\U/n GP\Z\\0ǣ-\rW#j$HZ\\@ٺn,j9$#D\m^3˅tٗe\(\|\o79*\/}ͬ>y:\F4\t\6\Yҽvnxku\p2zG&J];2(((((ҵ\H\\ S\K\\d=J\LJ?Jc5#:E\rl+B)\*&@\RLѓn&J\Ťt	\9r65w^\>˩,o\.pE\n\0\0\0\\^\]\U\2ħq\\cX\7ЎтE;,;\\Q\\	#I8˱N扞\F6j\~˩*\l\^z\8I\:iV$Bx\R\3\0H\0yU\\\Ւ\-mo\[e.\\ٷƶ|?\'[\a]F̌\\+sRd%-[ن$\\UiF+\2\"\\\U̩\}%>%+\K+ \tX%\\X\"\װ\M&IY0@@@@C\"\;K[Sid\"\\m4d\XcvbY2M\ƼszEEiD3Yg\\"f\\#cq\qpj\+\v\\d0жjy\\*:Y\\~\]\Z/vV\{\\qZ^i\YX\\;0\̪\\\<ݭ­Jkm)\Dr\\t~2Hbs\"ldXy: \;eFJ\+N\*\5\ﺡF;|\EE[ɇFɲ8\jKh\3L\J?JD\#>:~\K顇5̑ew)0P\ۜ\ȋ\Y\\9\\`cFԟ\\0g/*\Y>U\0!\{l	Sj}*Ƃ|vG;C\'\[\\s\\:}5\Y\S2\JьR2\\\`og^\-\r\'\\\JkǃE;]k\\'0Q6FөXݤhIu,I_Њ2\z_tqk\2l\)\0P\0P\0P\0Pk&ѤC\k?s8%\sYcN:vL\\Z\4c\dlj3[F\ݢȣ|Hl\z\\\Ӕ\2Ll3u\>eX/SB1}8\cUh\8Sh\\\h\#0xW\)\K\'|qMh\rdYe! T{\\]\\\҄\ƔӋ44\ج\s\K -aace\\*;j\\ܵI\\T\=\H1\*\j[ty(<\縏NO1B9±\+EO\ɋ_\\lK\1 qpG\\}F$r\^\<\\\]4P\\2Yxo\\\>r\OQ4G\tMbySg6h\b&\aʪfҪ\foE\\\\5xen\O\\'[\̡_K\\Ef\':ҏ\z)jh\ZռOgbc>M\W\\r^\\\\sWcW8@@@@@h\\6\ /A\bI\:>?E\\d\5W=1ڛ#h|f,3O<\\Ug\2\"g8N%{_vdC\\n\xVP\\S8\\I?hv\@-f$G\r\m\=|3*l\\cv+~?([\,\,F\Ȁ\DIr\~mzUL\kH\\U\}Υ:\pk\dc,\\\0\eUG5J\=YE(GHsM,W\\6?8s\^{X^/d\X㑮ka#\\a1s\ }H\=QD]\<n2ԣcA֝b\\Ŷ{eٍ8\w5\:S!\:B3\W\E{\05o\_\'\\\PE\r\Б\pIW\-^)j\/磩\DC)bJˑ\\xy\\T,ԗ4Z:/\\^}%dP\0P\0P\0Pεe\Q^c=\?\\Z\@z`j&XmU٣%8\O\0\\0\l+1\å̛eȎ>5r\\\{\"&`4\</\nYOiV,\\0f\f\+qRJ8V\04\hs\\Z3k6\\"&Quan/\\ZU\\\\\DkL41N\)D\0\*w`98_s-\\\9hw\c\\\0\0=r\'b#˾8\\\\ZSsׁ\"QeP\0\\'f\l\(\\d\\W]8T\\I\7X\\\>ɯW\0NqJ\0f~2R)0Z\\ZhF[j\pAړn\mr6\?3S\\U\\O\>JaѾ+e\0\$g\dpxުe\\\K6TtK\Q\R|Ͳ6Y?\ڏJ6P*W\\\zh.X-)bn\s\'E\\\Z\Q\+\c6\~Ǟjm}K\Z((((\w\\o帇\_#T!@MVFbj4j2Q3Rdj\\4+RW\{\\\s=\`8Xǒӭ\y\~\=\}\VK|\k\Y+h\aį\a=ú	\RA*\1c\\\\VQSP+]Zr\D̒\uَlr\MꝹSI\FHd\&6HWC#VՆ\ר\	k8\S\d|Jq\c:31-\Z,\\e_iZ\e<[\W\[¹Jrȇ9\ڰɚ1!\\cs\A>U_/ӍѾ\cYo^ȡ\8\i\D6\Q.\r\\\cc\1\\;x\pQJ,\\\#)yB{\C\#\uA\\ro~UJ=vdƉGA\\y\k\\\"?c\}\ZB@@@<\T*^H[י\Q\C\'[\\\M45Q5A4j4U\5d\0JX1GMo\\\̭p+5bǡ<wÞV,n\\\0%U>Y4rE\\\&\zd*y\0Il\hr\\=A\\Z0/Xٝ3\+1	S\S\\\Um\83;\\n:\u1()hɡ\nP,d\0\Z)9K]Y45GÚ+R0|9Lϧ*{F\njD\Ķ\wZT\}=sݍK*(((\n=\(\.\Ƃ\\o9\02\0\*+nQ\$Y-DKi	\\.\I3PPW7QK\D\Q\ٚkDc^\wo\U\$M\U\uΤ\9rˣ1,g\O\\Pv\*VHň\nA㓭T\\\/oˣDq\:U=`\գFczQ5\'VZ0H\Zh\Xtm7H6I^__e,ٺ\lem\l2\"\\6@\sz©\[\/r2\Le\XG2.M\`\r䛉y^S+dckk\J+ۮwn\</Y\щzΌV\\\uّ|Cwm~[\rU5q[܇ؤ)b)Cl\\\\KW\o\F0CsfzL~\r\"\vS𺛭u&\eE3Q0<7\|+h\\J(\OIab\EA\_p{(-u.0vL`MY0{@@9\^lf\"W\fN\\Hr\\9W\Y2V{|H^\3ea\\n\\'Z,x\,Ot5g`\}\}T$$\7ak]\\'|\EWv3{.V\0P\Lh:5B\jJQ^A\ݾP\1\/fy\\.\K&>ϧ\\0\\\[Ns[xeQċ\8!^\H\_W:ߓ\\E<@bAN\DV+ChNMS\r$#k@ȣ\T\ǻ\ŨdN=	rtxϫ)a5ͳPY5\0%\5!\\\\g\M΋U\=g\W\{XNχpdTMٲi.d>i\"\6B\mAv+0\Z\;(0Y9\}i>\nc\9fQ}ewc3r\\J3\\k\\vf@F@`@)\\rD\\\0\׀;m\\'{\>{ө[.|\7IɎb;G*{[c5-U!\9e\\)ьyO\\M\'$^k\L\[V.!ñ%\n	nV˘\Vxd\#&\04i4f\\"Sх\\ҽ\"i֞\dPi<?au1ORe\ʼA֭_f\\Z`\qVZ[\\k(\'>+\nۖH\U|4C\+\5>\Z]+߰\\\>c\\Z\TꛃZjqR@@lHC$\\fB:\rZcfBq\0O\9֜=\\Z_WicHed\Xݗcz[\E\\cܭ3^Q̔\\^=I\\Nm\X\ǉ9\_:IP;\1\\-\\\\\\0Ɗ҄\\lC)\\:^21*\0͏ARm%GN\r\cX\=\\0\8ٿ\rM͹s\\\j}\\D\\\#Mٸq\'y˭v˙	[o-ZhV@V\0P\r<epČ*E\)\ٍ\QҺ\ov}}\Yru\\0\0\r/\\2y-\\\\+u*q\z	5=\Z|︴\a>EH#b-\;\0P\Z\\\p~\(*BEcϖ\k?	CH}\\rxo\/\N~aG&\}\0\M\0Mn}khWt2ci$X\H\w(ײm\\-z.m*\KqI\\\Nr7\ԼW\+c#-\n4J\ItJ\Z\c\ѳ1gF6xb%kmZ6D\\2^?\~+\\]~\L\ލK\/CǉPv\mߑ\6k<9%\r e\ԯF~5#\%\\	l\49,\\raɣe[\;b\i-̒O\y\a\+FͪX]\тާ%eϖ6ѽW((	pv\41\9\ϥOKj\qm\E\G0OFE-o}v_W\\bOv\\"\\^M\[:\\\i\]z]vScѧt\!!$1\%\\lB\\X\8\"g\u\\\0**\0@Up\0X\^\n䕐k\n\@E^\gb;\!\(;W\ȍ1\-T\Ǥi8ĝ\\S&\W\Ǹ\Zy<JɾGZxA}G%\ː\W*WJއ\\~&\#\\pAǁ\ը\D~pV+͇ ñH\\OrᾺS#*o=(\J\i\Z\,c\n yxv}b9\׿\ҫH\u6\DU)1\EXq\nDGZ4nZh1v:9_q\\5%\=3I\cqfSb?:\λ\\hG\;!\\\SkŘ\sObZkf0\\Z\\j\eyUS{>\*\F\\\Z1m8\bG§d\05q\S\\\uT\\0PY\\8|x!\\bd[)m\.NQ\Z\@\\w\Z0į\\\\\.XD\ZRLv5r2T\Ɨ`U)\d\A0\ĥbqz}Mǅon]Dƅį\\0\n\NP\0\q\bߵ\)#?̄~_gM\f9\i!I1.\Z=U[c\¥EQ\O(\Wc{\C.\r\Wp\P\n\,r\!\ƥ<\\\e%f)s|*vSKTe\\\&~[{wiWH\<\oJ\\'S[Fƍ\Z=2Ԫ^A\\D$lٺ\\>\Z\·\KDsn!\\\\\^\&\\v*\7\\\g\ZJ8L?9\0QU.Y-أ6\V\Z@\\HY@ʐPIŉʵDɉ\+BDQ\\u{C\\J\M[\-Qw\\>\\,\\\\Rˣ1ߊ0\\\\eL=r~jdD\Oǉ\\\Ra+f\\\\!@@K,mK5Ԏ.X\Ê\"\qϧB;\"U\\.c\]gv\ݎf\kvT|\.Z\!p0\ݳx\Naz\&B\ۣt\48?1f92\^\\\8v{2^2\<N]Әj_(aI6\\B~sso\oثåxe\뱹\GhEf9\0A$\^ּ9\~n4x4\g={$ /ߥ[\\;~\\+hC1qD9\\i\\\0\	?\\'\oGɲEbÉsQ\Q#Uk\\7O}6b;,]!0:\V$\][vk\pkq\q\ʙ[nGGqS\~:\_D.Q\Ъn\Apo(\G\qĳt\R--\%$##VH\Y]=S<Df\'B2\l\nKDn\knJL	j\\6jPѵ\`(	\D7lzW\LB\7g\"\\p_\v;G3\'3a<Ae1+I3\R ͬc@\jqZ:59\\M)0\#\0\^Jtk\W\.}].\Ņ\$\'\Q\r\\\0_C5\/!@\^4\3\nhv)A5!UI\eo\F\H\D\F\+pG0wM{6\\ٵ\a7$abw\04ly\6[`׷ķթH\dW\6}r7\\>ҭ\0(g\ZKXل5\:,z&6TPmGdM-\{\Ǌ\^li\*:TruK\$l+\\ec\~\YDm\ZiL\'ukY\\4S8\E)4=\,\\\"\()-3U&X%u\N\\nK\6)w\@{\\x\Te9\k6\\&Qb\5V&2BRЕ\n\BDan5\n\V@V\0\$\\!nmn=*\v\.\\B\n\ZVㄇs \;~\s6\rt~\*\\Ӳ-x7TVvQsu\"[\h:6k\|㌆\b$\W<M\x\!,\Z\Dv+=aPs>MQWa\2Q\n5旓1\rXf\F?AD\mGe\'	\"\?qс\QZ}W7ٖ&\gVa{2\\\u\\*\\5m$ܶ)0kd\nNұ6Y}d2}̾\^\\0mQ̯I\i0̉Gx|\s/xԚ\غ&=	j]\rX\r[}u(yGbk6\r\\ork\uD\\N]bb?\\0\TO_M@\\A\\'!ڣ\TXKf\"q\"\3;l\zir<FdUY\bZ\\\xcE@x穵{-6\\nLn[\\\\WN3UBΒFќة\\)\J\\3\\\\xT_\ZWW\\=QvMte\2*~Jݗ\\EUxe\Bo}Q<\\3}\0C+C0\\\\nZ¥\G,ݖx]U{i˗ƮW\l;\^y_*.Z\ng%\?[%x\o]\Zx}5\ܧfe\0\0\0\WKWd\Ń3ag|RC\"/!\ZMn-E\i\Z0\@6\zq^&.4\\I$\oS\ѣ\rU\e)GCt\Q q{\5UȒ&+\,\г9MZ74\hѯDw%\ܘ~S^ȭ$:^\`\&CpMT&\Vr4\\[TU\FSfC\Exrqgv2RJH[G\n絧%i,x	0Sp7\Uzl\\C8TTQUTn\n\0\S\Oft6N\r\]qT`G}\rl\^\m\Ȯ\gYdSU\!x\\E\\2\T͇+My7\B(((i\\\n\0\n\0\n\09ִaX\\LeYv\"M.,\Cwsd^ן\QNK:8sMx6#ǟk\`Wo\+\\e(\\r\0WÉ\/1gֲ?4bi\<e\G\9eN\ϔ\\JeRe\Ѹ~& k\\VRn:\\U\唹c$~U3\\_=qVꉺ,uMuJ\8\\8v׬\'\8m=|\9\\\0SZ\[%e\"y	\\tJzÜfvC| \0@7?	_Ǻ.cdzoOK\+e`G\FG9\ZWc\MiTԖ\\\UXџkZzc@qvc\\\"\\mnbr\n3bN\3\)0\bԽ\N6egs1Ʒ\Clb\\백U\\\ɻԗN\\W\n\@@@@@@@ja\,\<jx	\".J_W\rʸ|fI)GI><5\ܜKNV\u\ٕ\r4\Yųt`\Q@Έ$\&QH?G0{\v\mtD9*\\'G\$XP@\\0\IiV\{\"\\w\0\xѯfn<,,3\92`\\r\\ᇝ;\ZWU\2\A1\\޶\\3W\n\"_]\\D\_:2m[\\'s\7\`\g\0ca\8\_h\\{\%V1\h\"\\GƬW\i,\\Xp\%%pK\j;\2kF5tEv?!@@@@@@@@\'tlx\iЂ3f`լ^ѡi\r\\\rҢ\\065\\0YAU\SMʾ\\ә-O!\i$w[ȃo1¸b\/M\O\Zt:\"\cF\0P7@RC=.\,vc\<9\\n\bpˬ\"\qE\\vg%\\n\E\\_,\\z:\q\ʜ\\\j\\@]cl\*CA\0\n\0\n\0\n\0\n\0\n\0\n\0\n\0\n\0\n\0\n\0\n\0\nHh4\a\s޵\IB2\̮mH\8\\'\(	-Q<Z_O^\q\\`醏hnvn:{I\Z\\ZJɾ촚uM\3\Hh(\\\0\"8XM\2\\ra\\[^\2O2wᐠ&\n\0\n\0\n\0\n\0\n\0\n\0\n\0\n\0\n\0\n\0\n\0\n\0\n\0*468\e̷#kl,r\\n,A\"\v|>\@?Å\\\\y\\:&?\','downloadh.jpg',NULL,NULL,NULL,NULL,NULL,NULL,NULL,NULL,NULL,'Personal',0,'2017-08-02 14:23:37','736e7031-e0fb-476f-9330-b540c574d409'),(3,'rapidsoft333','E3909C54AFC5BD4BE3E25EA86D2563AD',1,'rapidsoft333@gmail.com','1','2017-07-03 14:26:29',NULL,NULL,'2018-09-21 00:00:00','boothadmin',NULL,0,'#341561','0,255,0','0,255,0,255',0,1,'#4EDB84','0,255,0','255,255,255,255',NULL,NULL,NULL,NULL,NULL,NULL,NULL,NULL,NULL,NULL,NULL,'Personal',0,'2017-08-02 14:26:29',NULL),(4,'ahed','E3909C54AFC5BD4BE3E25EA86D2563AD',1,'ahedaraya@gmail.com','1','2017-07-03 16:19:18',NULL,NULL,'2018-09-21 00:00:00','boothadmin',NULL,0,'#341561','0,255,0','0,255,0,255',0,1,'#4EDB84','0,255,0','255,255,255,255',NULL,NULL,NULL,NULL,NULL,NULL,NULL,NULL,NULL,NULL,NULL,'Personal',0,'2017-08-02 16:19:18',NULL),(5,'ahed','0BC4F70FFFFE1EFA0B0B6FACBF9A1938',1,'ahedarya@gmail.com','1','2017-07-03 16:24:50','2017-07-03 16:51:30','676666676','2018-09-21 00:00:00','boothadmin',NULL,0,'#341561','0,255,0','0,255,0,255',0,0,'#31BD4B','49,189,75','49,189,75,255','\\\n#Exif\0\0MM\0*\0\0\0\0\0\0\0\0\0\0\0\Z\0\0\0\0\0\0\0n\0\0\0\0\0\0\0v(\0\0\0\0\0\0\01\0\0\0\0c\0\0\0~2\0\0\0\0\0\0\0\\0\0\0\0\0\0\0i\0\0\0\0\0\0\0\0\0T\0\n\0\0\'\0\n\0\0\'Adobe Photoshop CS5 (12.0x20100115 [20100115.m.998 2010/01/15:02:00:00 cutoff; m branch])  Windows\02016:04:28 21:06:08\0\0\0\0\0\0\0\0\0\00221\0\0\0\0\0\0\0\0\0\00100\0\0\0\0\0\0\0\0\0\0\0\0\0p\0\0\0\0\0\0\0\0\0\0\0\0\0\0\0\0\0\0\0\0\0\0\0\0\0\0\0\0\Z\0\0\0\0\0\0\0\0\0\0\0\0(\0\0\0\0\0\0\0\0\0\0\0\0\0\0\0\0\0\0\0i\0\0\0\0\0\0\0H\0\0\0\0\0\0H\0\0\0\\\0Adobe_CM\0\\0Adobe\0d\0\0\0\\0\0			\n\r\r\r\0\0Z\0\"\0\\0\0\n\?\0\0\0\0\0\0\0\0\0\0	\n\0\0\0\0\0\0\0\0\0	\n\03\0!1AQa\"q2B#$Rb34r\C%S\cs5&DTdE£t6\U\e\\u\F\'\\\\\\Vfv\\\7GWgw\\\\05\0!1AQaq\"2B#R\3$b\rCScs4%&5\\DTdEU6te\\\u\F\\\\\\Vfv\\\\'7GWgw\\\0\0\0?\0I%)$IJI$RI$\\0_#gfd:\:\wnu\u\\0	\k\0\\\0\\\\ҮG]h\0ր\0@\\\\\շ2~\`\\7ٷ\\\?s\s=OAn>\d\}a\8W}dX|\>\\\0\0Ѥ\>}atx \.\R_\֢\0Xu\t9\oƵX\zMw>\\,\%)$IJI$RI$\0\I%)$IJI$RI$\\0\F\\}BX\[?\\\w\'sqq>䜫\enckyW[K\w=S\\\\0\GA}=G\\e0c\8έ\3\Zc?\\c\\O\2\'~ii9[\0VG\rĔ\}E\}/}buJm1ᅃseas\\\:N\\XNߏ$vuo\]J;[|~}u\V\\\kvq.sg\0\~\_SbJ~IrS\0\OH\kp\`\"	n3\\r\w\\V\\e\\0~u\)I$JRI$\I%)$IJI$RI$ \Ў\nKg\\\߬y8\u\,\\J\zOm\G\\r\*)csx\r\hk-\\SmYW\\0\\^{z\~C̺웬qs\Q2z\\΢]7:5[Z\e\}\lib\$I2O%%)$IIq2\˧3\/Ǳ\\a\!\w\_Pb\՗NU&j\׀\0\ri}%:\\OC~lRSI$$I)\I%)$IJI$RI$\\\\oĵu/\0.v\~P\ߦ\\0\\\0|IO\+:=yX\\\Z\\\\n\e\l;&\\\\cyj_,\\\\[oG\yܒI)K\\0\fv6G\\v^\2qł\\\\r\z^`\}\\^\\V}\lenrv&;\\S\JL\u>\qSSn`tn\v\\.n}I)I$J\I%)$IJI$RI$\\G׮?x^?\0}\\\\w.g\0mS\[%؝+3)E\X\?`_J}mpo\^I\r`ZJRI$E7d]]1\\s+\\\8\c\\(.\PGgd5${m=\\\zv[ӵ%>\Ѻ\Αӷo%\]\Xֱ\\\u$RI$\0\I%)$IJI$RI$\\0g\\ҝ\\\0U\0.it\\0}\'\U\)]:гv;˲\}U\\r\hߴ9\?\\Ρ(\1ͩ\[M\={˖\0\Z\|\0\\0c\>\]YEv4>\c5\pA湧\5ʿX\nW\\l\\ȶ\\+{}O\0\_G\v?\\\\\\?+\0?X\pK={\\\Z\\\\w\\0w\\\\\7\\0]\\#z]>mv^\{\,o\ל\0\G7m\_\o_K??\׭$I)I$J\\\Photoshop 3.0\08BIM\0\0\0\0\0Z\0%G\0\0#\08BIM%\0\0\0\0\0kthWOjðsi\08e\n#8BIM:\0\0\0\0\0{\0\0\0\0\0\0\0\0\0\0\0printOutput\0\0\0\0\0\0\0ClrSenum\0\0\0\0ClrS\0\0\0\0RGBC\0\0\0\0Inteenum\0\0\0\0Inte\0\0\0\0Clrm\0\0\0\0MpBlbool\0\0\0printerNameTEXT\0\0\0\0\0\08BIM;\0\0\0\0\0\0\0\0\0\0\0\0\0\0\0printOutputOptions\0\0\0\0\0\0\0Cptnbool\0\0\0\0\0Clbrbool\0\0\0\0\0RgsMbool\0\0\0\0\0CrnCbool\0\0\0\0\0CntCbool\0\0\0\0\0Lblsbool\0\0\0\0\0Ngtvbool\0\0\0\0\0EmlDbool\0\0\0\0\0Intrbool\0\0\0\0\0BckgObjc\0\0\0\0\0\0\0\0\0RGBC\0\0\0\0\0\0\0Rd  doub@o\\0\0\0\0\0\0\0\0\0Grn doub@o\\0\0\0\0\0\0\0\0\0Bl  doub@o\\0\0\0\0\0\0\0\0\0BrdTUntF#Rlt\0\0\0\0\0\0\0\0\0\0\0\0Bld UntF#Rlt\0\0\0\0\0\0\0\0\0\0\0\0RsltUntF#Pxl@R\0\0\0\0\0\0\0\0\0\nvectorDatabool\0\0\0\0PgPsenum\0\0\0\0PgPs\0\0\0\0PgPC\0\0\0\0Scl UntF#Prc@Y\0\0\0\0\0\08BIM\\0\0\0\0\0\0H\0\0\0\0\0H\0\0\0\08BIM&\0\0\0\0\0\0\0\0\0\0\0\0\0\0\0?\0\08BIM\0\0\0\0\0\n\0\0\0\08BIM\r\0\0\0\0\0\0\0\08BIM\0\0\0\0\0\0\0\08BIM\0\0\0\0\0	\0\0\0\0\0\0\0\0\08BIM\'\0\0\0\0\0\n\0\0\0\0\0\0\0\08BIM\0\0\0\0\0H\0/ff\0\0lff\0\0\0\0\0\0\0/ff\0\0\0\0\0\0\0\0\02\0\0\0\0Z\0\0\0\0\0\0\0\0\05\0\0\0\0-\0\0\0\0\0\0\0\08BIM\0\0\0\0\0p\0\0\\0\0\0\0\\0\0\0\0\\0\0\0\0\\0\08BIM\0\0\0\0\0\0\08BIM\0\0\0\0\0\0\0\0\0\0\0\0\0\0\0\0\0\0\0\0\0\0\0\0\08BIM0\0\0\0\0\0\n8BIM-\0\0\0\0\0\0\0\0\08BIM\0\0\0\0\0\0\0\0\0\0@\0\0@\0\0\0\0\0	\0\08BIM\0\0\0\0\0\0\0\0\08BIM\Z\0\0\0\0I\0\0\0\0\0\0\0\0\0\0\0\0\0\0\0p\0\0\0\n\0I\0M\0G\0_\0G\0B\0-\00\00\01\0\0\0\0\0\0\0\0\0\0\0\0\0\0\0\0\0\0\0\0\0\0\0\0\0\0\0\0\0\0\0\0p\0\0\0\0\0\0\0\0\0\0\0\0\0\0\0\0\0\0\0\0\0\0\0\0\0\0\0\0\0\0\0\0\0\0\0\0\0\0\0\0\0\0\0\0\0\0null\0\0\0\0\0\0boundsObjc\0\0\0\0\0\0\0\0\0Rct1\0\0\0\0\0\0\0Top long\0\0\0\0\0\0\0\0Leftlong\0\0\0\0\0\0\0\0Btomlong\0\0\0\0\0\0Rghtlong\0\0p\0\0\0slicesVlLs\0\0\0Objc\0\0\0\0\0\0\0\0slice\0\0\0\0\0\0sliceIDlong\0\0\0\0\0\0\0groupIDlong\0\0\0\0\0\0\0originenum\0\0\0ESliceOrigin\0\0\0\rautoGenerated\0\0\0\0Typeenum\0\0\0\nESliceType\0\0\0\0Img \0\0\0boundsObjc\0\0\0\0\0\0\0\0\0Rct1\0\0\0\0\0\0\0Top long\0\0\0\0\0\0\0\0Leftlong\0\0\0\0\0\0\0\0Btomlong\0\0\0\0\0\0Rghtlong\0\0p\0\0\0urlTEXT\0\0\0\0\0\0\0\0\0nullTEXT\0\0\0\0\0\0\0\0\0MsgeTEXT\0\0\0\0\0\0\0\0altTagTEXT\0\0\0\0\0\0\0\0cellTextIsHTMLbool\0\0\0cellTextTEXT\0\0\0\0\0\0\0\0	horzAlignenum\0\0\0ESliceHorzAlign\0\0\0default\0\0\0	vertAlignenum\0\0\0ESliceVertAlign\0\0\0default\0\0\0bgColorTypeenum\0\0\0ESliceBGColorType\0\0\0\0None\0\0\0	topOutsetlong\0\0\0\0\0\0\0\nleftOutsetlong\0\0\0\0\0\0\0bottomOutsetlong\0\0\0\0\0\0\0rightOutsetlong\0\0\0\0\08BIM(\0\0\0\0\0\0\0\0?\0\0\0\0\0\08BIM\0\0\0\0\0\0\0\08BIM\0\0\0\0\0\0\0\0\0\0\0\0\0Z\0\0\\0\0\0\0i\0\0\\\0Adobe_CM\0\\0Adobe\0d\0\0\0\\0\0			\n\r\r\r\0\0Z\0\"\0\\0\0\n\?\0\0\0\0\0\0\0\0\0\0	\n\0\0\0\0\0\0\0\0\0	\n\03\0!1AQa\"q2B#$Rb34r\C%S\cs5&DTdE£t6\U\e\\u\F\'\\\\\\Vfv\\\7GWgw\\\\05\0!1AQaq\"2B#R\3$b\rCScs4%&5\\DTdEU6te\\\u\F\\\\\\Vfv\\\\'7GWgw\\\0\0\0?\0I%)$IJI$RI$\\0_#gfd:\:\wnu\u\\0	\k\0\\\0\\\\ҮG]h\0ր\0@\\\\\շ2~\`\\7ٷ\\\?s\s=OAn>\d\}a\8W}dX|\>\\\0\0Ѥ\>}atx \.\R_\֢\0Xu\t9\oƵX\zMw>\\,\%)$IJI$RI$\0\I%)$IJI$RI$\\0\F\\}BX\[?\\\w\'sqq>䜫\enckyW[K\w=S\\\\0\GA}=G\\e0c\8έ\3\Zc?\\c\\O\2\'~ii9[\0VG\rĔ\}E\}/}buJm1ᅃseas\\\:N\\XNߏ$vuo\]J;[|~}u\V\\\kvq.sg\0\~\_SbJ~IrS\0\OH\kp\`\"	n3\\r\w\\V\\e\\0~u\)I$JRI$\I%)$IJI$RI$ \Ў\nKg\\\߬y8\u\,\\J\zOm\G\\r\*)csx\r\hk-\\SmYW\\0\\^{z\~C̺웬qs\Q2z\\΢]7:5[Z\e\}\lib\$I2O%%)$IIq2\˧3\/Ǳ\\a\!\w\_Pb\՗NU&j\׀\0\ri}%:\\OC~lRSI$$I)\I%)$IJI$RI$\\\\oĵu/\0.v\~P\ߦ\\0\\\0|IO\+:=yX\\\Z\\\\n\e\l;&\\\\cyj_,\\\\[oG\yܒI)K\\0\fv6G\\v^\2qł\\\\r\z^`\}\\^\\V}\lenrv&;\\S\JL\u>\qSSn`tn\v\\.n}I)I$J\I%)$IJI$RI$\\G׮?x^?\0}\\\\w.g\0mS\[%؝+3)E\X\?`_J}mpo\^I\r`ZJRI$E7d]]1\\s+\\\8\c\\(.\PGgd5${m=\\\zv[ӵ%>\Ѻ\Αӷo%\]\Xֱ\\\u$RI$\0\I%)$IJI$RI$\\0g\\ҝ\\\0U\0.it\\0}\'\U\)]:гv;˲\}U\\r\hߴ9\?\\Ρ(\1ͩ\[M\={˖\0\Z\|\0\\0c\>\]YEv4>\c5\pA湧\5ʿX\nW\\l\\ȶ\\+{}O\0\_G\v?\\\\\\?+\0?X\pK={\\\Z\\\\w\\0w\\\\\7\\0]\\#z]>mv^\{\,o\ל\0\G7m\_\o_K??\׭$I)I$J\\08BIM!\0\0\0\0\0U\0\0\0\0\0\0\0A\0d\0o\0b\0e\0 \0P\0h\0o\0t\0o\0s\0h\0o\0p\0\0\0\0A\0d\0o\0b\0e\0 \0P\0h\0o\0t\0o\0s\0h\0o\0p\0 \0C\0S\05\0\0\0\08BIM\0\0\0\0\0\0\0\0\0\Ahttp://ns.adobe.com/xap/1.0/\0<?xpacket begin=\"﻿\" id=\"W5M0MpCehiHzreSzNTczkc9d\"?> <x:xmpmeta xmlns:x=\"adobe:ns:meta/\" x:xmptk=\"Adobe XMP Core 5.0-c060 61.134342, 2010/01/10-18:06:43        \"> <rdf:RDF xmlns:rdf=\"http://www.w3.org/1999/02/22-rdf-syntax-ns#\"> <rdf:Description rdf:about=\"\" xmlns:xmp=\"http://ns.adobe.com/xap/1.0/\" xmlns:dc=\"http://purl.org/dc/elements/1.1/\" xmlns:photoshop=\"http://ns.adobe.com/photoshop/1.0/\" xmlns:xmpMM=\"http://ns.adobe.com/xap/1.0/mm/\" xmlns:stEvt=\"http://ns.adobe.com/xap/1.0/sType/ResourceEvent#\" xmp:ModifyDate=\"2016-04-28T21:06:08-06:00\" xmp:CreatorTool=\"Adobe Photoshop CS5 (12.0x20100115 [20100115.m.998 2010/01/15:02:00:00 cutoff; m branch])  Windows\" xmp:CreateDate=\"2016-04-24T08:44:06-06:00\" xmp:MetadataDate=\"2016-04-28T21:06:08-06:00\" dc:format=\"image/jpeg\" photoshop:ColorMode=\"3\" photoshop:ICCProfile=\"sRGB IEC61966-2.1\" xmpMM:InstanceID=\"xmp.iid:C232343CB30DE61191C8E4ECA8DD2119\" xmpMM:DocumentID=\"xmp.did:C132343CB30DE61191C8E4ECA8DD2119\" xmpMM:OriginalDocumentID=\"xmp.did:C132343CB30DE61191C8E4ECA8DD2119\"> <photoshop:DocumentAncestors> <rdf:Bag> <rdf:li>xmp.did:59F2B820B10DE61191C8E4ECA8DD2119</rdf:li> </rdf:Bag> </photoshop:DocumentAncestors> <xmpMM:History> <rdf:Seq> <rdf:li stEvt:action=\"saved\" stEvt:instanceID=\"xmp.iid:C132343CB30DE61191C8E4ECA8DD2119\" stEvt:when=\"2016-04-28T21:06:08-06:00\" stEvt:softwareAgent=\"Adobe Photoshop CS5 (12.0x20100115 [20100115.m.998 2010/01/15:02:00:00 cutoff; m branch])  Windows\" stEvt:changed=\"/\"/> <rdf:li stEvt:action=\"saved\" stEvt:instanceID=\"xmp.iid:C232343CB30DE61191C8E4ECA8DD2119\" stEvt:when=\"2016-04-28T21:06:08-06:00\" stEvt:softwareAgent=\"Adobe Photoshop CS5 (12.0x20100115 [20100115.m.998 2010/01/15:02:00:00 cutoff; m branch])  Windows\" stEvt:changed=\"/\"/> </rdf:Seq> </xmpMM:History> </rdf:Description> </rdf:RDF> </x:xmpmeta>                                                                                                                                                                                                                                                                                                                                                                                                                                                                                                                                                                                                                                                                                                                                                                                                                                                                                                                                                                                                                                                                                                                                                                                                                                                                                                                                                                                                                                                                                                                                                                                                                                                                                                                                                                                                                                                                                                                                                                                                                                                                                                                                 <?xpacket end=\"w\"?>\XICC_PROFILE\0\0\0HLino\0\0mntrRGB XYZ \\0\0	\0\01\0\0acspMSFT\0\0\0\0IEC sRGB\0\0\0\0\0\0\0\0\0\0\0\0\0\0\\0\0\0\0\0\-HP  \0\0\0\0\0\0\0\0\0\0\0\0\0\0\0\0\0\0\0\0\0\0\0\0\0\0\0\0\0\0\0\0\0\0\0\0\0\0\0\0\0\0\0\0\0\0\0cprt\0\0P\0\0\03desc\0\0\0\0\0lwtpt\0\0\0\0\0bkpt\0\0\0\0\0rXYZ\0\0\0\0\0gXYZ\0\0,\0\0\0bXYZ\0\0@\0\0\0dmnd\0\0T\0\0\0pdmdd\0\0\\0\0\0vued\0\0L\0\0\0view\0\0\\0\0\0$lumi\0\0\0\0\0meas\0\0\0\0\0$tech\0\00\0\0\0rTRC\0\0<\0\0gTRC\0\0<\0\0bTRC\0\0<\0\0text\0\0\0\0Copyright (c) 1998 Hewlett-Packard Company\0\0desc\0\0\0\0\0\0\0sRGB IEC61966-2.1\0\0\0\0\0\0\0\0\0\0\0sRGB IEC61966-2.1\0\0\0\0\0\0\0\0\0\0\0\0\0\0\0\0\0\0\0\0\0\0\0\0\0\0\0\0\0\0\0\0\0\0\0\0\0\0\0\0\0\0\0\0\0\0\0\0\0\0XYZ \0\0\0\0\0\0Q\0\0\0\0\XYZ \0\0\0\0\0\0\0\0\0\0\0\0\0\0\0\0XYZ \0\0\0\0\0\0o\0\08\0\0XYZ \0\0\0\0\0\0b\0\0\0\0\XYZ \0\0\0\0\0\0$\0\0\0\0\desc\0\0\0\0\0\0\0IEC http://www.iec.ch\0\0\0\0\0\0\0\0\0\0\0IEC http://www.iec.ch\0\0\0\0\0\0\0\0\0\0\0\0\0\0\0\0\0\0\0\0\0\0\0\0\0\0\0\0\0\0\0\0\0\0\0\0\0\0\0\0\0\0\0\0\0\0desc\0\0\0\0\0\0\0.IEC 61966-2.1 Default RGB colour space - sRGB\0\0\0\0\0\0\0\0\0\0\0.IEC 61966-2.1 Default RGB colour space - sRGB\0\0\0\0\0\0\0\0\0\0\0\0\0\0\0\0\0\0\0\0\0\0desc\0\0\0\0\0\0\0,Reference Viewing Condition in IEC61966-2.1\0\0\0\0\0\0\0\0\0\0\0,Reference Viewing Condition in IEC61966-2.1\0\0\0\0\0\0\0\0\0\0\0\0\0\0\0\0\0\0\0\0\0\0\0\0\0\0view\0\0\0\0\0\0_.\0\\0\\\0\0\\\0\0\0XYZ \0\0\0\0\0L	V\0P\0\0\0W\meas\0\0\0\0\0\0\0\0\0\0\0\0\0\0\0\0\0\0\0\0\0\0\0\0\0\0\0\0sig \0\0\0\0CRT curv\0\0\0\0\0\0\0\0\0\0\0\n\0\0\0\0\0#\0(\0-\02\07\0;\0@\0E\0J\0O\0T\0Y\0^\0c\0h\0m\0r\0w\0|\0\0\0\0\0\0\0\0\0\0\0\0\0\0\0\\0\\0\\0\\0\\0\\0\\0\\0\0\0\r%+28>ELRY`gnu|\\\\\&/8AKT]gqz\\\\\0!-8COZfr~\\\\ -;HUcq~\\\\r+:IXgw\\\\'7HYj{\\+=Oat\\2FZn\\		%	:	O	d	y				\	\	\n\n\'\n=\nT\nj\n\n\n\n\\n\\n\"9Qi\\*C\\u\\r\r\r&\r@\rZ\rt\r\r\r\\r\\r.Id\\	%A^z\\	&Ca~\1Om\\&Ed\\#Cc\\\'Ij\4Vx\&Il\Ae\@e\ Ek\\Z\Z*\ZQ\Zw\Z\Z\\Z\;c\*R{\Gp\\@j\>i\  A l  \ !!H!u!!\!\"\'\"U\"\"\"\#\n#8#f##\#$$M$|$$\%	%8%h%%\%&\'&W&&&\\'\'I\'z\'\'\(\r(?(q((\))8)k))\**5*h**\++6+i++\,,9,n,,\--A-v--\..L...\/$/Z//\/050l00\11J1112*2c22\3\r3F3334+4e44\55M55\5676r66\7$7`77\88P88\99B999:6:t::\;-;k;;\<\'<e<<\=\"=a==\> >`>>\?!?a??\@#@d@@\A)AjAA\B0BrBBC:C}CDDGDD\EEUEE\F\"FgFFG5G{GHHKHH\IIcIIJ7J}J\KKSKK\L*LrLMMJMM\N%NnNO\0OIOO\P\'PqPQQPQQ\R1R|R\SS_SSTBTT\U(UuU\VV\\VVWDWW\X/X}X\Y\ZYiYZZVZZ[E[[\\\5\\\\\]\']x]\^\Z^l^__a_``W``aOaabIbbcCcc\d@dd\e=ee\f=ff\g=gg\h?hh\iCiijHjjkOkklWlmm`mnnkn\ooxo\p+pp\q:qqrKrss]sttpt\u(uu\v>vvwVwxxnx\y*yy\zFz{{c{\|!||\}A}~~b~\#\G\nk͂0W\Grׇ;iΉ3dʋ0cʍ1fΏ6n֑?z\M _ɖ4\nu\L$h՛BdҞ@iءG&v\Vǥ8\Zn\Rĩ7u\\\ЭD-\0u\`ֲK³8%yh\YѹJº;.!\nzp\g\\_\\\X\\\Q\\\K\\\F\\\Aǿ\=ȼ\:ɹ\8ʷ\6˶\5̵\5͵\6ζ\7ϸ\9к\<Ѿ\?\\D\\\I\\\N\\\U\\\\\\\\d\\\l\\v\ۀ\܊\ݖ\ޢ\)߯\6\\D\\\S\\\c\\\s\\\\r\\\\2\\F\\\[\\\p\\\\\(\\@\\X\r4\P\m8\W\w)K\m\\0Adobe\0d@\0\0\0\\0\0\0p\0\\0\0\\0\0\0\0\0\0\0\0\0\0\0\0\n	\0\0\0\0\0\0\0\0\0\0\0\0\r\0\0!1	A\nQa\"q2BR#3\\br$\'4d%5&f7(h)\0\0\0\0\0!1AQaq\\"2B3\br#RC\S4c\\0\0\0?\0\0\0\0\0\0\0\0\0\0\0\0\0\0\0\0\0\0\0\0\0\0\0\0\0\0\0\0\0\0\0\0\0\0\0\0\0\0\0\0\0\0\0\0\0\0\0\0\0\0\0\0\0m\\+u\[b՝v~=\\\\\-Ӫ\E\3to\[\0-ۺt\\r\M\ߕ\\\g\FYi\kgǲ|.\\\0kOg\ѽ\\\˽\\ܣ\\02\^V\Y孛\N\\\Ʒb\ܚ\j1\\-?\'Oo-m\\r\0\0\0\0\0\0\0\0\0\0\0\0\0\0\0\0\0\0\0\0\0\0\0\0\0\0\0\0\0\0\0\0\0\0\0\0\0\0\0\0\0\0\0\0\0\0\0\0\0\0\0Я\0\0\0\0\0\0\0\0\0\0\0\0\0\0\0\0\0\0\0\0\0\0\0\0\0\0\0\0\0\0\0\0\0\0\0\0\0\0\0\0\0\0\0\0\0\0\0\0\0\0\0\YYyýX\\\w\ku\ڎ}:\\\0\բs\:\u.iy\Zvr+\}jѬj8꺦4զ\SY\\\0\;~:\\\\\ně3{z\]ļI\]\ZN\\C0\e\\߻]G[\˗2S>N\^~Eۗj\]\'1\-\0\0\0\0\0\0\0\0\0\0\0\0\0\0\0\0\0\0\0\0\0\0\0\0\0\0\0\0\0\0\0\0\0\0\0\0\0\0\0\0\0\0\0\0\0\0\0\0\0\0\0\0ѯ\0\0\0\0\0\0\0\0\0\0\0\0\0\0\0\0\0\0\0\0\0\0\0\0\0\0\0\0\0\0\0\0\0\0\0\0\0\0\0\0\0\0\0\0\0\0\0\0\0qrsq\\ff_f\FNVNE\mX\Ǳj\߿~\qMSUULDD̂\Os\\\k{qݍFW6MZ^\\ϋ\\\h]CD\\n\/\\\\KSn/\XBߧ#R\஌M9c\\~ou\\y^\Z\N5@\0\0\0\0\0\0\0\0\0\0\0\0\0\0\0\0\0\0\0\0\0\0\0\0\0\0\0\0\0\0\0\0\0\0\0\0\0\0\0\0\0\0\0\0\0\0\0\0\0\0\0\0\0ү\0\0\0\0\0\0\0\0\0\0\0\0\0\0\0\0\0\0\0\0\0\0\0\0\0\0\0\0\0\0\0\0\0\0\0\0\0\0\0\0\0\0\0\0\0\0\0\0\04/\\n\9gx\G\\\۞\\\\Z\\Ӷ5B\w\Ӷ\rwv-Z^N]r3vyz\7)\\so--Y8hYl\\0\0\0\0\0\0\0\0\0\0\0\0\0\0\0\0\0\0\0\0\0\0\0\0\0\0\0\0\0\0\0\0\0\0\0\0\0\0\0\0\0\0\0\0\0\0\0\0\0\0\0\0\0\0\0ӯ\0\0\0\0\0\0\0\0\0\0\0\0\0\0\0\0\0\0\0\0\0\0\0\0\0\0\0\0\0\0\0\0\0\0\0\0\0\0\0\0\0\0\0\0\0\0\0\0\04S^\Ww^.LZ\;LWk\\+w&\̏TڧuW>>:zl\\W\0\0\0\0\0\0\0\0\0{m}w;p\8\Z^5*y\M4\Y\<p۟6M\Q\>PW\ߊ\`n>^ڶ2\WU-Qb\\X\]\'C\~[meb\\2\\-35zzvǧ\\\w7:-\^\]s-\C6~MݚuLZnMU|\"׬GqwkN\\u\{yZVb\4\Ev/Qr&&&=3>q/Ny\q\:=ˠ\0\0\0\0\0\0\0\0\0\0\0\0\0\0\0\0\0\0\0\0\0\0\0\0\0\0\0\0\0\0\0\0\0\0\0\0\0\0\0\0ԯ\0\0\0\0\0\0\0\0\0\0\0\0\0\0\0\0\0\0\0\0\0\0\0\0\0\0\0\0\0\0\0\0\0\0\0\0\0\0\0\0\0\0\0\0\0\0\0\0\00\"}\ĉ\<Ջ\m6鞝zxF\\> \0\0\0\0\0\0\0\0\0\Z\C\'\omݷ2\\\Ȣͩn\^\\\t\ؽsJ\\OI^\͚\\TY\Ƶw\'&\K\\\\\mmWV2s\U\׿/\v{{k6\uǛTȻ8h\\f\'ih?.\6O#t\\\,ًw(e˵ر6l\?o4Mr\\Z\|\;.~\ޛY˿\\ܻ{3>\uW]]z\1O\vNQ:\\\F\\\\X\#\0\u\0\\\-n\{w,]Wgoe\\\噱\SE5QTUbU\k.2\,5\\>;z\T4L9n\\\\"4\jUzc쪹l\\\W^q)\>\\\\\'lr4l\g*X\̮l٪Q]qhr,ǫƯON>\g|?Lo$xON1罱8siz\}w\׃c&=5\M~v}\w\3\M9\\`\0\0\0\0\0\0\0\0\0\0\0\0\0\0\0\0\0\0\0\0\0\0\0\0\0\0\0\0\0\0\0\0\0\0\0\0\0\0կ\0\0\0\0\0\0\0\0\0\0\0\0\0\0\0\0\0\0\0\0\0\0\0\0\0\0\0\0\0\0\0\0\0\0\0\0\0\0\0\0\0\0\0\0\0\0\0\0\0/\0S9>\)O\\+x\0Y\0\0\0\0\0\0\0\0\ͻ6\\2u}êbi8z]vm\E\UUUU\\C{m\rY\\NpGhԼC\\\}\\jw\Z\\n<\\W^\r\\0Y\/Qf\]˚v\яUl^W	w|=m\Ou\w\\~\\t\\rNΉ\\qjlF>\\{K,\{OAE*\-n\\.df^wӆ\4͚\0\0l_z\F=ۖ/ڪ+v\SE\**=\y_\\ڛ3x\}CS\\r_Q\ɱv\Zmn\Gr|<z\}\}~\\rȩu\V2\r\}v`kz^&u1\\rh\*j\\]~\{p͖Y\\oK\0\0\0\0\0\0\0\0\0\0\0\0\0\0\0\0\0\0\0\0\0\0\0\0\0\0\0\0\0\0\0\0\0\0\0\0\0\0֯\0\0\0\0\0\0\0\0\0\0\0\0\0\0\0\0\0\0\0\0\0\0\0\0\0\0\0\0\0\0\0\0\0\0\0\0\0\0\0\0\0\0\0\0\0\0\0\0\0-rbh^\<\z~v쓗v\Z^[\\r\_)\\K\4\N׬DL嗖\;n\h\0\0\0\0\0\0u\hk\v\X\fa_̿&\6湞\L|>\7-\ٷkU}@\\\.\=ѽMܽ\'xo\rd\\\Uzm_\MS\ۚr-Ub&mQW͛\'\\Y_\\\o)ثd\!\=|g\g\f~/Z\0\0\0\0\0\\˽g/ݱrWDj&*:f&<`\\\\:\l\y6\Z۷srf(3USDc\\y\\k+\\\Ǿ\'k/\MW\r4\11\WX̧*\\\0\0\0\0\0\0\0\0\0\0\0\0\0\0\0\0\0\0\0\0\0\0\0\0\0\0\0\0\0\0\0\0\0\0\0\0\0ׯ\0\0\0\0\0\0\0\0\0\0\0\0\0\0\0\0\0\0\0\0\0\0\0\0\0\0\0\0\0\0\0\0\0\0\0\0\0\0\0\0\0\0\0\0\0\0\0\0\0$ߤ\^G\}>wWw	ܧGͣ6\q>=.mj\0\)\_uը\0\0\0\0\0\0	O\W7\g\[\'rla\_m>9e\\+-fg\Yg\U3L]\\CɌ_\+\\W,{\:jffz\\ό\\֖\0\0\0\0\0\0\ϻ\f\}\znco\x9y5\u\ZEWQ1뉣p\\\\r8\cs_s?^\xN\o`܌\)2آ\f.E4\ͬl**QTOW\0_[ymg\tSJ\;\$\0\0\0\0\0\0\0\0\0\0\0\0\0\0\0\0\0\0\0\0\0\0\0\0\0\0\0\0\0\0\0\0\0\0\0\0\0Я\0\0\0\0\0\0\0\0\0\0\0\0\0\0\0\0\0\0\0\0\0\0\0\0\0\0\0\0\0\0\0\0\0\0\0\0\0\0\0\0\0\0\0\0\0\0\0\0\0 ϥ\"[zFfr\_⦞\\.\"|c\ŉ~\{\0\0\0\0\0\0\0d_Z\\t^\08#u\\U۷V)t=өYƚzS1o2z\t\\6q\'l؇#\0\0\0\0\0\0\0fѿ\\\\9\ϫ&\\\E[\XX:>n\\+U]]Q\ϫ\mٷ\0Վ7\\m\84l\0\0\0\0\0\0\0\0\0\0\0\0\0\0\0\0\0\0\0\0\0\0\0\0\0\0\0\0\0\0\0\0\0\0\0\0\0ѯ\0\0\0\0\0\0\0\0\0\0\0\0\0\0\0\0\0\0\0\0\0\0\0\0\0\0\0\0\0\0\0\0\0\0\0\0\0\0\0\0\0\0\0\0\0\0\0\0\0\0\f=Gs1?\0\\p3~@\0\0\0\0\0\0\n\wF{]\\'@ӳ3\\\\xodcڪ\7\:\\\3f\\e\\\cEʺS7nQO^\\˳<g+Q^۸\0\0\0\0\0\0\0	\}[\*\\\gbn\6d~_\4\\j~\3\0\ؽn\,>\0\0\0\0\0\0\0\0\0\0\0\0\0\0\0\0\0\0\0\0\0\0\0\0\0\0\0\0\0\0\0\0\0\0\0\0\0ү\0\0\0\0\0\0\0\0\0\0\0\0\0\0\0\0\0\0\0\0\0\0\0\0\0\0\0\0\0\0\0\0\0\0\0\0\0\0\0\0\0\0\0\0\0\0\0\0\0\_qa\|n\u,虳9n\:sw\\;OO\^9ݩUM=j\/,Nz\\\0\0\0\0\0\0\0:\k[#>\n@\\r6&c\~kK\\'mkU6stmr͌U\⦪<qcSBw\\\\\2o\\+~\\\\6Vv\\hZɷM^3n\7mϕV뉏5a\sǕ\0\0\0\0\0\0\0\\\ܯp\|\\\ts\&ïY˵\m\\Ik*TZcTط32i|\\l\\\\\g\\ޒ妚[4ղ[>bb&&&&:\ǌLO\b_E\0\0\0\0\0\0\0\0\0\0\0\0\0\0\0\0\0\0\0\0\0\0\0\0\0\0\0\0\0\0\0\0\0\0\0\0ӯ\0\0\0\0\0\0\0\0\0\0\0\0\0\0\0\0\0\0\0\0\0\0\0\0\0\0\0\0\0\0\0\0\0\0\0\0\0\0\0\0\0\0\0\0\0\0\0\0\0c\z\\ըQW븟A>4ngl\\Qr?^i\\\1>19\d\\\n\0\0\0\0\0\0\0^w\\5K\͟\r\wm\Nkٺֳm\Wxߟ\\lg_\\u\\;=2txUjQETQrcτ\kr\\'\\\xuo=P8z\0\0\0\0\0\0\mmǯlɡn\hoj\\ZƉ\qsSOɷf.ڿg\"\3L\\na\\\5\\+g8K\א\,vG\\0\"m\w\\ፉn\\\~\\\ɻL5Ob|z\\\\\\\Z\\^\x~O\lOfZ\\%\\\C\\0\0\0\0\0\0\0\0\0\0\0\0\0\0\0\0\0\0\0\0\0\0\0\0\0\0\0\0\0\0\0\0\0\0\0\0ԯ\0\0\0\0\0\0\0\0\0\0\0\0\0\0\0\0\0\0\0\0\0\0\0\0\0\0\0\0\0\0\0\0\0\0\0\0\0\0\0\0\0\0\0\0\0\0\0\0\0\0h}ս\\=&LƟ\\\vظ\\Λ@\0\0\0\0\0\0\0Eu\\'߾F\\gvx\F\nv\v.ڹ߯C/zjr\<k^\\\ޛ\0[\{Y75\ns\\\Zm6\=8|a3\곏\\q$ת8|Űxy/0u\N\׳q7-zM\m\yE^\w7R\\-\Eڱ\'#\UT\nt\ar\\yr]\\n\0\0\0\0\0\09v\{۔\g[k\[\i\\j\03k7:DǏܜ\e{#\\;se\'⽷ĜgiF>\؛[EMi\4i.<Sn\r4G\#ã6\\s~\;\oeyܯ\Kp\0\0\0\0\0\0\0\0\0\0\0\0\0\0\0\0\0\0\0\0\0\0\0\0\0\0\0\0\0\0\0\0\0\0\0\0կ\0\0\0\0\0\0\0\0\0\0\0\0\0\0\0\0\0\0\0\0\0\0\0\0\0\0\0\0\0\0\0\0\0\0\0\0\0\0\0\0\0\0\0\0\0\0\0\0\0i\\\\?\08\8\\\0\0\0\0\0\0\0\0{\_\n\㍫\\Kiaǽw\iXzWh\]6.l-+sf\9\g/7W\q\\U+1o\cxg]]n\Ow\kc=/u]\E\\\s\\f#?*\\B\\\4t\m\z\l/rqJ\\0\0\0\0\0\0\\\\r\\O}ݬqF\\\\5hع7~EFk\Zα_\c\\\7+\<\\~鵞\<oo\\>/	Ұ\0izn5ES5G_Ƿc\t1I;\\y\v\\~\0\0\0\0\0\0\0\0\0\0\0\0\0\0\0\0\0\0\0\0\0\0\0\0\0\0\0\0\0\0\0\0\0\0\0\0֯\0\0\0\0\0\0\0\0\0\0\0\0\0\0\0\0\0\0\0\0\0\0\0\0\0\0\0\0\0\0\0\0\0\0\0\0\0\0\0\0\0\0\0\0\0\0\0\0\0\/l]j{{z\C\0\|]\ߊi\0\~z\:O\k\ƫ\\=>\Nyy0\-9KE\\\0\0\0\0\0\0\0\v\\\v\̽\ώ`n\r\ݛuc4\ţ\~\\-\\zm|K7cƈNS\,\\Ǜq\N\7\5\-\ۣR\\D\-\\\j<îŌ]/}\}իѴ\\3WfƷ\\ɷvl\\\X\f\\776ӥιٖY\pD\r\0\0\0\0\0\m\\ow\\rj\;\'X\T\\t]+ꚎE\\,<{网vi\-[ykh\\!-o^\4\,\ރ],\c.\\lٽr\\)u\R\^\\0L\Q\5/I\]\O,\\-D\0\0\0\0\0\0\0\0\0\0\0\0\0\0\0\0\0\0\0\0\0\0\0\0\0\0\0\0\0\0\0\0\0\0\0\0\0ׯ\0\0\0\0\0\0\0\0\0\0\0\0\0\0\0\0\0\0\0\0\0\0\0\0\0\0\0\0\0\0\0\0\0\0\0\0\0\0\0\0\0\0\0\0\0\0\0\0\0ʼ\\|\\{\^kx_\\\0捻F\5cu\n\0T\'9N\Ej\0\0\0\0\0\0\0\0T^ۿ\XӰ?5v\\{kx|\Vb[kq\ݱ\0Ӎjsl]\?\Op\wvs\\_\\\rV\\0\0\0\0\0\\Nꍍ\G\\Ӷ9s5zmiۯJɻ3\\\\_9Mqc\:wf\=kV\zfjD\\\1)\T\zE\?g(^\ӵ\0\0\0\0\0\0\0\0\0\0\0\0\0\0\0\0\0\0\0\0\0\0\0\0\0\0\0\0\0\0\0\0\0\0\0\0\0Я\0\0\0\0\0\0\0\0\0\0\0\0\0\0\0\0\0\0\0\0\0\0\0\0\0\0\0\0\0\0\0\0\0\0\0\0\0\0\0\0\0\0\0\0\0\0\0\0\0\4m32\V&LXɵv\'\&<&_\\0\0\0\0\0\0\0\0=\\oگ<v㸭۫O\5\J\۔\Q\\Zet\bEτ\4r\\\|\\\<gǓe\(\\$\\r˼\;N\2\Z\\9\r֡j7n\M5\L\ȋQr\^UQ\\Lyx\<,\\\0\0\0\0\0MɫQ̢f3qrh\'\U\\1?	vki}\\K\0\\<\Z\S4L\|\\\v2\a_ѹ]mʻ0\0\0\0\0\0\0\0\0\0\0\0\0\0\0\0\0\0\0\0\0\0\0\0\0\0\0\0\0\0\0\0\0\0\0\0\0\0ѯ\0\0\0\0\0\0\0\0\0\0\0\0\0\0\0\0\0\0\0\0\0\0\0\0\0\0\0\0\0\0\0\0\0\0\0\0\0\0\0\0\0\0\0\0\0\0\0\0\0g\U5G3/\0\0\0\0\0\0\0\0\0fXGŮ\dw_\\n\pD\\Z,SN&\\v\H˽\E.nz\W=|zG\rs=枞s\}dy!\\0\0\0\0g\'\7؆\\y~\\\e\\<\wcU\\\v>\\p\\/h\00\\\\6s\'yply\v\\8\\K9\5\\\]\\Lﴬm\j315˻II\ĹE7m\\\e\-\ۮ*\ifIn\:^8\'>\2\\AY;RN6ұ\FUSE84jz\b|<%?:\\;tz\vkkbjbj\MT\bi0\ό@\0\0\0\0\0\0\0\0\0\0\0\0\0\0\0\0\0\0\0\0\0\0\0\0\0\0\0\0\0\0\0\0\0\0\0?ү\0\0\0\0\0\0\0\0\0\0\0\0\0\0\0\0\0\0\0\0\0\0\0\0\0\0\0\0\0\0\0\0\0\0\0\0\0\0\0\0\0\0\0\0\0\0\0\0\0\0\o]\;wA\]S^]/]ӫi\ljL\UtLՏLL\\)\)8\9YJ\0\0\0\0\0\0\0\0}\\û\0\?\'}ӷ\\>\'οE3{L\MnOD\\Z٫\O\~a\vY1ܓ\\\\\=_[N\\vV\\?tiZ6\\ΥkNu4\[I˻adٹ\n>U&:\ä\e\X-\0\0\0\0111\H\\^]\-r!\\6\X\f\9\Z&bi\.wQ\nźi\&2\1\\u=;P\հ5\-SO\\\Ա2\\\\gb^#3.\\/\\c_Mv\QTUEt\\\¹߯C\R\/\\7\Z5o\\nU+.bۍr⪿1rw\\TtWfb^}p\sfq\\A\0\0\0\0\0\0\0\0\0\0\0\0\0\0\0\0\0\0\0\0\0\0\0\0\0\0\0\0\0\0\0\0\0\0\0ӯ\0\0\0\0\0\0\0\0\0\0\0\0\0\0\0\0\0\0\0\0\0\0\0\0\0\0\0\0\0\0\0\0\0\0\0\0\0\0\0\0\0\0\0\0\0\0\0\0\0\0\}n~\we\^Z\pݻ_Y\\kr\sTESUud\\X\)\yp\\HWiT\0\0\0\0\0\0\0\0+x~\v\0駎9?MCĊmm]\U0\X),\{\Ut\ї\|nLa,\0N\\\\ãy\z\\0\0\0\0\0\00h\4\o\\{=\\\q\!f\\\kF\\\^V\ݙ5\fլC\"{gQk\"j\K\Ọ\\/?[y\:\cj\Zvc7;6齏~\U[f\jf&%\Re\\Z?c@\0\0\0\0\0\0\0\0\0\0\0\0\0\0\0\0\0\0\0\0\0\0\0\0\0\0\0\0\0\0\0\0\0\0ԯ\0\0\0\0\0\0\0\0\0\0\0\0\0\0\0\0\0\0\0\0\0\0\0\0\0\0\0\0\0\0\0\0\0\0\0\0\0\0\0\0\0\0\0\0\0\0\0\0\0\0\~\\5fdtfW=k\\K\\zu\0\\j\ni\\\0\0\0\0\0\0\0\0Z\\n-\컴X\\\ŵU쌜\&-YjzDC2\c.Y]1ߨ\\\r\\\[Ե_l;_XşNo2k>\\\v\ؙ/2\[~e\Og\\rLg\=\\0\0\0\0\0\0\0\L\\\\LLLLOI\>_Q\\췾ϛpfMMyUȽm\)\\ۻ\"U\\\^\\Dϯ<*Z\\c\Wsjk~}ν8,е\th^\ۚ\x8ڞiYVst\KO̵M\\\,z병~\qU5S3\X\\4{e\0\0\0\0\0\0\0\0\0\0\0\0\0\0\0\0\0\0\0\0\0\0\0\0\0\0\0\0\0\0\0\0\0\0?կ\0\0\0\0\0\0\0\0\0\0\0\0\0\0\0\0\0\0\0\0\0\0\0\0\0\0\0\0\0\0\0\0\0\0\0\0\0\0\0\0\0\0\0\0\0\0\0\0\0\0\^\\ժ|\\q̃\0\0\0\0\0\0\0\0!eX{\\oi\\\\\0U\\ׯ\\t\V\\\\b)۔dc]\\O\J\\n\\r\cϾ\'V35L\T\UU35U3333=ffg\fe\`\0\0\0\0\0\0\0\0~h\\tN\{\5v\f\U\Z/LٻȼQr\4ޣkfg]:\޳DMȪ\G\o,.Y\\\/+,\N\\\{i\\rȻOUű{&Νj{oeܷEwˡ\\GE\+\r\\t<&Uv㦛\0.\0\0\0\0\0\0\0\0\0\0\0\0\0\0\0\0\0\0\0\0\0\0\0\0\0\0\0\0\0\0\0\0֯\0\0\0\0\0\0\0\0\0\0\0\0\0\0\0\0\0\0\0\0\0\0\0\0\0\0\0\0\0\0\0\0\0\0\0\0\0\0\0\0\0\0\0\0\0\0\0\0\0\0\^\z\\\\Ӯ|\{\\\fk^\\mv=*&b}=+\c1\e5zb\\0\0\0\0\0\0\0zs\aٖ\\(nK\1\ʵ\}\.QrUTivǯ;.ib\\T\og:\\y)\\^a\N\̜3g!r\\w6\\s\ܹw/QԲ+ȹEnWrla\\qnͨMT\Ly6I$m[\\M`\0\0\0\0\0\0\0\0\0\vޯs}rf\\\\=׃vʣJ̮懮\SWZŠߛ^z4^T\OZfF{x\I\g+\\\n\'G\\q흽\^\<o<}ݪ\\r\<<Gh_zQNv\ٴ\FJ\ɷ֯M1\\0Ϸ\Ϗ/\>\c\ܑ\\,\~Z\zw͕\\-\}_\'6\=\\\\v\n\D\\L/\r\3Kv^\9\\0\0\0\0\0\0\0\0\0\0\0\0\0\0\0\0\0\0\0\0\0\0\0\0\0\0\0\0\0\0\0ׯ\0\0\0\0\0\0\0\0\0\0\0\0\0\0\0\0\0\0\0\0\0\0\0\0\0\0\0\0\0\0\0\0\0\0\0\0\0\0\0\0\0\0\0\0\0\0\0\0\0\0\\0N⹺=\0\\\7*\\-cn\S]U\[\v:\]sjΉM1zS\\"\"\"\"pK\}n@\0\0\0\0\0\0\0+\{֣\\]mV\6֋{zx[+Qjc+I\hk\\\"\u˧%^D@\0\0\0\0\0\0\0\0\0\0\0fb\\'\\7\/!\\;\7.=\7/׶5\ZVEr]wAU\[êc\\Mg\|u\\	{ueh@\\q,\,\\E?>E?ulb\5^\)\Mi\\\\\\v\\j\l\O5\~S\1\߹kӮ\uW3\\\}&*\zLJ\\+\\e\x\Z;P\0\0\0\0\0\0\0\0\0\0\0\0\0\0\0\0\0\0\0\0\0\0\0\0\0\0\0\0\0Я\0\0\0\0\0\0\0\0\0\0\0\0\0\0\0\0\0\0\0\0\0\0\0\0\0\0\0\0\0\0\0\0\0\0\0\0\0\0\0\0\0\0\0\0\0\0\0\0\0\0LFUY\]]z\\Zg?\\0˃\W9\Q*q\\0\0\0\0\0\0\\sF\\ׂ9oeśsoMO\"\\K\̵j\"n\":\Y9]%ӛd\裇o\\\\\2\f\S\ۓx\ݽ\\\U5mJ<Jfz6\QQM\r\i$e\\\\Z\\0\0\0\0\0\0\0\0\0\0\0\0\0\\sm\N\N\\ś\Kn6\\\"Sj]6\cݧ;\Z+W\Q\0\)SS]b\6߯@\r-V\\\"qtl<_ŧ\\\o=kF\9	\0oN\Mc\y>T\;r\\K\\Whr\ձ\[\6ί\Eհ-]3KεץvoQEt\\n\sNv^e;\0\0\0\0\0\0\0\0\0\0\0\0\0\0\0\0\0\0\0\0\0\0\0\0\0\0\0\0ѯ\0\0\0\0\0\0\0\0\0\0\0\0\0\0\0\0\0\0\0\0\0\0\0\0\0\0\0\0\0\0\0\0\0\0\0\0\0\0\0\0\0\0\0\0\0\0\0\0\0\0K{\\\x=\\0\\\0\0\0\0\0\0\0\\\\\\\+C\+\\\\o]v\=i\Z뢉.W_	\'Ǥ\9I\T፪T\0\0\0\0\0\0\0\0\0\0\0\0\0\0\0\/\{\.J퓘wok׭\\\\\u\\\vͺ\\\i:-ȎmU1=&%azk8ν}m\>>\"\\\\\l^\\rB\̻o\\\}oP]8\d\l\s3j\ɹU3U}ncS335S!:\a\\\~\\6\\tǷu<=gB\1=\'U\\\\\03-S{/\"\U[f\bbz:c\Lʛ4\^٠\0\0\0\0\0\0\0\0\0\0\0\0\0\0\0\0\0\0\0\0\0\0\0\0\0\0ү\0\0\0\0\0\0\0\0\0\0\0\0\0\0\0\0\0\0\0\0\0\0\0\0\0\0\0\0\0\0\0\0\0\0\0\0\0\0\0\0\0\0\0\0\0\0\0\0\0\0o+\ǅ{ogS\>v\\+7\'W\J\\j[\5+\Z\TMUST\\s\=Wv\GY\\l\\\.ܞ\ߌx?}\\mU\WkhCSU\Z\r\Z}#*\Z^E\\\]-Sx\Q3+o\\i:η\c|ղb\v읫j69K7U͑Ț~\\Z\N6\3~\"=K*]}j\\UOYV\Y\\\\d^\}d\Xݫ\0\0\0\0\0V?W\'w%)jQ^\8;.v/U^5[\p\N\\Wˋ\\n\\\\0j\\\\\ߧWF\0\0\0\0\0\0\0\0\0\0\0\0\0\0\0\0\\<&<bc\	-^ִ\}{޳F\\\w&w\ŹT\\0\r5mG*ڮ|tڮU\<mu\\\\\\\{|/_Z\\X!MT\LUL\T\U5S14\L\XvK \0\0\0\0\0\0\0\0\0\0\0\0\0\0\0\0\0\0\0\0\0\0\0\0\0\0?ӯ\0\0\0\0\0\0\0\0\0\0\0\0\0\0\0\0\0\0\0\0\0\0\0\0\0\0\0\0\0\0\0\0\0\0\0\0\0\0\0\0\0\0\0\0\0\0\0\0\0\0&bbbf&\'LxLLyLO\\\\\U\[[k\{3C\\3/f\\\\tw\\]\\\eUEf\r#\\q\|MkmMj\\G\[G\\\'\H\\\\s\:5\?\̻M\ny7nM,\.\\-\\\ZMߗngλ\WI\g\NW\\YgUΩ\0\0\0\0\\n2\BϪ(\\3r\\\\t|J\ST\\N272\S^\_\>g\\їw7\\\I\\:\u\0޵k\\ŹEc\)!\\\gH8=@\0\0\0\0\0\0\0\0\0\0\0\0\0\0\0\0\0Z>\\ZhZ^\b\Zfz\6fv\21roڪo\߷MT\L\\\S\[\\^\\'je\b\w8\~2\\.dQ^ץ\\EoY\0i\t\EW+r)g^x|\ޜ?oJ߻\0\0\0\0\0\0\0\0\0\0\0\0\0\0\0\0\0\0\0\0\0\0\0\0\0\0ԯ\0\0\0\0\0\0\0\0\0\0\0\0\0\0\0\0\0\0\0\0\0\0\0\0\0\0\0\0\0\0\0\0\0\0\0\0\0\0\0\0\0\0\0\0\0\0\0\0\0\0\0\0}o\\\h6\\rM۱vrY8\ZgPȵ]E)>e.6pq;\^\p:~5\\D\\\\[Ḙ<{X&Ug\j\VE?>\\\]\Fݺ\\r*i\[.t@\0\0\0\rZ{\r\\\-\gަNe\'\r6UM3:\ĝݺꋵ\\=:O_>q\vkǷ)\\RT\S5O\333\A\0\0\0\0\0\0\0\0\0\0\0\0\0\0\0\0\0?x$I\{\\\[\\'h\\ժ\\\\\ś\5[\]C\'Ӵ\s]6~n{\UT\nS\<8i9\\\\^s\޵f\F=\/Xj\\7Uۻj\1]\f變bc\b]y\0\0\0\0\0\0\0\0\0\0\0\0\0\0\0\0\0\0\0\0\0\0\0\0\0կ\0\0\0\0\0\0\0\0\0\0\0\0\0\0\0\0\0\0\0\0\0\0\0\0\0\0\0\0\0\0\0\0\0\0\0\0\0\0\0\0\0\0\0\0\0\0\0\0\0\0\0\0,?\\CU퓽{Z\\\\\\G\S\\ed\Fnr\\\-Q]_*\z-\\\\W\\䌦d\\2\\\i\nl\0\0/\W)\\>һkQ3SibڋyZL[\b\Ou\+M|o6Ϊ\0\0\0\0\0\0\0\0\0\0\0\0\0\0\0\0\0\0\\ٙzfN\\\\\ҳr,\U\2,܋\\\\b.ZkLx\Ϟǝ\\w\\w-\ڇ-ቴ\\\Uȹz\\΍{\"vEz+&b[W\\7OGEe\\\\0\0\0\0\0\0\0\0\0\0\0\0\0\0\0\0\0\0\0\0\0\0\0\0\0֯\0\0\0\0\0\0\0\0\0\0\0\0\0\0\0\0\0\0\0\0\0\0\0\0\0\0\0\0\0\0\0\0\0\0\0\0\0\0\0\0\0\0\0\0\0\0\0\0\0\0\0\0\-\wGk\]\\[{\դeZw-\\z&u\D\QUc\?lK,\X\t/I\}\\\>Dɵ]\\[Ct__Y·s\3\]\\,\\5[cr\0\~Hd\0\0!>\h[j\ʩ\9t\yV])wLڕٱ>\\\^q\\:y˗ӻx	\\0\0\0\0\0\0\0\0\0\0\0\0\0\0\0\0\0\0\GY?\}gΘsT@,w,r\_m:}W2zi\AĹv&mi\Z13)n\b\9USM1k˽{2\\\\~u`\0\0\0\0\0\0\0\0\0\0\0\0\0\0\0\0\0\0\0\0\0\0\0\0\0?ׯ\0\0\0\0\0\0\0\0\0\0\0\0\0\0\0\0\0\0\0\0\0\0\0\0\0\0\0\0\0\0\0\0\0\0\0\0\0\0\0\0\0\0\0\0\0\0\0\0\0\0\0\04ꨣP\\Zo\5O\\ {n{+\Z\Z^\N<EՍ,]+f\"w(f<\\\\\\{2+Txt\??Y\\\\L\\\0\@\\Dl>ɶ\U\^\\]jz\\~^D\)wc=W\\0\0\0\0\0\0\0\0\0\0\0\0\0\0\0\0\0\0\0\L\\\\LLLLy\ǌL}	F}%\ٿs3gD\]l\\Us\f泅}+U]4\v\"\\)/\w\ϳ-=\;$\0\0\0\0\0\0\0\0\0\0\0\0\0\0\0\0\0\0\0\0\0\0\0\0\0Я\0\0\0\0\0\0\0\0\0\0\0\0\0\0\0\0\0\0\0\0\0\0\0\0\0\0\0\0\0\0\0\0\0\0\0\0\0\0\0\0\0\0\0\0\0\0\0\0\0\0\0\0\0罹}\\\;gc68kI\ȹm[E5\\\\(껢d;f\"*9\\\\>ߌ\\o+x,\\S\052\;c0U{_ϱct\\\0.3^b\V\X\>lO:Lu\=b\'\ɹ4\Fۢ(DG_\\&:u\y\0\:@g\\0\ \s\}[}\uZ7#\|LSr[Q_OOH\\\D9O\\\0L@Հ\0\0\0\0\0\0\0\0\0\0\0\0\0\0\0\0\0\0\0\w)_\p\ѷ\ѥf\\\\\"\X\s&TW^[\]t\Ԭ~\?*\,\uS]Ll+f\MQ\TLU\\.T\o\\\0\0\0\0\0\0\0\0\0\0\0\0\0\0\0\0\0\0\0\0\0\0\0\0ѯ\0\0\0\0\0\0\0\0\0\0\0\0\0\0\0\0\0\0\0\0\0\0\0\0\0\0\0\0\0\0\0\0\0\0\0\0\0\0\0\0\0\0\0\0\0\0\0\0\0\0\0\0\0\0\\].\\^\\Z\\c:\~hY\\Sr\\n|-WMX}=+\\UMQ>0\%X\lŐ\T?wW;g\~-\+\rs\"lSnܦΑ\\\3\\\\\^!:\9ǵ\\2\\$\s,\\|?/;2ռL\Kdb\ػO̷z\\UUn嫔OX\\\g$?_\gO\0d\}m3\=\޹\0\\bTOu\>\S\\ONd؟^^ޫg\T\Z\0\0\0\0\0\0\0\0\0\0\0\0\0\0\0\0\0\0\0}6\\y?xm]ًU\rv\\ѵ\5Z\v.iZ>u?.\3c\~\Y^\o!\ܳ\/rNg?NޜS7.e\g&֡a^U]7-\uzsٶ\a946\:\0\0\0\0\0\0\0\0\0\0\0\0\0\0\0\0\0\0\0\0\0\0\0\0ү\0\0\0\0\0\0\0\0\0\0\0\0\0\0\0\0\0\0\0\0\0\0\0\0\0\0\0\0\0\0\0\0\0\0\0\0\0\0\0\0\0\0\0\0\0\0\0\0\0\0\0\0\0\0\0l|Kro\\\ǻE\|{ٿbwlݷ4ܷr\qMQ111\	o/P\\\lm\u\f\ҋ\\Z>\"q-w\~*-\zm\W;X\\_Y^]1\\f\\^\M\<p\\\ucgQD\Sn&m׉~^_J\ܦ*&\"\e\؛4yS}iޝW\#S1;?=\U^\\5:it>\\O^1Rd\\0\0\0\0\0\0\0\0\0\0\0\0\0\0\0\0\0\0\0\0\?N\'/U\~νj(\/b\UqUs\\\Ok&\تm\WO(\s\\~7W\\m\\;\0\0\0\0\0\0\0\0\0\0\0\0\0\0\0\0\0\0\0\0\0\0\0\0\0ӯ\0\0\0\0\0\0\0\0\0\0\0\0\0\0\0\0\0\0\0\0\0\0\0\0\0\0\0\0\0\0\0\0\0\0\0\0\0\0\0\0\0\0\0\0\0\0\0\0\0\0ʻr\\ﾾ7_-\\mo.\iSrN\\\~hr\\\ؕ_÷M\cު*U\+3\Ij\0\0\0\0g{x\O^\\\;i\3Jֹv25<\\Z\\\ǜZ2].4}G.\<hz\w(Q駦\\e\g\[^\0\mڵ\tY\M\?a]1j\"f\|߽\\\~*\Ze>>\w.\{\\\\^Z\_5W\L=\}Ѯ\\1\ۚVj~4\X:~5Vsu̪院k\0w_LSri\uՠ\0\0\0\0\0\0\0\0\0\0\0\0\0\0\0\0\0\0\0\0\8\{{u{*p&Yޫ\|\\\bru\]\\n\qnm\-[ҎS=\}ѷIK`\0\0\0\0\0\0\0\0\0\0\0\0\0\0\0\0\0\0\0\0\0\0\0\0ԯ\0\0\0\0\0\0\0\0\0\0\0\0\0\0\0\0\0\0\0\0\0\0\0\0\0\0\0\0\0\0\0\0\0\0\0\0\0\0\0\0\0\0\0\0\0\0\0\0\0\0zp{\:o.\\F\ytwas\\\h\Z\\|m\=I\\iύ_#W\uc&\=gݬSr*f|?tY@\0\0\0\0\0\0\0\0\0\0\0\0\0\0\0\0\0\0\0\0\0\0\0\0\0\0\03~F\uoN\/ܹ\um\j\h\\ܓüU\tۣΈqέT&g\\\5Ӥ\0\0\0\0\0\0\0\0\0\0\0\0\0\0\0\0\0\0\0\0\0\0\0\0կ\0\0\0\0\0\0\0\0\0\0\0\0\0\0\0\0\0\0\0\0\0\0\0\0\0\0\0\0\0\0\0\0\0\0\0\0\0\0\0\0\0\0\0\0\0\0\0\0\0\0\0\0\0\0\0\0\0\0\0\0\0\0\0\0\0\0\0\0\0\0\0\0\0\0\0\0\0\0\0?/sE\{:\ꦫ\l\{\{\G\¦g\0,}\3Y擭\[\rV5\0\0\0\0\0\0\0\0\0\0\0\0\0\0\0\0\0\0\0\0\0\0\0\0?֯\0\0\0\0\0\0\0\0\0\0\0\0\0\0\0\0\0\0\0\0\0\0\0\0\0\0\0\0\0\0\0\0\0\0\0\0\0\0\0\0\0\0\0\0\0\0\0\0\0\0v߻h=\\'+n\/\#\Mv\\Z\{.Ͻ4\\?_#&>\.fF^2\DE\-l\k\\oF\\\ð^\\?m|ƸQ㏻\\`n=ͷU\fnA\Yۇg\\DM6.f[ʈ=V\ٞ6\/:\Z\0\0\0\0\0\0\0\0\0\0\0\0\0\0\0\0\0\0\0\0\0\0\0\0\0\06o3qՋ\yJ.[\kn:ʶ(\\Ze7}=zOʍ\1\\\\gύ\\u\b\%0\0\0\0\0\0\0\0\0\0\0\0\0\0\0\0\0\0\0\0\0\0\0\0\0ׯ\0\0\0\0\0\0\0\0\0\0\0\0\0\0\0\0\0\0\0\0\0\0\0\0\0\0\0\0\0\0\0\0\0\0\0\0\0\0\0\0\0\0\0\0\0\0\0\0\0\0\0D\5\{\\(\tz>\i\i\\MSO\xQ\H_χI^\\8i=\\\/\\_\z\\\\\q\jz\\1u]?*\\u[\eZLU\|\\I\8\!\w\'\\\u\n0\w+T\\\r~\˛/UW[c\9\My\Z%۵L\4U5\s\0&\c\01n\3\K>@Ը߸\*\<u\7q\_\4\\\[v\i\\z)\rKSꦫw\'\|a\\k^f<|\\/\\P\0\0\0\0\0\0\0\0\0\0\0\0\0\0\0\0\0\0\0\0\0\0\0\0\0\'щ\h\鼫|\M\ٟ$\\nj\oiܵڥUtS_O>2ݾ\oZ(\0\0\0\0\0\0\0\0\0\0\0\0\0\0\0\0\0\0\0\0\0\0\0\0Я\0\0\0\0\0\0\0\0\0\0\0\0\0\0\0\0\0\0\0\0\0\0\0\0\0\0\0\0\0\0\0\0\0\0\0\0\0\0\0\0\0\0\0\0\0\0\0\0\0\0NC\py\S2.U:\ٽk\DSNc\{\Z\UU\NTxDS>p\1Ӝէ\X\\V{췶v\\q^\\-Pǻf\\OOǝ[Lr/UɳT\T\Eq=c\M\[UcǤ_sn>P\v׾忟UÛw\vM\\gPz-ߦ*\\5\sXN\p\{/ng\Nc\\yj{\u\\\r.c\\;H\\n\\4\V+n96\\+UT\y*YyW74\0\0\0\0\0\0\0\0\0\0\0\0\0\0\0\0\0\0\0\0\0\0\0\0H\i\k}\xl~@ڜ3&j\zΡ\\\ث\LW\\Go\\Z\Ǉ[\0\0\0\0\0\0\0\0\0\0\0\0\0\0\0\0\0\0\0\0\0\0\0\0?ѯ\0\0\0\0\0\0\0\0\0\0\0\0\0\0\0\0\0\0\0\0\0\0\0\0\0\0\0\0\0\0\0\0\0\0\0\0\0\0\0\0\0\0\0\0\0\0\0\0\0\0\~s??\'Wv\gm0\-f錫/pf]GUb\\,&<):\,׆\\\0\0\\\7|7Q\\\p\\\4gXՍ^csiw*i\ӵ\\ǿnj\y\n2)_&?_\0y+\W\'\[\\#]\x\n\17+\\uh\\\\xQEآ:Yr\sYڹ&\\\r\c\]\\r\le\\\Hs7G\Nf\Zi\NMn\'v\R̦M$k\0\0\0\0\0\0\0\0\0\0\0\0\0\0\0\0\0\0\0\0\0\0?f\A\0\}\	\>f\p2/\QE4\kvkUS1Mv\'\?od\\u<_c^#\"Q~ū\\\rk\1/F7͎6u\0\0\0\0\0\0\0\0\0\0\0\0\0\0\0\0\0\0\0\0\0\0\0\0ү\0\0\0\0\0\0\0\0\0\0\0\0\0\0\0\0\0\0\0\0\0\0\0\0\0\0\0\0\0\0\0\0\0\0\0\0\0\0\0\0\0\0\0\0\0\0\0\0\0\0\~}vq\\'lɈ\ӷ\vmuMswO(iri\L\\O\\\^\\vyob;\0\0\0\{uv\^\\\\p\\\3bx{t\lMӤ]\'M\q\ϱv\_\1&\-\p\4qA/ܛ\\+pr?b{yggY\\]灏\\\\\:Jq_4S\\Q\\jdOk\i2nX\U\ۨ\^]\[^~\6f3&\j_E\U,bn7W\0\0\0\0\0\0\0\0\0\0\0\0\0\0\0\0\0\0\0\0f\\u\\\\\\ڬ\\\|zn\_˪\a\Xj+\>\o\\\\Ƿ\Z/K\ɍ8F%\ock3n\vnS>k/JƻMQWy\f\0L\0\0\0\0\0\0\0\0\0\0\0\0\0\0\0\0\0\0\0\0\0\0\0\0ӯ\0\0\0\0\0\0\0\0\0\0\0\0\0\0\0\0\0\0\0\0\0\0\0\0\0\0\0\0\0\0\0\0\0\0\0\0\0\0\0\0\0\0\0\0\0\0\0\0\0\0\\rZ=\wS\\Gѹkia\WN?k\q\M>7*\0\0\0\0\0B;\\\\]\ݳoعot\`c\J\\~-g\Zݼ.Q_\\|,\\\\f9?\~\`\~5\\\\\\6\\zl\ܻ_u?\,]}_wiL\\nOYw\\o\S<\R@\0\0\0\0\0\0\0\0\0\0\0\0\0\0\0\0\0\0\0\/W\\r\v-\ut\һw讙\\:e\E\\\Z\\j\Mٽ\{\n\\33U\\T\3\\ƨy>\\0N̬h\\\0\0\0\0\0\0\0\0\0\0\0\0\0\0\0\0\0\0\0\0\0\0\0\0?ԯ\0\0\0\0\0\0\0\0\0\0\0\0\0\0\0\0\0\0\0\0\0\0\0\0\0\0\0\0\0\0\0\0\0\0\0\0\0\0\0\0\0\0\0\0\0\0\0\0\0\0\~ɣܣ=?Oc\2c\\py\\1?\\\c\\~\7\\0\0\0\0\0\0 AO\08\rk|O_<-?X(މ\gr.\\0\0\0\0\0\0\0\0\0\0\0\0\0\0\0\0\0\0\0f,xdY\0D\\h=K\hyj\\[F\\=f:\\,Z\֯eYO\\\\ղW\0\0\0\0\0\0\0\0\0\0\0\0\0\0\0\0\0\0\0\0\0\0\0կ\0\0\0\0\0\0\0\0\0\0\0\0\0\0\0\0\0\0\0\0\0\0\0\0\0\0\0\0\0\0\0\0\0\0\0\0\0\0\0\0\0\0\0\0\0\0\0\0\0\0~\\\\v~`SUQr\\\\\DL\\T[U\<}13\\0\\0\0\0\0\0\0!\:\0Lvq\\\\\:K\:~/O~\9x7U0\0\0\0\0\0\0\0\0\0\0\0\0\0\0\0\0\0\0\0\0[M7\\z\v\Qӧ^\\O_7\\Ri\i\L\\\*\\\|#\\\\=|\0\\\\ٞƀ\0\0\0\0\0\0\0\0\0\0\0\0\0\0\0\0\0\0\0\0\0\0\0?֯\0\0\0\0\0\0\0\0\0\0\0\0\0\0\0\0\0\0\0\0\0\0\0\0\0\0\0\0\0\0\0\0\0\0\0\0\0\0\0\0\0\0\0\0\0\0\0\0\0\0~vtwMgO?;H\}\ni\\\\>\\\\\m\;w\ӥ\?槞wLZvCt\0\0\0\0\0\0!\&#lq\7GL)=zGIzÜ\\ފ]\0\0\0\0\0\0\0\0\0\0\0\0\0\0\0\0\0\0\0\0<S?eQ>]|\\/\Ri\1\fD\|wxE1eۊzu.>=^?\\0q?(\#\\0\0\0\0\0\0\0\0\0\0\0\0\0\0\0\0\0\0\0\0\0\0\0\0?ׯ\0\0\0\0\0\0\0\0\0\0\0\0\0\0\0\0\0\0\0\0\0\0\0\0\0\0\0\0\0\0\0\0\0\0\0\0\0\0\0\0\0\0\0\0\0\0\0\0\0\0~}Z;ޓp⹦5 \&bf\"\6x\S\}tEz\Zc\\Zvt\0\0\0\0\0\0\:F\\\z\Zc\\Z^=]z)\\\\b#\9үр\0\0\0\0\0\0\0\0\0\0\0\0\0\0\0\0\0\0\01=&\'잠\\\^\/Nh\<~0\-cP\#u\e\h\jyy\\\\XtQ]\\"&^r\\\mep\-ufq\+q/mm\\\loͻn\\p*鮘]\>S\a\\\\ݖ\\\i\0\0\0\0\0\0\0\0\0\0\0\0\0\0\0\0\0\0\0\0\0\0\0Я\0\0\0\0\0\0\0\0\0\0\0\0\0\0\0\0\0\0\0\0\0\0\0\0\0\0\0\0\0\0\0\0\0\0\0\0\0\0\0\0\0\0\0\0\0\0\0\0\0\0>|\\\\\"\U\\\CcqGmzg\|\'\䜹\\\݅\0\0\0\0\0\0ny\/ezg\"\ruT\\űUQ}])\u\~Oܾ\r\`\0\0\0\0\0\0\0\0\0\0\0\0\0\0\0\0\0\0\0\01T\1U34\\&&bb~ؘ~2B-\;}\\\EvS\6v^n\QW\\6\\4}qbL嵆Ve\mO轊y\\]\'\Kr\YlB\\'ym\Sp\b\8Eܛ\y\WZ(\Νj\sl\n3\-\n\-4<z\\0\0\0\0\0\0\0\0\0\0\0\0\0\0\0\0\0\0\0\0\0\0ѯ\0\0\0\0\0\0\0\0\0\0\0\0\0\0\0\0\0\0\0\0\0\0\0\0\0\0\0\0\0\0\0\0\0\0\0\0\0\0\0\0\0\0\0\0\0\0\0\0\0\0>\g\Sh=\Yb\"f\9t\\E1\3=z~\Z\0\0\0\0\0\0+\\5\Z㓻\=\\\\Fh\?\cR\X\\1\\1\{\=\\DS\0\0\0\0\0\0\0\0\0\0\0\0\0\0\0\0\0\0\0\0\0\0\>л\=\\?\x\w\;)]3\`\[ruST[ɳDQ\\\z].p}=\;ZL\u-\Z\\\r05\Ǜ63\LQ\h\]\Z]T\:\\u\^\4\\2y\/KҖNt\\0\0\0\0\0\0\0\0\0\0\0\0\0\0\0\0\0\0\0\0\0ү\0\0\0\0\0\0\0\0\0\0\0\0\0\0\0\0\0\0\0\0\0\0\0\0\0\0\0\0\0\0\0\0\0\0\0\0\0\0\0\0\0\0\0\0\0\0\0\0\0\0\~-s{\˰|\01Ȼ\CL\1?\-ɛk\\\\\\j\\|\\\\0\\\0\0\0\0\0\0V\0j\\fz7:g^W3n\rߧ\gחBL\0\0\0\0\0\0\0\0\0\0\0\0\0\0\0\0\0\0\0\0\0\0\0\\\{v-\.w-kƫ2\knm21r)\TxO\7,.T\<g&\\]s㊶\'/l-SX\{mi[H\ûM\71,;Y>\fLǜLx[ws\\ŗ]\0\0\0\0\0\0\0\0\0\0\0\0\0\0\0\0\0\0\0\0\0ӯ\0\0\0\0\0\0\0\0\0\0\0\0\0\0\0\0\0\0\0\0\0\0\0\0\0\0\0\0\0\0\0\0\0\0\0\0\0\0\0\0\0\0\0\0\0\0\0\0\0\0\5i\}\)m\\\\f\24*\Q=.өM3zLON\<~\\0\J0\0\0\0\0\0Xևk\\\7&4\\Rs=b\{znK\GYѠ\x#6\Q\0\0\0\0\0\0\0\0\0\0\0\0\0\0\0\0\0\0\0\0\0\0\0f&bbc\bz\\r\{T\wm\\\\\3g.\ֶ}ͷɝ\j\z\Z\,zwec\\n|5-*\\{\Z1.~G+2\\\\:g[J;\=\\\^\\S\z6ػG\\ua\\ɋ6p3-\rmd\dڳE\\޷]z1\`\0\0\0\0\0\0\0\0\0\0\0\0\0\0\0\0\0\0\0\0?ԯ\0\0\0\0\0\0\0\0\0\0\0\0\0\0\0\0\0\0\0\0\0\0\0\0\0\0\0\0\0\0\0\0\0\0\0\0\0\0\0\0\0\0\0\0\0\0\0\0\0\0\=\\}o\T\7;\\|i\kkiS.c>S\{aj,\0\0\0\0\0\0U\\{݇kb\USF\'i\[4Dυ?\|UQLu8\\\z\"~\0\0\0\0\0\0\0\0\0\0\0\0\0\0\0\0\0\0\0\0\0\0\0\0\0G\{\AWn\\k/\\~q\U\\\skY\\&]\\\\\t݉\:Ȍkvv\E\q\q\Z,\0\0\0\0\0\0\0\0\0\0\0\0\0\0\0\0\0\0\0\0\0կ\0g`\0\0\0\0\0\0\0\0\0\0\0\0\0\0\0\0\0\0\0\0\0\0\0\0\0\0\0\0\0\0\0\0\0\0\0\0\0\0\0\0\0\0\0\0\0\0\rL]>\ڷ:|}nfzDE7{\\UuMr\5\V\0\0\0\0\0\n=\oq{\\.\\nComJ\OW/\\\S5Go_=<<}\F=@\0\0\0\0\0\0\0\0\0\0\0\0\0\0\0\0\0\0\0\0\0\0\0\0*+\tܷUT\\k*kf*jbj\1 w\\\=Ž8xr&\\\pvw󾫪\\w.\\\\\[\?#\'/+?W\\q\v-\V:SOKl\\h\0\0\0\0\0\0\0\0\0\0\0\0\0\0\0\0\0\0\0֯\0?`\0\\0\\0\\0A\0\0\0\0\0\0\0\0\0\0\0\0\0\0\0\0\0\0\0\0\0\0\0\0\0\0\0\0\0\0\0\0\0\0\0\0\0\0\0\0\0\0\0\0\ck\檿N\\vnL\1Diϲ	jǦ1=\\\\/:t\0\0\0\0\0\0\}Fҝ\/\ƫo*r岶\5\W\"\\\͏ݷO\1o*\Țc\z\0u\\֒\0\0\0\0\0\0\0\0\0\0\0\0\0\0\0\0\0\0\0\0\0\0\0\0\0J\*\W\\VoZEw8Ǽmofjzl\ܑ\jۓ\rW\\0f\ܽkM՞؛b\3Lg\L/_\`\0\0\0\0\0\0\0\0\0\0\0\0\0\0\0\0\0\0\0?ׯ\0\0\0\0\0\0\0\0\0\0\0\0\0\0\0\0\0\0\0\0\0\0\0\0\0\0\0\0\0\0\0\0\0\0\0\0\0\0\0\0\0\0\0\0\0\0\0\0\0\02v\N\\\·̜cEγ\7\Lz~G_\Ǜ\gvv\}G@\0\0\0\0\0zW.\g]v32WW4Qr\ULǏJb8\>\|߿w;ʵ9\k5E_7N\24Zi=:L\Fa\\κJ\0\0\0\0\0\0\0\0\0\0\0\0\0\0\0\0\0\0\0\0\0\0\0\0\0m\;G\\\~\\=\x\\\*+l\\6&^v}3\ǵ>(\>3\}\\g:\\'h)b\\DD3@\0\0\0\0\0\0\0\0\0\0\0\0\0\0\0\0\0\0Я\0\0\0\0\0\0\0\0\0\0\0\0\0\0\0\0\0\0\0\0\0\0\0\0\0\0\0\0\0\0\0\0\0\0\0\0\0\0\Zg\]>\0\\\\у\\0N\@\0\0\0\0\0\0\0{;:tݵ*kuiۏDΦgTN&\1114;\;`U@\0\0\0\0\0\\w7v\\\2\X\\]u&)M6\~)\T|<~\n]0\XQEV֮nM\\\\{un\rb\əKV\̪ouT\6\0\0\0\0\0\0\0\0\0\0\0\0\0\0\0\0\0\0\0\0\0\0\0\0\0_\\oxEN\\c\vjdW]nm\Ww&k\3\pn8I\;V滀\0\0\0\0\0\0\0\0\0\0\0\0\0\0\0\0\0\0\0ѯ\0\0\0\0\0\0\0\0\0\0\0\0\0\0\0\0\0\0\0\0\0\0\0\0\0\0\0\0\0\0\0\0\0\0\0\0\0\0\Z\\\O\?A,u\xy\Z4\0\0\0\0\0\0\0\0\0KW&\\Wir\*`\0\0\0\0\0\0\&Y\kwU\\0\"\\\"\tJ⸢\\4QcQMS1);j\orZ\ꪹUST\f@\0\0\0\0\0\0\0\0\0\0\0\0\0\0\0\0\0\0\0\0\0\0\0\0\0wM8\\\/t47gI\-\g&fmٌ\-i\\\"b&\\\b\'\қ\OΫ`T\0\0\0\0\0\0\0\0\0\0\0\0\0\0\0\0\0\0\0ү\0\0\0\0\0\0\0\0\0\0\0\0\0\0\0\0\0\0\0\0\0\0\0\0\0\0\0\0\0\0\0\0\0\0\0\0\0\0\0\0\0\0\0\0\0\0\0\0\0\0\0\q6M\|i^\?ٺ߯\5ۚn#||\{yv\=m\@[\0\0\0\0O+k؞\oYh\bmY\Iѫ^cM\Zt\\)V1S\ʪrR@\0\0\0\0\0\0\0\0\0\0\0\0\0\0\0\0\0\0\0\0\0\0\0\0\0_F\f:v\\\\nw7u&\\2\ͻٛ7j\fi99x]W\2lbzWDǂe+\މ)\0\0\0\0\0\0\0\0\0\0\0\0\0\0\0\0\0\0\0ӯ\0\0\0\0\0\0\0\0\0\0\0\0\0\0\0\0\0\0\0\0\0\0\0\0\0\0\0\0\0\0\0\0\0\0\0\0\0\0\0\0\0\0\0\0\0\0\0\0\0\0\0Q\\\Ӵzjη\\'\__Wu.+ڙW\W\\=~\mM6\\`\\\0\0\0\0C\:\c\\0tXM5k<\OʚWr-W3MTMQL\=&#x}9x\cH\0\0\0\0\0\0\0\0\0\0\0\0\0\0\0\0\0\0\0\0\0\0\0\0\0=j[ZҶw7UֵM3OıEW/dffߣͺ)\]Im\ݼWlvwY88\~\=p\\\6q(voo]/`\To|\0O\\mY5\\we;z\\1\N|}|Gr\0\0\0\0\0\0\0\0\0\0\0\0\0\0\0\0\0\0\0ԯ\0\0\0\0\0\0\0\0\0\0\0\0\0\0\0\0\0\0\0\0\0\0\0\0\0\0\0\0\0\0\0\0\0\0\0\0\0\0\0\0\0\0\0\0\0\0\0\0\0\0\0f\N\\U3UZd]gUT\\5N_l,s3?|r\0\0\0\0OuUlҝGU\{rc\oxxuG\+zU\- \0\0\0\0\0\0\0\0\0\0\0\0\0\0\0\0\0\0\0\0\0\0\0\0\0\ӹ]\\n#u<}\'N\5]\\\8q\*3F\0rn\\n\3*b<^\\%\ed\\\\mM4\M4SM4\\LGHi\G.\\0\0\0\0\0\0\0\0\0\0\0\0\0\0\0\0\0\0\0կ\0\0\0\0\0\0\0\0\0\0\0\0\0\0\0\0\0\0\0\0\0\0\0\0\0\0\0\0\0\0\0\0\0\0\0\0\0\0\0\0\0\0\0\0\0\0\0\0\0\0\0~Qܛ\\j\\'gW&g\f\꩙\;\0\0\0\0\0\o\\u\vUc~ju\\fgzu&c\:z}wx4\0\0\0\0\0\0\0\0\0\0\0\0\0\0\0\0\0\0\0\0\0\0\0\0\0m\\vՋT\wo\\պ)\QE\\3UR	\{5\\Nj\OT\6򆓰4\]J\VN\ӧiڵ\F>-xّ]ا\UT\阏2\q\\0\wd%X_LtzDGYӯ\z@\0\0\0\0\0\0\0\0\0\0\0\0\0\0\0\0\0\0\0֯\0\0\0\0\0\0\0\0\0\0\0\0\0\0\0\0\0\0\0\0\0\0\0\0\0\0\0\0\0\0\0\0\0\0\0\0\0\0\0\0\0\0\0\0\0\0\0\0\0\0\0_{+\\>\^ܙN\~\G\^\xQy\S\n\\\gN\0\0\0\0+p\MY\õ~lUF\\\c\\ZbU_	\?X\_\>\nI\H\0\0\0\0\0\0\0\0\0\0\0\0\0\0\0\0\0\0\0\0\0\0\0\0\rD{\\˄\'V\oo\ur\r\Vf\6ucqef\?\ڵ{\Z,Qꘊ\]W\xO\Z.\t\\\r\ZkM\M7\Z\ڵc\n\m[DE4QEq\\\9H=\0\0\0\0\0\0\0\0\0\0\0\0\0\0\0\0\0\0\0ׯ\0\0\0\0\0\0\0\0\0\0\0\0\0\0\0\0\0\0\0\0\0\0\0\0\0\0\0\0\0\0\0\0\0\0\0\0\0\0\0\0\0\0\0\0\0\0\0\0\0\0\00=Z\~\߹W\\^׬OH\yh1O#M\4\\0v^\7.\0\0\0\0|}d\\Y\\<sMʪG\\ZzD[7V\+\ׯ[(Ǟ~-\[\0\0\0\0\0\0\0\0\0\0\0\0\0\0\0\0\0\0\0\0\0\0\0\0T\UuSE13UUE4\x\\Tfd}}\'~\v{^\U\\\\\4\8ۘ\c\\6ƻ]kwn\-\\2/zzG˦g\\n\\\ӏ	\ֵ/\f\0\0\0\0\0\0\0\0\0\0\0\0\0\0\0\0\0\0\0\\\\\@\0_@\lϏ\Ϡ?Я\0\0\0\0\0\0\0\0\0\0\0\0\0\0\0\0\0\0\0\0\0\0\0\0\0\0\0\0\0\0\0\0\0\0\0\0\0\0\0\0\0\0\0\0\0\0\0\0\0\0\0}3Өv336\3\xi}\6LuU\M8:|<G\'!\0\0\0\0\\\T\v˧\\\Uc6V\\3\f̩\\f\Ή\^_\\\0\0\0\0\0\0\0\0\0\0\0\0\0\0\0\0\0\0\0\0\0\0\0\0\Gh\{pO\W{x隆\j\\F\\2m\kw\U\iD\Y\֨-\\y\\~Sƶ.㍋q\ڛk\^/B\qm[gLõb\\\SZڭ|cV>\`\0\0\0\0\0\0\0\0\0\0\0\0\0\0\0\0\0c?\?u\0\ )\>sӧN:x|bAkL\\\\\\x?ѯ\0\0\0\0\0\0\0\0\0\0\0\0\0\0\0\0\0\0\0\0\0\0\0\0\0\0\0\0\0\0\0\0\0\0\0\0\0\0\0\0\0\0\0\0\0\0\0\0\0\0\0\0}.&\WcU\\\rvfg\\w\0fE4@7\0\0\0\0\0\p\j\\{\h\z\\G,\X=31~\m7\ܺx#\0\0\0\0\0\0\0\0\0\0\0\0\0\0\0\0\0\0\0\0\0\0\0\0,K6\xו;\\7]\\9\\v:N.\E\ɪ\\r\̻EuC\\~\\\'\~\\'Z\0\0\0\0\0\0\0\0\0\0\0\0\0\0\0\0\0\0o\\>\00<\0O\\~=^<:\I^}\U=|\\j\׬Sׯ\\\0?ү\0\0\0\0\0\0\0\0\0\0\0\0\0\0\0\0\0\0\0\0\0\0\0\0\0\0\0\0\0\0\0\0\0\0\0\0\0\0\0\0\0\0\0\0\0\0\0\0\0\0\0\(\d~\4\0W_\}\V\~\s\ noLu\?\]|&\\\"16\{ؑ\0\0\0\0S7\0\xݞ\\j4\\ҩ?\4JE5ۘ\s\5\\\ͦF\0\0\0\0\0\0\0\0\0\0\0\0\0\0\0\0\0\0\0\0\0\0\0\>qәɜm\\js\hѡmgho\r\Zd`o=5m[M]\S_JDqڒ]\7[\\\r\\0\0\0\0\0\0\0\0\0\0\0\0\0\0\0\0\0\0~<|g\\\:}\0\\\|> O^\1?\Lu\l\~\	fzDt\\\\\cg\\ӯ\0\0\0\0\0\0\0\0\0\0\0\0\0\0\0\0\0\0\0\0\0\0\0\0\0\0\0\0\0\0\0\0\0\0\0\0\0\0\0\0\0\0\0\0\0\0\0\0\0\0\0Z\/g7\nj\?\\7\/\\\O\nbc\}|f|\2\A)u\0\0\0?\6n\\\]]U=|:\yQI\'V\(\3T\̪\:\{_J\5;W\\+\\xx6s0\0\0\0\0\0\0\0\0\0\0\0\0\0\0\0\0\0\0\0\0\0\0\0ls\\\׺\rs}\ݸ\L}F\\\ïk\\~Mxn^\\1\\wRmUF=9\1\sw%\zA4gd\ۦ\\v\\E\\\=:\ѳiZ>^]Y\\\Ʒr}TLۉ	[wk)ut58zS{\0\0\0\0\0\0\0\0\0\0\0\0\0\0\0\0\0\0\0?O :~\x\\>Ο\ԯ\0\0\0\0\0\0\0\0\0\0\0\0\0\0\0\0\0\0\0\0\0\0\0\0\0\0\0\0\0\0\0\0\0\0\0\0\0\0\0\0\0\0\0\0\0\0\0\0\0\0\0}\ӗ\=\6&fw˸1z\E\%\KGY\\\<\:l4\0\0\0\k\Y5OJq\O\q\\\<\"et\+\(\\\]s\VE~5>x\̚*\׭*hgkDX\0\0\0\0\0\0\0\0\0\0\\\ \0\0\0\0\0\0\0\0\0\0\035LS331\33\̂\/kL\kU\\\\\1\+-ꚟlhw뮊o\n,WE({͵{۝ze<Lj\\\\Ʊf\\vQEW\'b&\1\[2QT\0\0\0\0\0\0\0\0\0\0\0\0\0\0\0\0\0\0\0\0\0\0կ\0\0\0\0\0\0\0\0\0\0\0\0\0\0\0\0\0\0\0\0\0\0\0\0\0\0\0\0\0\0\0\0\0\0\0\0\0\0\0\0\0\0\0\0\0\0\0\0\0\0\0}&jug\\\\n={x\O\vA/\0\0\0\|\\\1ʻ\wvg\1|\M6\WY\R\y\\AD)\\\|JKpo=ͬgUO\Vfd\\\4NZh\0\0\0\0\0\0\0\0\0\15LS\j\\H\ [@\vέj13\ܻb\3M\)\ųk\L\ͫ\ \0\0\0\0\0\0\0\0\0\0\0;\\Ě?;w\ڷn{y\͇\Xwhkطh]{5QTu-\\0Oks>\/\[_I\[S@\\&>\xz~&-,c\\cX՛6[vSS\M1\n\\aX\0\0\0\0\0\0\0\0\0\0\0\0\0\0\0\0\0\0\0\0\0\0֯\0\0\0\0\0\0\0\0\0\0\0\0\0\0\0\0\0\0\0\0\0\0\0\0\0\0\0\0\0\0\0\0\0\0\0\0\0\0\0\0\0\0\0\0\0\0\0\0\0\0\0a}:\\{~wS}]cH\P\bҙ\\\)Ě|\\\׈\\>\gt4\0\0\0\N\3M\o<w\\c\ƨ\\\LxD\L\1\N_Mn<\\\\\\\Z\Y\\śz|>jc\\0\0\0\0\0\0\0\0\0{\'j\5-K9oi7\EU\kKaf{O\>\g\\7\;\\;I\YW.\\ѩ)\1\\xfC1\\"\c\x\\0\0\0\0\0\0\0\0\0\0>ɵ^\}\)\b܍\\H\&\\"\j4\nt>mYW\1ׯ\\y\\l\e\\"\"\"<\"#G\2\0\0\0\0\0\0\0\0\0\0\0\0\0\0\0\0\0\0\0\0\0\0\0ׯ\0\0\0\0\0\0\0\0\0\0\0\0\0\0\0\0\0\0\0\0\0\0\0\0\0\0\0\0\0\0\0\0\0\0\0\0\0\0\0\0\0\0\0\0\0\0\0\0\0\0\03}\Z\\׿-\\\E\}\mͅ31\\\\uO\\ޑ9%0\0\0\0U{\M\;]ϕ\:o\\1\\\Tt\'+5X}QF&WYժ\0V>]<ϔ/X\0\0\0\0\0\0\0\0\0	\\\߇\"FG	\uh\[\\\wNEXt\\OZoZ\Ư\OH|\8\\\\i\{c\38n\U5|{+LΊkm|>\Z\"\0\0\0\0\0\0\0\0\0\0\0^9\\{\lq\Z\cy\\\\;gl\8ws]_UϻMlL\\k4\UUW]_\M\\T\12[\\;>\߶\eZw(\8X\\ZonHf+\\\ݵM{&)N\\\D~mu\xOY\\g\m;\0\0\0\0\0\0\0\0\0\0\0\0\0\0\0\0\0\0\0\0\0\0\0Я\0\0\0\0\0\0\0\0\0\0\0\0\0\0\0\0\0\0\0\0\0\0\0\0\0\0\0\0\0\0\0\0\0\0\0\0\0\0\0\0\0\0\0\0\0\0\0\0\0\0\0}\r\sf\&\\O:#\\u+<y\4\Q=`\0\0\0ӟp쏺<»\>\:e=}Q\i\\9\q\\Tm\uz-Bge\\ܕ%@\0\0\0\0\0\0\0\0:\0W\0Վ:Lxm=\:x\\=&gO\:}gռb\\|\nn\M\-˕E7m\\\nݜj\U\VkVcϧ\:\\:\\?\\\0\0\0\0\0\0\0\0HK\\\Sr㹿^\ݢ\x#8\_\\\0k\5ܺ~.\[{K\0\6\\\tjk\V\_7-u\\\\\\\\%>oo\\\\0Ss:$_\\3v\͌n\^U\\_\W-\Ygʊ|;\\ݎQݎ5Q=v\rzu\\.\\\Ǧ\L\J\\Cz\}&/dbƫ\zUګ:\G\Tz:x/\u\n~\~\j:^ۗgqN\\l\\\\\\m{\ec\\˵kl=G|2oUn\N?6*\Ɇ3\}\0\0\0\0\0\0\0\0\0\0\0\0\0\0\0\0\0\0\0\0\0\0\0\0ѯ\0\0\0\0\0\0\0\0\0\0\0\0\0\0\0\0\0\0\0\0\0\0\0\0\0\0\0\0\0\0\0\0\0\0\0\0\0\0\0\0\0\0\0\0\0\0\0\0\0\0\0\0&l{Y\\E\\.D|:ݣ\Zf|1f?p\0\0\0ѿr\o\k\5G	oLSUUU\Z6D\S1\=<9Ι\0\y?\Mc\0t	\\\0\0\0\0\0\0\0u\D_\t𝧱g\zLe\>\z\Ϗ\\\\'GWYvwuM5z+̵ۙT\\E\hWI\2\4\|~\0\\zkF\0\0\0\0\0\0\0\0\;#!\빌\Vlq5mG\*Ƨ7|E\03\z\%S\ɵ\;V\uQU3MT\Q9\\k\ÝӎB\\0\0\0\0\0\0\0\0\0\0\0\0\0\0\0\0\0\0\0\0\0\0\0\0\0\0үh0\0\0\0\0\0\0\0\0\0\0\0\0\0\0\0\0\0\0\0\0\0\0\0\0\0\0\0\0\0\0\0\0\0\0\0\0\0\0\0\0\0\0\0\0\0\0\0\0\0\0O\rק=\vǯk#}zm=S5\k\\G)\\\\\f=^q\z\Y;m\0\0\0\0|_\"\-\;uq\\R\;\C\v\\\Sjx\1rmOOZ\'1\p-{|\{pk\C\\\=#W\\\\ڦ\\XL\]\\,ݹeWf\)\\1\\\-5\_ExRc+\/Mʨ\\t[f\q\QulJ\<\.D\Z\\qj\0\w>6.l6\ětC\Qn*U||\")\ѮG\zK\\"\r2m\[PŢ&bj:\UOX\\\\\\.ܱF\\L\rޱ]:&<\\ŵӡU5Q=*f<&*tx\0\0\0\0\0\-X\\0)\jc\\\\zxx\\\	{\hUn/l^\+\\0\\ꮟ\\t\\\\O\\\\\)=ª\\0\0\0\0\0\0\0\0\\Gp\\׷vN\\2uͺ?@дKu\\\\\5Lxx\*޻gJcτ\Ƌ\{7\9#l\^\\-{+u\\*\\\k;uo=c\zF\\ٶ\\ȿF^\\\e݊\\\+15U?g2IP\0\0\0\0\0\0\0\0\0\0\0\0\0\0\0\0\0\0\0\0\0\0\0\0\0Ӏ\00\0\0\0\0\0\0\0\0\0\0\0\0\0\0\0\0\0\0\0\0\0\0\0\0\0\0\0\0\0\0\0\0\0\0\0\0\0\0\0\0\0\0\0\0\0\0\0\0\0\0l\0Df6{\\CB~KM=g\t^P\p髧N5ǟ\៚x_sz,k\0\0\0\0\0\0\0~,3M΢Y~e\byX2(\'\*\\\'\\>\;y\<k؛ۅx\sXE\5meM^f^\͚NоS6\\94n\\'*\~\\mh9bf\wɚ<DF\K\˴=\\c4l\Nl//.u\M/Y\-dUk9Uv\\MȎ\#S`\0\0\0\0	}\Zw\Uػ/\\[j\D\\~m\q>14\:\"\"\:\3]ٜGW\nI\ĳ7/K\5\Oí>?wV9-Wc\"\f\U\?\n\\UG\@\0\0\0\0\0\0\0HNns.^\Ø\w8Ӊu\ZRǉ\\;ڈ\0wXjMm:\EQ>oY\J/\|\\SLE4\M4\LDt\0\0\0\0\0\0\0\0\0\0\0\0\0\0\0\0\0\0\0\0\0\0\0\0\0?ԯ\0\0\0\0\0\0\0\0\0\0\0\0\0\0\0\0\0\0\0\0\0\0\0\0\0\0\0\0\0\0\0\0\0\0\0\0\0\0\0\0\0\0\0\0\0\0\0\0\0\0\0%\'߸\soevS󦞑\8;YE?\\uE]>\ZO@~\\\@\\ \_\H<w?\\0\O\ \\\I@d_Yb\>xg4vm\\N#Q\W\zXݻ13\\\\\r\0\0\0\0\0,4vޗ{|r~\ǱM:\\oܷ\\\c\t\\O_g\\嗽-\wn\\{_:j\\;wYѲi:\6u-?#\Ug\I\(/ps|\YT+\\\vNOK:V\\qlOI\bg\	\\yr0\0\0\0\0\0\0\}{F\#k\P\?jwy\'q/QhU\ՙ\WM6su\=Qn\3>$ܦuv\s<u\\iv͟\\&4Znn\\깵[~:\\d\v=\0\0\0\0\0\0\0\0\0\0\0\0\0\0\0\0\0\0\0\0\0\0\0\0\0\0կ\0\0\0\0\0\0\0\0\0\0\0\0\0\0\0\0\0\0\0\0\0\0\0\0\0\0\0\0\0\0\0\0\0\0\0\0\0\0\0\0\0\0\0\0\0\0\0\0\0\0\0\0*\\\}\\sK1?m\_\'\<|\\0zL\11\\\'\z\7/\\\\~4\"\>=z\\O\`|\zt\:\\|z\X\\\OI:L\_.:g\t\\\"z\c\\\\ALL:Ϗ\/zG_\ïǬu	Oϟ\\>g~\0\\\\0\0OO(\#\\.~~s\\߿\W\Y;*\OLs&\m\\\\\\14u\\\\\\0\0\0\0--<ƭ{ej\uwe\\LE\ZU\|?|\j\K\':\<RƿL\bUj\1\\z\D\t\S9\&~{{3l{\bׅ~y\wjb}<ϵ\\GH\(Ȋjq\t\\3ӖlϜ\6\0\0\0\0\0\0o\\ۜѹ/M׵M?T\=\\J\\\\q\\,XMy\Z֛\\\\\"h\1UgZڗi|ه\n\M\훶4|:i\ŵo;VɵnoꚶU4\\\˱5\US35O\$vQ\0\0\0\0\0\0\0\0\0\0\0\0\0\0\0\0\0\0\0\0\0\0\0\0\0\0֯\0\0\0\0\0\0\0\0\0\0\0\0\0\0\0\0\0\0\0\0\0\0\0\0\0\0\0\0\0\0\0\0\0\0\0\0\0\0\0\0\0\0\0\0\0\0\0\0\0\0\09w$\\\\|wWf\T\i\\n\r_J\U\b\\\\\\\\\\k\\6uJ|\"k\\3ү8i\\Z^g\O_/W_/\53ʞ\:x||#uG\?\>1_ǄOY\0/u5\4\\\G\\>_NǗ8\\\\4\h<&zO\\N\\Luz\\O\\i\\\Z&cz\\1\b<:y\j\\SLO\^t\\\>:\^\\c\\=\'X\3:t2*>|u?E9\_\>1zt3=bb:DxSz*\<>π+ۿ1O6vY3\0\o#U):Ʊ\/LG_E\.\ϤuδA\0\0\0*(\t\DMU\U4SLx\UU1\G\3 \\\\rWojn\6EvuǶ\\k\\k2j\q\\5ӏDO\:~\Nnɢ\0\D\\}\{\-Xѩk\\Q\^ۺmoQҚ}t\6gM ѻ@\0\0\0\0%aOa\QȺw/s\Ӷfbݳw7qSvvr\b2r(\\*\\3U1r\1\\:-J\n\޸\mqG\c\]ciFa\\Ƿg\Z\6\\E&\\]ʺ\US3>kI\P\0\0\0\0\0\0\0\0\0\0\0\0\0\0\0\0\0\0\0\0\0\0\0\0\0\0\0\','kevin-mask.jpg',NULL,NULL,NULL,NULL,NULL,NULL,NULL,NULL,NULL,'Professional',0,'2017-08-02 16:24:50','d93d1a6c-656d-402c-bd65-1763693fedb1'),(6,'aman','E3909C54AFC5BD4BE3E25EA86D2563AD',1,'aman@gmail.com','1','2017-07-03 17:58:23',NULL,NULL,'2018-09-21 00:00:00','boothadmin',NULL,0,'#341561','0,255,0','0,255,0,255',0,0,'#341561','0,255,0','0,255,0,255',NULL,NULL,NULL,NULL,NULL,NULL,NULL,NULL,NULL,NULL,NULL,'Personal',0,'2017-08-02 17:58:23',NULL),(7,'mike','AB9C03E4E1A3EB86C9C5A856E6BAF9A3',1,'mike@tanyi.ca','4','2017-07-12 07:46:07','2017-11-21 15:16:11',NULL,'2017-11-21 00:00:00','boothadmin',NULL,0,'#341561','0,255,0','0,255,0,255',0,0,'#42C262','66,194,98','66,194,98,255',NULL,NULL,NULL,NULL,NULL,NULL,NULL,NULL,NULL,NULL,NULL,'Professional',0,'2018-11-20 07:46:08','a2706e7b-6780-48f6-9f59-5669c38907c7'),(8,'rapid','741DECB6F093B4CE316647E55327AA28',1,'rapidsoft444@gmail.com','1','2017-07-28 15:13:30','2017-07-28 15:16:11','','2018-09-21 00:00:00','boothadmin',NULL,0,'#341561','0,255,0','0,255,0,255',0,1,'#4EDB84','0,255,0','255,255,255,255','\\\0JFIF\0\0\0\0\0\0\\0\0	\Z\Z( \Z%!1!%)+..0\"383.7(-.+\n\n\n\r-%&-5-2//--/--------/------/--------/------/----5----\0\0\0\\0\0\0\0\0\0\0\0\0\0\0\0\0\0\0\\0I\0\0\0\0\0!1AQa\"q2BR#br3Ss\\$%C\45Tc\\0\0\0\0\0\0\0\0\0\0\0\0\0\0\\07\0\n\0\0\0\0\0!1AQa\"2q\\#B3R4b\\0\0\0?\0\4\0P@\0\0P@\0\0P@\0\0P@\0\0P@\0%\r\ReA\\Zo\rm	\\\/sMvEsc\\\pX\\A$Ns!<\94\P\?J P@\0\0P@\0\0P@\0\0P@\0\0P@\0\0P@\0\0P@GOA\g\\U\SO\"\Z[m\ÿK>NC\0^FS\\\Ʒo,\\\_͊\d+ҝ\r@-\[-\\>E\r%|~FK\9\\\I#\08Y\rT{~U>>IkKP\?ޔ \\\\wS#B^r\k/u+\\\\ZyrK\A+j\\\M\W\mlϴ\Z\\0\R/s;\n\u/\j\0eLl>2Bi\\"u	\0\\4z\k\$Ɩ΋\2\KZ4NѦW@s^\[\0m\5\Y\|\\\\\\6)vL\lɐ\\\'?yVz\e-\JS\\W\уW\n\0P@\0\0P@\0\0P@\0\0P@\0\0P@\0]\X`6\.}^\:\n\Uf\\\\\\C-\xQ\H}H\x&\0!a\\\ƫl]sܧh\f\\_\w\:\y\oq\[5-J \0\Q\V\nn\\X\ɷU&K,j|x㇘e\0k7yn773/C\6sH-d+al-\*jV\	/YT\Dx\Z7\SԄI\ȱ(VE\\1~\\\\:>\<\\Z&L>#e\\0	To\BvK\\F\k$\\<}\Z\\.e\ݣ>[\jj\G\w2[t\\.=MF\H\\"7\ro\#ҺѧRq\N+\uS\n\0(\0\n\0(\0\n\0(\0\n\0(\0\n\0(7u0\\\\iO7<#hmHi\\8\\h\t.\N\\3\|=ؒK;f\\\|O.\\m\2|Y\a.EX[*99<xS\\5\,Ɉ\Ĺ\\\; D\0\\Zm\\pY~V6\B\q4\\\8\w ,.~L\ºM>Ŧd|#*ݧ\'\?.Kit}Q\\R~u\/+>y\*\L\-2GX\elG\\±u\roTe\\\r=.\ogd\\`X[\4\>h}J-8ejW\\\OIo>\LU]~\ng?UM+\j\ 2;B:Z[Aߪ\ҬAdsQ\:\Zin\\rf2~|\-^Q\/MFU|Q\\otuT4kBjK(\\Z\{$\[7O\\/\\8޺M3\W>\GE\\rti\1\\*@\n\0(\0\n\0(\0\n\0(\0\n\0\kff\ֶR\=^h\\}_\[SjvI\_\y᫢\\r\\\\RCPEFRm\͓\\Ʀ\Zǖ>\ZR\"A\\rۚF\\\+n\\ϻikn\\lm֪!\>-8\c\IN{7#\\0\\Aa]B(\c1uYf\0\1b\\Z\=`\'Y\T?r<\r/֡\I9$Xb\\\\e}@Xg\jഒnR\:MJIE!\\'B\\n\\:vU,u\mTZG4\4\L+0ʠ#<\mo6\]\ىSb+Ϸ\gk.\ԍ=ŉD\-hYhÄ}\L\g\2f}#b0[H\\1 m\~\\\5\Vis=>Z\\\\hW\|W\\pNC\rƙ]qRN/kL7\zT\Z4o\0\%7:߁2	g\Zqx|ѭ&683\8bs\D\9\r\;\/j:ڮ\_O>|jj\[\7(\ #0A\A<FXxbD\n\0(\0\n\0(\0\n\0(\0\n\0\kN1FҸoݦ\߈\ge\=z\W̿\ޗl\Pn}q3\7c&\095[\\$V\Z\\;?қc\S\\\6Ld\\\\r\}$\Mv\XեS\.?>\j\)[\t<U9\E\\r*fH<,d &x9G\ E-؀;Μ)9./\Q|w=<\]\.6\\k\A=jiqI\\'	\\\!a@?*\<9Oh[\Q6ji+޵?y$DXo$I\Wlڟ?#W)ŕ\NguJ\\\Qvdh\2~|\fU)>\\08j\\ȍ6\gY\QH\\\n2a}\_y\T\\'\\Уӏ.-H\A\`;2+\\}[K\?3]9\{ 5*\[\r6\\\Y\B\\ǚ\\}ZkpYL²4S,5cJv0\~\\\\9?	\\\ƺs\\\wk}&κC(\0\n\0(\0\n\0(\0\n\0ˇ\m\/n$\\n:a\Q\lj\"JvMAu01b\Ho$irQ\\\\Q+\s\\*1\\UV\rl3\;T\\0>V\"\r\\8Ǚ\ng\[\G\ӱ	\=\\B\S	\|vJ\8r:/\\yq\˧\Nc\ \2\\"(ڝ#\ij߳/#\Χ#\b0)Lb\\ \n3\Qnm~eaTN\&+\ؖc\\#˺8Mp޳E˽)F>9;bqa8@W-\fa	\sʸRj\f掽\o?֧	\//Qذ&(\=Go\|&\Φ\6t[d+1J\;&Hp\#hWu7mu7ۏ	+pR\\P\8\a\c\Ol2ҙ\~̩\7𮊺4n9\\Zm[\\IB\\InY=.:Y3\\YY0:\i!\"uڳ1ҰSn\K\\0\\{\k\\t\՞Z~(p\18xVv8\\4\rC\D;\4\I\\[\P\W?k\n\0{\\k\ڵK\s\?egOຫ\0\n\0(\0\n\0(\0\n\0\kv3 ~}\.\bͻ\Tyi\]+TW,\&8FŊrx\+P\+OIv\\\\Xs\7z8c\Vm\O{E\AWM?j\\S#iҥV\0X\\U} \Ss\X^[{Q1;#\kٱRrS;\\\}\}\\r@B3i-u\0sxj\{8 \Ye_\\\,u{E1\2l\0P1<͉֙\=zz!\f·F\\\\ZX#X\p\Nd$$ܓָi9NNR\͖\u-6czlj \\*s\e-|(\m+<$؋\\ƌT{O͊:ުQ\3\r\~?uL&e;I\K\ӼoȌOcf\"V\[+\"\gϵgY\\i;}eA\\;\t*w\\ѣ.u\N\4vo\[9_	=Y\<\\!{5\0\\0\\|#G^#\M\چu\"	[\UK]/q>\V]G;|Drh\,{-o\"k_c\\_\'WOkS]Wt\Z\Np(\0\n\0(\0\n\0(\0\\ng͡\ZSVg\JW\nw])\n(.L\Ж_6\6*~\C2:9\.#Ɣ6K)l?>\Azc\\\\*,~t^i-.#!\\dR72 97﷥[ދ\\Y\ep\јuy!y\|f]-\XOnn;\\\6t)\"\E\\&\s\\i\\8W%9\\\\\AG4n\gP\1\dFG\\\\T83\\\\\&LD\rU\|s\F\5#\9q\$\eP3(>}*mvj\䳒\ƽ\<4iNɢ<\\\gPxPdw\\\6S4QJNR\.J\Ǔ\\\C\m0xh\\[3{NIi\\:V\\\6owE(y#+S\8nGB\C\+\z\WC\\\в\ρ|\Z\Xjz\\r\\\|\-K\O\Qz\cVr.!DAԩ\A|eDͮ\L\hݽ+l\C\/\^39U}gV\n\@\0\0P@\0\0P@\Z\>\[o`\!?\U5\vzy\\\Z\\zÉm`7\\\\1զ6{hY\g0\	#s\®i\Q\\=\0\ro|G&\\{_\j\~%\\ ڐ\\"\0R*:\"y&q<N\\n\whؼ Q\(60w=\\I\Nt%(<2)a\,\\+\0/#\I̒_ɸnSjĦAU_x!TP\0\UTp,\1\)\Zz.(x\\6QO/e\\l/\G:\\Z	=<iR\[kQ1<2\VF,s\z\R\5a\΁\\\\:\A*E\\ \f9\w\n]C^ϻ?7\̱\\SKW_}\r\J\'83*R0@ސ@\~$\0Mq:\]]~K%f\aklo4\1>\"\V\&]\ʡuż\\\fQ˹4݂EQ@av\1YXM\\'ˎ9\\X1\\G1c{\\p\D-2߀vg(\\!C|\CjXCMNDԉm\\\\ǄcC\\aYCs261(˽c\\0\n\0(\0\n\0(\0\?\D\\\Ug=\+f\Y\3\\\S6\\\\!ʂ,sx<i\ҧ\Tq\[ls+O0?J\\H㾲 Aq\0\\Tq\0Iō\\@\)\6\𧡌X5\`S&HzOG,\U7\q\*d\\R\D[\)\l^nvdQ\>\ǭnh\S\lʭ{\Kut\J1-\ \\55n\\\HM\nE|_W-0\\RAm[\I+ų[\\9zM!u\.bW\nU읝7#kkk*\\rۛ\rm\Tc\\S\",5I\u\p?\]/)\\P\kiFκs(\0\n\0(\0\n\0(1\0\7\0\.\\0\\=\\\(\l1զb-=\rd=7&\x*zlu\I	n#\\\/,VeW˴K\\.\{]t5P߫\\\\SNk\|3\F\\r#\7d|\\%b(\qރ\\'ǉJ>\n4D\ǔԈc0\r+&}#xG#a%k2Kăb#\ KS弋P\\y_ \p/\O!U\\"\X\\k\R\F\0&<\"8T/ \*$>1k!ȦcF\1B\Z=\r59\"f\0\:\6\>6\!@\0\0P@\0\0P@x^\\r\`=m[1\0(\lզɧX\ӰQ\ڟpCp\!\8X\H\{\#]	\]v~:,lY܎\r{\)\F\t[#P\J\\8K\q\4t}\'IF\}(\\RFjç\]\]\\Q\5vƓ\H\\c\)6&\0)~kS!.4\Ыj.V\޿\,_רe\Տn\\\\9u_O\K#nu4>T\,]ԑUU\"p\\.\'HD:o\$r|\\Z\^\3\0fO~T\\~X]\]3\\\-1Fe][>̝@w\'xZyE\\ˏė&=v\ՑGh\g*\\۷gk܀8\\<t\Lc\S\"DM\U2F/\\0O\R\O)x\\n\0\\\*Jp\>Kvҍ\\iɭ</αv\u>ʷǫ\4t\hY\_vVf\ZP\k&\\-\\7iq9ic\c\Hmw2\!nm_\zj)̹;[Ta$ⰟԾ\"P@\0E\\n\\T6{i\"\Xx2\\\7\\\nd,*ko&\i8Wéx\#DGpіFk\4:37Ϊo\?E{1տ\\'\;\\)$\\|\lwwJz}\\\@\&c\\0Zw.Cixx9kd2]\5H\\p?0\\\\q|\\a|q.}\{\mn\i%\\nOes\Q~\W!b#Ie/\\\;\\\ԙ*Z.9=8տl	\OڇFvCՓ^\WI~\\J)^Z4nFN\=W\0/\\\_|\\_\:\0ct~i&ƹH\T~fS\\\ǎ\\L	}\u\[\Z1VP+n\kp\g3`\B\K\iigd~/sa}bE\/~?\1X{KS\\h\\\l\#*\rLc٦1\\r1Cf\jh4\\H}K\\0y\́^+̽/V>\kk2_\C$d\\%P\&\\mHٜ\\,\n\q$^)J\\΅DzL\6\r\\c66Աzq\Epr.u)\!X)Cm6\Ik6cF*\y8n7hb9&ra*ybխFЦn/$\\\^#I\H\\&\m\/i|HZL\\^\9襏BJ^A@\01\	x\\V_\Y8\䔗FslI;!Rdk\d\/7>\->,q돹\\j7ov@M\\\ϕ6\ozK\CT\Z\\w=>T2+q\\q8eu*\\\s\bKtQ\&l\-\Ϩ$Z<Ĺ\I\[\\d?n1z\3\\B\'g#\W[T\\\T	AF\RYX5Z\'\OI\@^\Lp{O\XȻK[\h\Nҁ\)+D=\[\R)\dwK\\~_X_җ|c\\ZO\\\\aviϕA\iفӚÊ\6\\"fہQ\*9Ie\9\"v\\\w\"D<_/\z|ik\Z*Zrrya)9<\j6A4\94\8C\Zc4\9\r\"$CLi\\ZL\\ოI\\\'\w)\\]L\r}\5\\ϼC\\eK\\rs@ν\0CW\j.\"\0\_\\㸽\0q,1\ial\YH\\@߇erbY&\T\\vQu(#`seǛ7y\rk\Zrh\Z\'&s0e*\\AWea{<<FJL2o\\w\=\yWQmvi\\N]lR+\{Wʁ@\0`4\GHv\}\`\ɬǣ涍]\%\\\mi\o\꼯i7\cړ|ā0]\v]sF[\9S#\X\N~\Z͘a첛0\\'<|\ٚ\'>`W\MK0Eb^O27\E?;ӟ\bO9\^0\ځܓ\/ކ\\\Qjc$&A\r\RS3\\\g\貽:\-\\c	\'4I\ns^:\X\V/N& \n\>\g_g\Lխ\\(DR\\c\\Pjp9|S\~z\\\n!`^ٞu\]t$r,ɨr i$c klc1CliQ\"+$+\J\>\\A5wCC\,W7\\\FB\0\09ߤ\9v\yb\D3\ko\\"S׬\\\o@||3XQ\0U\{\&\љ\bSf\\Pq=NB\\n+2~F4IA\ǾF\\\\9>\,\\\\n~\V\\$ VlA<x\Vދ]f\I:\\\0y$\\\\\0uEu{:x\I|ڼT\n\0(7JrZLre?t\+3kF{\\\Δ9cC?W\\FE\W\LG˦rO\E\JGXu\\L$\\E$\b3y~\x\6\\v\p\`E5qі/\O\#\\\	\!1p\\\.SRBB[\	\ZR&QWOV7G15(q\W3N4ٌX{֗u&\M\Gڔ\\rw\ȝr/\IYl\02ꍬqeuOYa4d{Y=\n\U+qdVk!R݇jtf1\W?\:VT\\ddYdy,#0$kb\I4\\&آ	9	&\M 6\\qئR/\~\0u\G\õ6em+\Kj\t\\n\0l4э\\cE|w\Wq-ܶ2}\LQ0Cߗd/B\\*\\<GF\%\ZQ`\Ηy\\I\aՊy\sX[۱9\W\'.nA\|w\ٖ\r<TaLX\rrnb\,g)\",\^\\qgإBKS]r\3AWJa@\0durBY|]ʓ\@<\\\{чNfb\\~\\<\(Q飩@7\/MVU1,\\Kw.\0\<b$WC{\ܯPȑ1$EV72#[lM%1\\'DMy6s!d\C8z\#Υ\X\CK6FM\B7~N\ω:\\s=S\zRt\\v>C}i\Xxx<۽\j\'?Y\m\Z\\\nrB\\\\`M\2<&\"&DMlQ\[x\l\\\~8-0,ͷE\nqv+p\VpP}\\\zrU\\\[Zz\\QP\0U\0\07\02\0WhK\m勥(\0s&\^3,\h\C\'qVEIp\ҥ/y\=\rgE i\r,CvHJrg\\߷<\\/^xFIabP\"RI\I`.O:|FN$\m\Ԃ9 q\21]O\n\$M\6\x\6U*,RCT\.O\\jv5g%OE#\Pnu\Y(fEu\\DxG<p`\{\0+:۵ft4\e\\\"}bfb/!r.\\|\k\\V=Ŏ\h\\U\nlo!9\ɴ:栓\"J\{8؏HTsf\~9Tie\O\\r\p\Pzg\U=\6HИѧÃ*zc\r.jyG~*9M\r0\i2(i2.MȢㄚ9\r\&G\0Qs~(Dm\"yy0\=\8\ZZi\\/DѢ\щF\\{\\vZz!D a\t\1P@\0g5\\0J%\\\>\G<:\\\?\S\7nKr\\ԥInK\ב\*\j\Z\"H\盶lI㙫[\\2\Ų8cmx\0_>\3SQd|\W5\E\\\H\[vY\\ZY^<\Z\\OeVY\Pv鶬\rs./G_V}>K[&xPw\\& \(ښR°=<\0#.g.u|[\]\Ev_?\>0rI\ORs~mB8%˲{̌^9p6\Q9\"I;i\DHzM\|e\M6ǻuB\#KB\\K^\"`\Șѐ^/IpxM&ERiы!Hզ!ٌ]\|]j\zE\\"T%\\\B7zGԌscŹ/\S(\ݮ,G\\\,^;\\]JaSesc=9\\ТF%\\oK\0	`(\0\n\0(4Ԥ\\\(\C\	\xW\'6kj\ޓQ\Gv^<^\r \\\F\C\c8tdap<i\\pT\,\al[\\ \\\kk`I2k\l+2H\ZsH4--E\vT{\u*kv>\T\@\\Si$m\\F(\drӶRn\/ږ!Ur\\T-$^\%\a\6vw\qo\w(\\Wt\Z9jl\\Ĝ\Tw\\~y\\M\\sG;\rυl\v,f\mE2O\(AWц\#èʹS-٬\Zi,(x\Z4(\ZA=\\\0{z2&d0yz2.E\	7\N~,=\\t7̎Vbs\r\n\QYeyX\\#ctD;_u\\\\eI\ҲWπv\-g\\\x\i6<\i~\<v\\\_\kpX8\AjF\>d=Mt\\Z\dN\N[\yc@\0\0P@\05ì\\XIEIa8fI\\0G;Փ{G\d\\\\-*\iW6ڨܰK\\I\aaӈғZZ^\"\c.$/D\t,\\e4Ҫ)u2*ӟ\\њgu\$Db#-\\_\V\O/\\0^K\8\]e{Iz\ZQʻ\#j^7#ӞWtZ+5R\\\6\Ƹ\O\\l4.L*lY\\G>3\p\MP}Y~\\XT\$=%\\J\eaV&KUө\sG2	ٗ\Rc\<\SS\S3N\ŏ*1\\'.\\[ư\\ڊhmvzO\q\Sz,\q\Z=\Z{@\nP8OV5\8\\\\0q\\gg9\r\;0\2|GtyW,\T0%%Eqs\#W?\υhUn\{ V/@C;AKI\;o\|\>\}ڻ-\\\ȵe`\n\0(\0\n\0(\0\0gг@ǂX\Og!6\F\\\\~궅\.>\\LG\0\"\"9v\g\0\0ܵ\?X]O[\yQ\\0\"Ioڭ\5<,ͥ9,Ac\\* P\0\0\0,\0\\07\0+],\\@m!I\hV<\<6#eq.2\\\dy%.\9Tnb\6\]/\k`\\З^B\I=\Y\\*/\\y/O\0ͯ$vm(\0~?٦\\><:lDW~[\\I͏S[\\n\f\l{\y%Ta@\0\0Pv+Aa\\aB\5\O֊\'\zd\?eO\+U%t\0Ru.\\\GT\"|g=7p\0\v\|\0\'T\"|cc\x\\\u5FY\oP*Xl},\#ѹ\~IX}[\&b\'\S\rj\z*!\y\W|\> \09YK\\U(@\0\0P@\0\0P@\0\0P@\0\0P@\0\0P@\0\0P@\0\0P@\0\0P@\0\0P@\0\0P@\0\','https://lh5.googleusercontent.com/-nwXnAgOoqRA/AAAAAAAAAAI/AAAAAAAAAAk/5ZLg3OXX1Sg/s100/photo.jpg',NULL,'100016452141692907953',NULL,NULL,NULL,NULL,NULL,NULL,NULL,'Personal',0,'2017-08-27 15:13:30',NULL),(9,'ab','0BC4F70FFFFE1EFA0B0B6FACBF9A1938',1,'ab@gmail.com','1','2017-07-28 16:00:45',NULL,NULL,'2018-09-21 00:00:00','boothadmin',NULL,0,'#341561','0,255,0','0,255,0,255',0,0,'#0EA415','14,164,21','14,164,21,255',NULL,NULL,NULL,NULL,NULL,NULL,NULL,NULL,NULL,NULL,NULL,'Personal',0,'2017-08-27 16:00:45',NULL),(10,'ras','E3909C54AFC5BD4BE3E25EA86D2563AD',1,'ras@gamil.com','1','2017-07-28 17:41:28',NULL,NULL,'2018-09-21 00:00:00','boothadmin',NULL,0,'#341561','0,255,0','0,255,0,255',0,1,'#4EDB84','0,255,0','255,255,255,255',NULL,NULL,NULL,NULL,NULL,NULL,NULL,NULL,NULL,NULL,NULL,'Personal',0,'2017-08-27 17:41:28',NULL),(11,'wejh','2585D9F9D452CD2301432301497576B1',1,'dhjedh@gmail.com','1','2017-07-28 19:59:57',NULL,NULL,'2018-09-21 00:00:00','boothadmin',NULL,0,'#341561','0,255,0','0,255,0,255',0,1,'#4EDB84','0,255,0','255,255,255,255',NULL,NULL,NULL,NULL,NULL,NULL,NULL,NULL,NULL,NULL,NULL,'Personal',0,'2017-08-27 19:59:57',NULL),(12,'Chris Turnbull','B33D225B71E17ADE095C3545ACEFB18D',1,'christurnbull@gmail.com','1','2017-09-14 03:37:00',NULL,NULL,'2018-09-21 00:00:00','boothadmin',NULL,0,'#341561','0,255,0','0,255,0,255',0,1,'#4EDB84','0,255,0','255,255,255,255',NULL,NULL,NULL,NULL,NULL,NULL,NULL,NULL,NULL,NULL,NULL,'Personal',0,'2017-10-14 03:37:00',NULL),(13,'cortex','AB9C03E4E1A3EB86C9C5A856E6BAF9A3',1,'info@cortex.net','iAmusePro','2017-09-14 03:37:00','2017-10-26 03:37:00',NULL,'2017-10-25 00:00:00','boothadmin',NULL,0,'#341561','0,255,0','0,255,0,255',0,0,'#4F9D61','79,157,97','79,157,97,255',NULL,NULL,NULL,NULL,NULL,NULL,NULL,NULL,NULL,NULL,NULL,'Personal',0,'2018-10-14 22:24:31',NULL),(14,'ndiit2011','741DECB6F093B4CE316647E55327AA28',1,'ndiit2011@gmail.com','1','2017-09-14 22:24:31','2018-07-27 17:06:08','123232342423423','2018-09-21 00:00:00','boothadmin',NULL,0,'#341561','0,255,0','0,255,0,255',0,0,'#341561','0,255,0','0,255,0,255','\\\0JFIF\0\0`\0`\0\0\\0C\0		\n\n\r\n\n	\r\\0C\0\0F+\"\0\\0\0\0\0\0\0\0\0\0\0\0	\n\\0\0\0\0}\0!1AQa\"q2#BR\$3br	\n\Z%&\'()*456789:CDEFGHIJSTUVWXYZcdefghijstuvwxyz\\\\\\\\\\\\\\\\\\\\\\\\\\\\\\0\0\0\0\0\0\0\0	\n\\0\0\0w\0!1AQaq\"2B	#3Rbr\\n$4\%\Z&\'()*56789:CDEFGHIJSTUVWXYZcdefghijstuvwxyz\\\\\\\\\\\\\\\\\\\\\\\\\\\\\0\0\0?\0(\0(\0(\0|%|\"Լm\^#C\@\\f\dWp$\nS|q\Z\Z7|;g%{0b\1\Af$+\K\\e\П\ni<~	\V\Z=V\N\6(,<\:uRW\$˩z\w_Ы;\m\I\\Pk࿈G7\}yho\0\\\Si_\~o\\sk<76ӨxäzÂ>\ФG\\\\\\\rX\\<J5\J\ֳHdȊ`T/u\\?3\\x➫⟈\0Ϋl\ ]:\\0\FF\Pdyg֫FJyjt\̗g\\\'O:>W\浜}Wo3֊\~c\\\IuOxg\\\-\]*\\A\0~Qqn2VhM]lQE!Q@Q@Q@Q@Q@Q@Q@Q@Q@Q@Q@Q@Q@Q@ex\\\Z?\O\^ g\=\^\\\#\%ff=h\]Gcm$\H\\nG`I$\0\\\\ۓ\x\\\\\0d\0\6\IZ_Z\r9\Q\bX\Ce/EoB//\亲*O72>,|W\]xkNqt5xn1\^\0P\\7 \H@q\L\\'\\O8w\Ɠ\|Hm$V\\0\sYD3|\\?bf\F%S+䏇?\*\'\Жߴs\Z5Yx\\q-ՕCqq|jY1cv\3djW\~/)K\\0g\`=\A\zw$.Qydy\n9\\o6!?gO.J0\8^	+u\\}>ja\W\TV\z/#\\3\r\?\\\^+è-?PԘϰ\^0X\bB8]K/\ŗ_3ƻE47;tXJ\0_{a\~|\0\\S_`#\*x5ˉ\:r\7\G6\t\c\0\'eH5\\k6k^-\5\+\;xHXy<\s7Cb\<מ*\*\\\\m|\8\%\w^3Ѯ\8?_\0\ߏ:[\\0O(Y[%h\Xd	\r$˄0 \\l|;\Z\0\O\\R;\9q\#BOIB@89*p\\'/\?d\0⯁>%\<\J6\I\'u1 |\\6\_n\\Ncoڇ]\\0#\i᧊n)\m$7\nhu)f1#pW`:y[\\\\ײpVUJ߉\uhԾ\S\Z+\o&_Pφ.4\0BN\.7\\d݆#9Pv\n\<k\8jzei#\(WZ\n7t(\rB((((((((((((Ե+}N\\hmciV\n\"Y\0\0I\\\3\\yM\KJMap\nG\\\r\b!Nm \o}Fq,!euiJ%:\\W\v\6k;\.\\a\b|,1̂3\2I0Y>}|\'᷈~\0}|{}\msV\&T;[\ZY\`lb\R\(X8 \\|\\n\nch]\=K\w쥠M,6z-zx-\\\@\"c\e\\$Ƚ\\_\|/\ٓ\7(\\&\xW\2kqlU%\\(\ۊr\o\ಹP8K7\\\\\ec\8Z2YRĞ\c71\0=|!#]x\ɯ\\Z\Ϳ\\_\\\D(ѿQýu\\S\f\\5V\/V\S\>\$`B!o7s ,OL.\0R\0Z<3sjN7A\\L>\opͶ\\r\sFdm\@\'\,\'\D~xS\\Zx\źj\Kc\ij	\Z?K\df\3Χ\\\<rz\[;\ZR\)A.Il\\χ߱\)\ۦ\\^8=ż\\vcq\>%I#f\ѢWur?tf_\G;Fg\rZGgkQ$aQ2B]\\\0d{\\\\\\\	\)\5\	x\0\>25zk׷H\I2s.\\?A\"6R\\\\Z\\/\05i|J=\WR\\dEaJ\̻9r3ٛB;RqM\\W9p5ia+\{rLn7\C\\ַ;\Iھ\4\KKC$O.	\Z^p\0o\\0\?\0;n_\\ƾ)?\o\0ů\ëZ*\Fh6ny\"(\0\_XmDn\WRjko\\3C%eR\03H$S;\n\O\_F2~\zO~#\\\rj&&\/ɡjZV,he8\!Dv8\ĭ%\\EL419\:[Fڿ\'\\ZU*uC*Y_O\vy/	S\_\_ǖ?\\}\\\\.w7\n˽\\r\\\YJk\$w\OZx$\5\ b[\\p\>B>\0$\\0K?uo\Vo?&ˤhnnirq#H\Z	-H\ܰQ\\0\\0|\0kN\>\A\,\q\*\Z)c\Y\\\-倥s\ʌ1<~q\^Φ\ݥ\0i\te,^\\\v~_\+	\0\6<9\ͪS\[;\\4Z:D,N<\Z\0>mmV\]\\l gA$S\20\e \_\\ƶ\\s\\ʎ6]\\_o?eO7\3t\H\Kˉc\\ydeD5fbFw۬W\0m~k>MǄ?g\\tI5׆!|I8mn6G\iy9Yԍ9_^\1ro\Kͫ\a*\6%\_\\\~1\0B?i/-iT7>\\S\\Ĉ\ͧ,q&sk*cۚlFF\0uG\oW[\_o_\r\\_D][\J̡\Dt;Y+H ?f?w5?[{\\\\ϡ*\<n\[\F{H@En/\\\7h\\q7x;ᇄ\h?\\6=>\{1i1y\\.\\y<%*\\\n\t\o8n*W|\\\\'̪(iiI(5ꔝ\}\~A8Wݷ\\+iF$R\\&3\G \\"u	ֵSrц\kF\\\\\|,\0\AY|0𷏓Y~\˦:>vlx@,o&gu\6\J|:Qľ\\'\y<\\0\\\\\.oOm\c_\Z$\-o4^<mٻokye\o\^װQEQE\0QEcx\\\'3\\\?\?B;o\˟.\-\yӵ,\8yE|\0\8?\\\0k\\\}24k$8g+\25\w\~\0h\"\\\Zf\j\'CӠ3\\\\.\̺\"g]d\ٗ+北ޥ򳽮Oܔ`Һ\\\\\W|e?\~\^ex\\~ \>,M*O	@go#^o,n>\Q\-W7\\0=@z;|\0\Q@Q@W\?/_/M\ާ\}\Q\\>܇]\`_\w\0RvWg\\0X*_3[\\ݤw^ mՠC-:Y%cʶ$v9U\\	!\T/\r\4k\0~\Zeͧbv\\eFDv\cWeBk\ox\ß\/~\\Z/\|P\=\\Jy\hQ#O0Jd|\dtw\0\W\?JO:Dd\mV$ˈ\n31rž\kjSս\Mo3\jc\[\u\\	WO\\\ieEzs;BHHޯ\"2\U\85\\0L~:\0g\_\n_W\\VS\i.؎ƭj\\\(\^\0%lm\پ=T\\Uݥ\Zw	X\\ʑ\\-yಞzW\>\0g\4>[\7\\\ʳp3:\!?,\yV\8\\\ۙ\O\'kw\\\Z\x\\ߕ]\\[1>\0\Z>~SmAxRki̛DIT9!S	\\;	\5x\0\5_;\|:\s\\|;\\QgkƖیLY9x\_hğP\-\'\\τw?\n>+ړ{}<ѵ\ӲyefU_,K,\eeCLNK\\h<ws}cYxOim<kX]\0/!\'\0WK4\\UJyYF\0IgW)Ӌmz}\w\0ξ2ƿ\\0\rGi\[0ڴy0,0\\\\n*E\ W\\Ɵ$\٣\|S\ƺ.qt`\`\\pq\.PS\8 ~E\\t\>3[H4ȴ\XyW|Ȏ%XJ`\|\\0\$t}/H~\'kY\̷+\\\`(\I\׊2n\"hQ\Tc6{\\\0\\\u\7\\0\dgֵu+\\\YY*&\\ۈ!O\5[\0\8Y\ms\0	4\T_[OHUmΑom\IQg\\0fKπm|)m\?\\7{\C16[c-\1<}IzO%\JӴN\"X[kxPlߗ\p\rO\4\1:\9\\Ϸ}\Z2UiAG+\\0>:\0|~Ϳ\g\|K\~\uFo\\nN\F:\2\!5\m\o%φ:x\\\cSLխ$-\\\FceC@K#~\\\\0a\*)\%\+K;\v|KkżldZ8nx\lz)\	sxs\W|EDv\P=\+<zTr\\0\\\jW\Zjb=\Z\d\\}ye\&C%Vt\v\U\\tX$5.\<F_<~1\"W`7\_\aʂZ\	7m>x\\-|,v\\͞\鳇<}YpH\'(\\?h{)$_|mi\x{F\!ռKI^[>-\nv$&#p\6kcg\\$F\\0\n\\3\٘>WZۦvuCK,\\\\.\3\0M%l~Ͼ\[\h@\[[Q\4䍳5a\\0#M\[\P\En\N5cE\|\M>\\Gt\*r\J\\M44\iG\Wl|Q\Q\\wSƮ+/\m\+j֣wzUjp\)eT\\l?_	\?~\\O_5:=;\4>f\o\v\ѯ⁭VK\G$Kt\'έ\\Tעv{;]]\ٴw{Q\\0+Oէ%mR{o\0s\?G\0a[\ZW\0zukz}\\Zan\\\rcQ>d^@T(\-\<\\0\0c$\;?ß>3#ú_G<|?p\$F\d\\\]o\\$j\Z\\n\\0\r=7\\3׌G\[\t]>\{t\\\K\0\\\[\reuQn`vm9\*eY]\Tv\&\go;rmh\M:TÂOR\\kG\\ڿ\w\߄\0g\0?9gg\\E-\\zL\Zk-4\$R\tZ87,r؃⿄^;a\^%Qe\(5~\">\|N\\\\\ڒGq=\\G6\"Hɗ\A\?\nAS	O#\*үt?inyCsfnG,l$8SFE}?]\F8Bߝ\}v}nQkKY\2xzZr\Yvv\Zi\×G4iK2\0v|F\>s\\׼G\\/Q\i\\|5\ٵ	<\\<o<pv$\,[z%W\\s_:}\\\0>9|U\\Z\\Mk\m\ImNk_x\ug#h⍋\Q\\\].K\i\'i){˭\\oIm\rmMz\\E\\\\\W\KQ߬\'\o~q\M7Iֵ\\<\yp\3#\fow\|H\ǟ\)\m\\\_>\Ŀh~\n\?\\"\{%/*F\\\>`$]4U7t\7e\J춾W\},\m~SZ9Z\\ڸ\\0\r\ϟ\w\'~\?\Z\0iox\/\={F-3\)x?\\	\Tm41\}\\0@\DeB\k߄~4\\\\\\Cgw_k\-\Hش\#G\,p:\[۫yld=ӢQ愣}[nn\ﻜy\=U\YtV\e\xW4m\4ۏߵ\\\0Qx\\\O\Z\**_\W6I\\!]\om\\\$\\?୿~7~\z?\~.i~񕟇/\\\riZ~)_g\0i67-u(\\}3_\z+IisY||]]s_,)4Q\.Uʟ\\浟Gy]itrR>l=x\/ou>k:WxcóS\vcKKK`\r\o8b&ͼ\IJڏ\l@\\\0x\\G\ZV\|4Z.HZإĲ^5\o\\Yb\\0@VS49[\ӳzw\[߽\5->dV\ZKmn\M~,X\\\M|?\O\0t\\I\to|TӢ\ux[H#4x71\&t8VK@\4VE\0Q|sOyim\\\\M\^*:\/t!\;mxh|\2\\%Ǜ~v_\\;\0}.>#Ki7<Ac\\\\r#Cљg\.ݒ+X2w3n$H\7wC\V\\\'\׆j\\n<e.\\0\rx܉4\Mck\^Ig0;g)S\2Qvta꺘\W\\Ir\'ukY\'n랭O켩\>r\yo[k\5QY\Z|\0,\0okQ{\\n\_Z,Rɡ\ZD\yt&n$r77\\Sv\IҔe\\\(ٝ?\\'\\a\)\{\\Jm\X1v\'!W\?\\\.V/kM\\\V\]@2l\r)\0d\OV\\\ݥ\h\WB+Gis	u\\\4?\?<\Z<t{(Ҿ\*\\:\&T$\<(27V?`_~\\\\I۶\J\\GamܰNh/nqjy\0%\ï\^0\<E\'>#뒋\\DHfDTAjyJqɟ/q\^Q#\||\>%\Z+ԕ!D	,1\QDaSɋT`Q]\TWj[W~\ZE\Zέ\Iw\r\Ay <?Yʞ\\p`\n\0\01d\W6݅\\\ooW\̱\s0\3\\\8i\ރCJ\-\0\\v>\?i\r{K\\e\Úloa6\ry&@{\\<\\>2ikWƽkU\\u#Z5\ڧ\'\\NdqĂ\x\\eW-~ƨS\;\ۻ	ut\\zFCq\\\\\\H!7 \\nqUoO|+x\\Mowsx~sl6\v ^3Z(g\GΖEx	|TY\]\c{\$ryZ\+d@`\SȯmՖ\\ \8-qE\Z\>iZ\\d>(M((((((((((\','https://lh6.googleusercontent.com/-4_BLcFUOdVE/AAAAAAAAAAI/AAAAAAAAArs/Lr0mBOgZCR8/s100/photo.jpg',NULL,'100424327568783544651','2-ab22d6339f3b61592bc791190032fe1aeb05222ccb035085724cf35a16320d1be9318d48af4499ac739c13f3755014ba','1487500000000068127',NULL,NULL,NULL,NULL,NULL,'Personal',0,'2018-08-27 00:00:00','d491d5a0-9ef0-4865-84be-f1b6159956f2'),(15,'abh','46A344A689BA4DBC6B154ABE518B54DF',1,'abh@yopmail.com','1','2017-09-18 14:37:08',NULL,NULL,'2018-09-21 00:00:00','boothadmin',NULL,0,'#341561','0,255,0','0,255,0,255',0,1,'#4EDB84','0,255,0','255,255,255,255',NULL,NULL,NULL,NULL,NULL,NULL,NULL,NULL,NULL,NULL,NULL,'Professional',0,'2017-10-18 14:37:08',NULL),(16,'tasdeek','0BC4F70FFFFE1EFA0B0B6FACBF9A1938',1,'tasdeek@yopmail.com','1','2017-09-18 15:10:52','2017-09-18 16:04:37','32565454','2018-09-21 00:00:00','boothadmin',NULL,0,'#341561','0,255,0','0,255,0,255',0,0,'#341561','0,255,0','0,255,0,255','\\\0JFIF\0\0\0\0\0\0\\0\0	\Z\Z\Z (  \Z%!1\"%)+...\Z383,7(-.+\n\n\n\r-& &--//0-----2----/-/-------------------/------------\0\0,\0\\0\0\0\0\0\0\0\0\0\0\0\0\0\\0>\0\0\0\0!1AQ\"aq2B\#R\br3\CS\\0\0\0\0\0\0\0\0\0\0\0\0\0\\07\0\0\0\0!1AQa\"q\2#\3BbR$\\0\0\0?\0J^^_\\]\\*O\U\n1@ <@$\'n\{\lP_õ1.\0V\\'M:0)w\^\y\l\e6	KaǮ\Ǩ\\L\GFO.\\\$ec\{\Zᅕ\\`\0y\\02kZ|\ZR\\'j_wŻY{\U\\\1t5\ͺ\g\B\L\[\rG4~k]\0d\?<f\\ON# \\W\b\\tޭ[yiV\\\\\9A=A\Y\\u]-\cy\&םs5-\̎@y\0^j\\0+\ǙA\a(\+\MZ\V{m\\K)1\t	[vZGkB~[#\\\w^\qnklFO.\\\2LC|\Ym\k\\"\v~AM\\xum\ro;6pU\Zt\0\\\\Z17E46\ro9:tq4㌷X@פ\d\4\r\\\'>XdӶʯw\c\\rfD@x5\\:s.\\rpy\UC\zؖ@\rU\a\\.\riؒj=W\\Z\ے\:6T\'E\\0\60\\2.>[\S$\h\\e#,\ˡ\\lO/\ǹ_9r5\V\G6\\\	\\\MᰵVz\@f5.G;l<\\I>-&\ܝ~_l\;\\{\6/|\!\n~d:iX^\\ը{՟)c\]<R\rĀ\L\u\Fedǡ\\v+\'ƈΓ@k/p(`\O\3\"a|^]\x\ge\\Q!H\\', \[:&;\X\r:|7;\0+\ZXXNh2:z\Ur<6荎\TǌcoeIL&\"Fm?Pm2\\jȲ7\\lE\3Na7C;\[\\87@:/JI^%\\/dM>\\\OI?\n5\]\BI\\֖;\Z֊f\l>\0E霝\ff.ٜ\0\\5+;n=WUdcP\0K.c\C\0rh\\u\\C\@?H*k,7RDH\n6^ExM\r\]7T&cF)9h6\k3-cvW_Ѥq\\o#\xV4\_k\\\yyG0]S9\O\\\\.\n\0\R\"\2\F\\YsDcu\\f7*=cc\yM\ʺ\jcEϓ\p7\\\3D#Z$gQ\r\\\6\k͸\A\Z\c\OOQZ,=9\\Ԙ/@ׂ[|/\\\y\o\[\.;I@6\\\'mrP\\\%{]\mY-@7RQ\\r5k\\Ê\rp\}\g5]\VP\Xh3\9sRy\Dk\r\\r\-g\ٜ)#1P\0\ץ\\:Nxx<bo\#s:S{8\08u$t*G\Eݮ)Qǝ2D\Wr\"Eq\3\02\ZF\N\\z\t\.N<P\\\4(\0\\0\\2n킯T\M\Ӝ~@)1z\%ҭt\4\}}i\\+vNt\28&y\S°_\M\mj\\\bЯpvڄ5Ps,J\Gb17̟\`:\nm;4\OCg\\=ߍ)o\KJ\ȸ\nk>m\\\\Z:0\ݠ+\>\\\k@LK=\\6w}\2~dRocIwE\@u\VumK;\ZXU\0\!,\r\ \Χim9#PNOmzU#.c|	a	#k\\\\0\8\\"\\\1$8x:\h\g\0sĕ4\\HMc߲\p:\Syo\0q\P\r\o4ۤ\O\,xp4\\E$_;z;f\#$hgH\Lq˙\7|\\\\\\0M!-meN4>\'8xF\\0j\N\0\\|>W]K6b*[\:VLηW찘Av\_x\,ʰ$A\\MN\\"È\.s湙,`\0ŏN\6?jҗT@%w\\\Y\\1\30Y;\	|\\֑\k\/iƆ\\Z7S\J]z\0?tپY|Cfځ\v&gSI9\cC\9	{L\\0#t>\&\^\k`[>f,\:u<9KI6=Y\ZFds\\|((aT\\=\vQ\\Hdu\!H<X}Qn%lDw^..aLau5i\\oxYs-G\ۡ\Z\1e\495\L\\B#K_UMshc\O\]\\F\)\	\ݬl=}\\Ka6I@\co\0\u12wTBfw(-9z0#\0;{͂j\p\0@G\0\\~\0\$\\0y#E.\hF\\\%4\cm\?#&x\ZƄ%^~nO\\\0\Je3YkG\\s\0n\e<\ǲ\yؖ;Zqn𹩧t$6JG\\\\0Sd)`\0y`lf&Sx\lGc\Rr\\w\\LWs\\\\0WI]uwϞۺ\3[;xݡf\nHn\*0v0:\Zf<V׶l\\9q[VF\0oQ\m\pZӲe\	; \k\04mi1,5\0<\\o3Xܟ\ђ\=)Nm RH\E=?SGa\,\Y\\FU,@\L6i7c02FEhw\{OA\xlE\[0\'\=?Zq@\\\3ߨ\޵0yNU7UL}z\r~JiwsT\w:	\ȟioP2UX\c1\5.`K70\\U\\}\r\vCh\o4\\\^\Z㲒\lVJ\\bo.V,\UT7$%LLv\Z,[6;\mNSp\\\0S:\]lq\0\U,c\/H:IoQU\30\0N`/	e-q$[\JxP\ ;\+vSIg$\0a\x\\woƻ}\ZZ\fb:vZ\\3\\WE\\ڝU\5s\~\n@>x\%vA\p\H\]ڣCj\\Nku\[\:\TuP|\\aH\#\\nA\\=(\0H\0:\\Ҥ5ɽ_&;1\4\0O07EK	\b>T	|C`\\l\7\{m\\\|\F\\\G\Z\ww?dbl/d\\7YiFƊQ 0ޯDo\"k	1,P*4$t.>\1\!cx}!ZqU\3r\\'g\r߂ý%7x{$۰TH$\$\@ZXѐ59qk1<\\ϙ\0_T	\]aᵔb..TrDkW\\\\cM\\|/\\VFB,m4H\"\Ak\ȓ^\<g\rk6\zhHivx.v\w\Ii\'Q?\{Hϸ\&!ۖTsR3cc}+d\\A\pMʗ\/epz\\q\m)\u¤\nA\"9\8qnf&7޽4Z\Zq\\;T8/\rd?\ZF\A\%f`z\\\V-e\3\0&;|N֊X\\\H\\B4d20\r3\vL \0X\\\n\\nTp׵Gʻ\0@z/\\e^\\r\\k\r \D\smy8\\)dn\u\\\'JZ\.\<F\_k\mlym.w\'\\" r욓\nV>][\0ӭ-ۗr\9D\r\* \Ò92&\\\\>++`\WR|,s\pnw\n[GR Gm{\\[\9,\@\\a\.\ȣ5\\'\2I\ڼ\\<wK\yY@ʳ\3\O3L[\\QtgaNZZ}}\0ՉD½;篰H\\QL,\f1@\_IAs.R\8 w\*\Ịq49ZVI\\'CP(s\7e=jDt\!M\\Z,{\"\g?).lN];U\z{\\<j5u~Z\\\vk+\\IZ5u]~z4\Sy\'̈\"\N\޷ã\Gϥ <>VWڻj\tFlR.e\2,\)wArj;=]\6\\\la5\n\\0\j4q1,\\\i;\1\-X\nnQu }4VwQ&A\">\\O\r\R\S\'fW\Aڼn-L\0l[dv?T7/\"`.\YvM}\Ts\lh#|xfkTg\(P$\4m\"\d[W|o\H\\+]k\\\\0xV4Q6̕\\\\cw͠\\\ZQPB\d]/]&\0[#\=ZS\v\'S0\\ ʗ\"X$\NN\\\S,!\:\$~Aţ)2:\f\cˬ\͏&\"\V4 %\07$\$\c\\Z\S|\0F\Z\F\\0\ngy\)4إqxj\\'can]]@=4U]\ڈ&\$c|ًw\(_R\0.|+_s6 NV2\\Jǃ4Vky??5d\\?j\x\\\NX!z).+\\\\zn\-6$*\\0\3=\Q5>I\ef6l\0\oy\\\\\\d@FxD(g\SR04Ɲ\\(\\ss8\_\G\7Ӿ>QOU\䥳\_O|~vU\\'&\#aŸRQ\"F\\ZXsa\\r1X\0K11\I4\kd\\')/\\uTdv\uY3F\Hh\0)0\s\\\v\XR@19X>5\4\*\M6\\\Z\\XS0L\0\'\4Q-q$ݫ\+$65n|\,ݢ-p\0\3=\^G\YyD\\Z\0@L\Y\'\Mx7&\,f%\\cAgP\%@$a\Z\\0·\nB\\r\\X!o1\rױ(<`\s\\\V`2\D	\A8Fh:LDrF\~\&G\	Ѵ\{tCK\0c6v\侥\hθ*\Z(\#\ЮQs\\\;\y$ϩMY?\(\f\\#\\m\W\\f]t\}\\t^ %\)i!OsI\\,:sel\@2\\X\\hz\v\\-UL\\\	\iP$0bu\'\R\\Va*[ж4R\F\\{J\.\0\\\z.lbnSur9e@=`\YCuEͷ\\\\F*\0v@Ҫʭ,\lu\5\e\6޼6F戳#v\\6%	 ,\$Ul_XE F\I,r\q.`uR$:i\\n07sM\'\MFH\tB\\0*	\/`\\g$H\'B\;v\'\W2^m黭?\K~\\X2D\*\0\0I\"f\\P\_X\\d-eQ{\\'\\\ \"@=e;w\;hW\iKGS\\N\QN!!w\\Wt\Jō\R\\"P~\VX݈G\?X7\\\\\%\S	\'Ie͉\\cܗB\\uA{ʥ\3NU,h\\\F.b\\'\ޗcv\\E7Bj?\>\Us\ZN7MC<a8\<3^\VDUخ.jun$؟R\ܮ2\/l\\0?.R2\P&OS&\\u\\u\.10˘\4$i\yu>\\A\'\\؎\\\o\?\u\\kF\9cR\f@::k#A+C\D\/TRwHa&\%X#\"\rA4d\\7K`a\0-I\'\ {Ν(axN>yf\>\)T\vD&|UbG)i^#\\l\8\'\\\0\~aڼ̣S#ޡ\`\=\K.h\\r\rvঃ\?*J\\&\2\((XeiH\5\dZYOŲ\r8kL\u\gI\\DO\ެX\C!R9etm;;^f\ftb&H\SЎ\d&Xv/pۖŒY	P	$%$\Gy\\!\dLf؀l>@Q\m޳i,3#\{a \H\\#\@\Ç\Z9a|x\\/\02q\g<\;GìL\*12\\\0\Z\\\\\_4u\v4d	3`VdNB\r`\Z\ѱ\\\*\ܩr>(;3A=#\]\r	\\\.GUf=\0>e^`\[\D]\4\X\\nsK&D\6J\[k]\n\'.u	\T\0\Zɛ\\~$ۓ\ny#].\\\\۪\Gb*\ϳe\0\|\L.c\\\\\Q-{\7\\p\-8W-xWwX**LIc]41TlG^}ʹ=LI(]\\0\=\r \;\\'KX\6k5Ӹ\\k˖`dD\nou\n\2Zb\3\0@\4vD\Vl2\'aH\˖nرj\pn\\ I\>\C\\\9@d\H\\<\$qZ.\0;b{*|B_(\'K\6\{\\o%\\\hlj\\\\rc2\D=&\S\\\f\8>\KM\%\<Lj#\b4nLx8]oJăSi\34h\u\\\\\0XU5\d7?ٖgC\c#J;\\V\l\"\(|OZ~\-\@C,	\"jxq\\˒@_qE5i\wRA\lh\\̙mgSF\n.@v2 +5\uY\7\6J/\\\bR\W	&\'\\0\3}\\Z#֔}+%\fsgn(sF\z${\Z(hp\X	\\\\^.\ʟ\\RK[?\\vOe?ĸi7\\Z	\'@>Gɡ\/gF;o\&\\\n\\mdʠX2\tvNi6,jhh$\|\\J\\\\A\'M4 q\bf˝O	\\D\\"\0b\R>LE\_\\	o+g]>\#Ca&ǒs(\.kB\{H\Ŏa\2\\\U\\&ۥ¶\\\o5ˏݛ\\V\0ؒ]\h\OO&\\ſ\\Ё)3>\\\IQ\zYZ\7**4\0\S.\\\y\\e\8ZCr\eE\\w \rU{\E\ϙ\R˘\\"3\̷SˤNƣ[b9O}Qiӱ?U\\ua\63ḋ~kAn>\\D5F5\\2<TOwG։`1p\0 \0\$\\\\\0\?\rK#]M9\'\\\\_E\Ӭ# [\#Z蘝{W\Zy],WY,oaGG$Ud%G\\u\H[}ς\۸/w\dun\No\{lO2\\  G\|:3\\\ln\E_6wG1\Y\r9\jɾme\9Jx/^%\j&r3\:\\eIG\ok3ܶ5|\F[S\t\\䅰r\@\b\\rw$\층G\\\\먕!E@p;g@ݥ\ꇹu\\H ~\P\0\Rc1(ZԪL\')H,-A+\qk5J\4c-\\d(o>bgzXOrt\\p\N\o|\i\%0\\\\ӾL\\\^)wt\\F\s\K1?lݛN\53Dv֪c\ǒ\n\\\ꗌܽ;.\\\Z	D\1;\\ק\\c\89#\aJGoP\\u0 m?3քI^e3\9\\0d_\\{6\\\vYe D\iF\\\R029\ʹh\\3\P\h?-Giޛ9\\ ס_8/\n\-\\&Fڝ}~U\E\)\\\-:w*rvZ3\rļs\\\0m;OCY\~\gԆPg\0c\n/\X@E\iԌ[c\X]\zPn3{B\)d\H߿~\kX[Iq\\0\6\u1\\1\nRW\\\vGDAҷ\\u\oT\\nQ\!j\\\\\Y I\*{[\A\ZY\\kr\fՀ\\r	\\Y%k?QG\ _/\H\0\ն!z0\\cb/ U=u`Ҝe-ApKJ\\\˩J]컺$q]WLP*(UP\0\0\0@4\0\0qs\\\\d\\BjQ\<B\'\s8\e\\F\\)mkB<p=\\\ŅK\& w\I\A)\\\9z\;-0:S<\\\\ȃW\QX>\rE.\&f \\X\@+]+vL\\\*M)\\\r\$ \$\W8c\\*^\Os@gM\Z@6\^\r\}\0Jd\:#\0S\\a\pῼm\Y{\0䵠3\2Xu\򮙲\-!6\\KR\\\n\C\w6F(rbKF˕*\Z\.=\\Oh\\\W0\f#\P񩥨\nU\8JY\>99\fp2u\ I\0u2\\/Fc\lMP\g\|0\mf\yr\@\Aڵ=C(eHT)5PL\~],\ZK\r7)	\dmWY\Kk)\"}ZUe\CPBf9]\/<?\̶\L\\}\\'P׀qH 88nڱT\\\na^d\ݥ\9ƈ>B,;\Xe\'\Z=,7J⺸#\*T;\od\'\3o1A\\Z:~CY3Ly\\X\\ f3 \4<V5鞵\8C\.l\Xmܸs\А\"c]\Ic\$cE2\܍A6\"B,\e\0ͻvPO_\;Ɨx\F\yR\6\<\(f>!g}\W\\zFL\\-\0b\\\\v\\\\{z}\\ټn\\y=i>c\rd\m{g\!֙hRɝ\}1eC3Qr\ݲK̜1Ml\ \#\wM\0OG9؍sZۿZoA*`\"\r^H W6\\\KHBD}Z#Z\Z(,\+˼\\M\T\4\'\qB<r9K\\9䕴-Ƌ,w\\\J\\L(\0o\ˬ?!Jwz\C(Ϙ\'P?\0h}4\\Z\^\cIlq\]T6\\njCR\\kR	ݗ\+j۬- j{Oι\0\Vk\\\\\0\x\,\v6>cd\_\\ZB\/\":5\\3\\v_T|	_Cmpn\\^5θ	jݧer\1ĕ\0jt\Z\\\[@\3\\2Ӫ!A&L1Bu=|t\\\\d .#\#W\0\'\?f\vM\\\,L\\ƶ\\ɚ@\a%<\n\\\`$\U!FI;\ߖ\Z׀+\\\Z\h\PԷ\\n3\a@$!x\;\\\\y\HU+g~\n\I?SWkM{K:|N\0\D\]\0M\'\emA0c~?V\+\{٧25\)Pʋ7ea\\\\d%\-و\Z$\p~;!,c=\,\QI\ze10f2	El\a[\>.\+,5\()\\Jd3ҧ ۑmY*f݌3Ac\J\/>\\\"j%$\\_7-[0`HԀG@Ȑ\\Ka3\"m;Q;wK\\_w\0/\\\H\r\\\03#\2o\mD\\ɶ\)e\r$G\i\m\'\G54\x\Ƹ\٘ɇ O\SuX#i=7h^\\\6\SX\;S\]4e\c\oQ]\h\\\\1[?pS7.ɓk5\eI^e`k\W\.lh&;\U\.\\^}~;.\Ճ\帄~d=:NC\\+F2?\\"\ǡ&ܝs\%\@U\\"{:!Un;Y\*&Gk\p\\Yf\z\W7xy;<o\^-@b0\]zo,7\\i\\;MY%1\\ݨ*b\s]\<,$\0\$C.I\+/!읥l~6/n;eM}S):	\6\}S\\\}\\Y;ra\?\n2퍈c_>Ӡ\\\UnW\\[hpf?QP:n;ws\\\\Y8\v7;(;ވ0\n\=\%Q>\+AXϺ\#%\;q7xO)\u\:S\\\rAV\x^ʷ$DNSX:W3\\\\\>hl\\\q\\\Z\"\LP\nmO\V	L/oWmvw2&$ݷlt.hă\R̜I`r\\\{ʹ\\oE\\\Uŷ\m>_2\XE5\\\\f\"\;\Q\xc\nR\r\N÷d\\c\\\QӴq*\\i\j\B\tN WU9\\*J&)C\n\\C{\\\m\'\q̫,	C.l\\,.镉\I;\\C64\Fa\V\c\{\U*(\0(\_\,7\:\S;Z\A\\\I\!\"]V&(kä\3\\\v\=k8\F\H\&\8\[\AZ\\\\\/X˖\\V;\n:Ͱw-7o+5\Ro>.\!!sLϓcy\ZA).9tஃ\\gB|\\\6K@ 3B\god.\0z\ZxGL*j1R?\0\oά\;{=y*\\T\"5%[V\\\U`IP\\\e5\tl:6d;#@\a|7\B\Ub\")\V,=A$nd\0NvR7p#Ϛb\'Ϫ[\]k\\\\}:\?\\Ғ\6a\֋sn\z&\"\E\\b俼ձz64,\\L̃L:\\\ʁ@´4\n\0,_\ZBl\Q\x\\0#PWM~Zؐz@>ahA\\w	N+\nVQVH\A5\ͨ\Qo#t\'-\g!˖H`D\\0Dg\&P\˶\0lBffFAo&NOSVl\r\\'\/\@\\\£9\\LR\\\\v[2t\MyS\q;/]AFa\	EB7\6=\Hw\\\d\I\J\"c\\\\;\ʚX\o;3\mу:j1\n)+\qxǓ8\[$3>vU\\0\N\\\!R[<\4\n*\U,\*$\0Ԛ9 +!\\\eqo)\ \ExEgD\;KU\ܯ+xJ u\0?*\\姂ʏk\\l\fH`\'\J\(h-?\ku8~~R#\6\­\;:SmRq\h\y\}>VxF	,ZKIs\'ԙ4\lhh\\\\\ȕ\;ӲW\X\".Dky\9\\t\A\{dX\"rM:\0m\V?\\\0\Ny<F2\\9\ZdY\0\\\h\vm\Ț؉\0\N٧{\+DJ^\B j\Z \\"\\3t`^a1o\5=<Ƹj\zd\hu\\U\z5j-eJ&7?P!K&&\7Py\Ldn\r>\n\sҫ[A\$\\>JvA$x3b,5s&b$:144)23H4\f4\G6\\nZõ\/.D!˯mP㈵m5B\8ba,Ab|\NtȄb4Nɐ=q[%\Ŵ\\ܞ¼\CE\p̎\ğ\17mO\0O\\\0Ҧi$e>9GY\ʴ\>\Z֬x5ˆI| ~1ڛƌ\J\\KeG\7)\Z9g\b3\0\M\G\P\&\$c=\sXs}\0!JC\0\o4\eK5Ѱl湿	\\]\2̈:\a\5\<H\	q݉>-\8\˷\Z\"Z	\'Ꮘ@ZUs@[Y\\\_\Z;cm\lŜHν5$͌W;6^@\\*	vU\щȟ!O\\\\)\r=ǨEhH8\1,\aO\\r<0YZs\L\☬@WmQ?֕\,`\0\'\.ߞ\0c\R\"\.T&W\xГ\\\lwG\y;s(\0HVvoiZ+s7IÇ\\\	m!\IDu\K\F\Ah.r*l>m3\IbL	\hc,fܜ#F\\~\BbH!\D0\~#><r5\W[d\MC\r\<]ƚt6)ĉ\|~\i?̮6\O\Xr\d;\\o321\u\A{6֑šq8%\( \"ǳ\v	+?pJ:%X0\:\*<w\\\Ni\</YKH\4?βen\_\Z&\r\7Q\r(l\+\Y\\?\cDS;!VchLE7<X]74\'\xb ᛅw:,\a ,\\\2ܟդ\o\\\"\Vb\Z\\0a@ \\$-N\Y6\0\\\&\\uCh=hs7SO\\c*.\:y:\۽f\n\\a&\?AHL\ϕ\\\3\W;D\4iN0ص\\Trص]g\\ޡ\\5`\PW\m3)\L\4\Ҩkd+׍|z(.-j\03HJJ@\~\C0|:6\-\nZ\\M\\r\0\)h\\\Tg\u_VK\Iȹ\"r\4N5\P\'ĭֆSA\ַN\X[g@n#P460\Ε\\n\\b\\l\"\\\\՚ƴSB2\ڞ\>:xݶă>Sб\TѰQ2\\yo\\\\x5\ ,)$\"t$\Ut-s\ʘBʣ߾\o\g\nZR@բ\@\в{\Jk\ÏHh\\7\\Z\շ  6o&\{e7V\r\Z\mqs*ѾO\nP\=IL4H!\rٯ_ܨ`[0\0:\MO!ܫ\!Ƭ[\6\Z}\:Q\'pdU\i ֝\\H;Ǉ]\r\C?\\\܇n~\6e\Zf\\\Wc\\0җȁ\\왯n%$K{Q:\Ҡ[+3%5\rs_B\\$	NՒ\\\\\\&\']v\S8\N\0A^\SKT\6z\gJa\y\\A=\"\\\_\'>SpX\4{N\\\\\ުt-UQFS\hhe|/ySCbp\\\1\0\\>\\\X\k]oa\\\%\>Eg]\ILbG̱6NV^\\}\VUU(Te(p9\/\'rm}\b\.\\I1\I9F\\n!c\r)\\sL\ϊp0\?\\Vy\\\U$6	E\\d6\zRLVҷq:ԭ50\\용RZHvF\\\\4ثH\\lR2ܓkP\Z\\Z\[a\rLnN\u\JM\@[\?7\"#^_\\\r\i!Xe\d\NU\EmB\\dYaV\7\М\fb\2\\0\wHJg9\1G?\qd\?\Z{rو\'3	\1\R׭NO_#e\#0yO\\\Gj45\'GK~Kl̩, t\?w:\0%$pQ9G\\S\Lk2vm\\\\gm\5fz\~4\P\\Z\@<$\Ś&6EU\wD`\PO\\3eԀLLzuHR\Ç\t{Z\n\?\t?CU\\:hsv\ఌ\1\~\l)\Z\43<\\b0vC\"\*Z9\a\\\n\leUU_>\zZL`wj\\\/o(\9\0jc\9,Lܞ2H\jAY^\ae\{\ZsKU\\(-e\a734Fo1{*\Ⰿi\'\e-\\0eQBU\0\0\\0\nGH\\%k5*j&\A:\\\Q\s\\(\\\0\X\ø\}?4z\r[ӳ?n~wCc%n\"\\^]Z{lGYzU/+\"\í\5ov3\\XS\_EÄ7u\5\M\>M]e\|\\\ny4?~:7\rF\\x3[r\\$\0zvL\u\0\tNŶ!\rsB٦7m4X$2\rDPYVc8D\Y;Uy*Buɞ\\5b*Rl0XtYw A;Kl(.v\\\\ϕ\\\	q$m6cx\;@\\r\\k}\\\]W\\\.<+_\"{\Ip\yZ$\vA<\Z\c^5Ъ \r=\0ϑ\91Ay\^q\e(]G<,ɝ\|VX\]\n`3B8\\]W)9\=~WtOn\荭\|s\|\VKfˡi[M,|\S4;p7\\\\!<\$\0\\0	ܝU1\14\S\43f?3\S\؛G\r) \nH#IЀ\u\\s\\\=7\ZBZ(;t\Zb\^D\r@\\b\"E\Z\'<9y{lܼʆJΌzN\iFⰺ\\oU(KZw=5\\0ӫ+j,\\XW\0X\\Xg\\#Vjr|\ߤF\m\\ސ\v;,mrLε\f\3|\\=+\zՆ#\aTO`\,q9\\ro%$\\\gX&ee\+	\\P#l_L:=ǚ5\\\re3lA\CA\g_L\ܴر\ʈ\9\*1\2>\zb0=I\\r\U\~\`	r3\#@?zɖ77<,eˁ>]\\WE:\0#\At\9b\\\ ?\R%_M	w\iZ+\S\k\r~)ՐFEl\r.\\\|k\\Փ\\D\rXו\T4r\..#h\ف t:u}\)I@Ԇ3,r)8˕B\OXLB\ywI1\Zӈ$\u\XO\c\0d.8F\\\ݮ\"u,7\R\	:\n\\+FSG\*\0P24:\nMdۇ<{U)f\P\ޡ=\PE\Qs\\\c\^\([,\2\\Oħ\0!Ak\\JԖ	2\%com\[\\46	i\a-fiC7\U@\'܏ZcAG46GS1܁\._\\"q\W\ުM\9l\0,Rɷk+1&w\8?J/V\jۗ\I\0:B\S#\\\2{ܲ\\\(>K;A\0OY\k:\\7<t\hq\mQ\w\\T<\ǟ\riM@-\0	&:ΘȘ\6Y=+2|\~\6q6sղlL#Ђ4_y^\8#]-\	ƣV{6\\9JȘiyy>_EzW`z1CZ\;\M\r=\ԭVto\(Ѕ\(m\ΥLv`G\Ux\(x\Rˏn=\o)U\:\\Z\mҐ\:\[YExl6\Zkx]#m\~bƗj\{2%lF }\0\\V];M/ 	qH\\Jn\\\"Y\!B\\;.F!E\#@.ܸV\\z\Y0@l\\"\Wwت\\MuA\go.\Q\jM%!v	pc\[ ص\\[\7\t.<I)Һ6[\k\\{7{Dm2F\'k:\}\r>\R\I\\\\^V\=\۲\UV\\n>R\v׹Rc\\1\iښ.<\6A)۶m\MlG\԰ }=hP\\5\\\rcH\0 \vOF\`\\\\X\s\0DuQǇs\/<fe(dy]\|\U׶m\̰\ :o\ֽO\!FH	\Z\ޏO\\2VL\n\6jp3\l\$u\"7\Zp~\c\\3\\\\oq\"[w\_NC+\=5>(\]s?c$\\wa:͠\0Z{5\ZYWXT\"4 q3\w*	n+\*֨cBᰖm5hەP	\iM4\r{̬8\\!2\\*{5F$Q12$\~||\px{~IIIz8\+!\\0\"\\0\'<2\x(351\MgL-\t.-\K:\&z\0\Mv`f\B$>\0DUlQ?Qe)\\t==G\Ԡd=\\5S>CU!1\;;d\-Z\\=\0\\A|o%iÉ,ߡ\\\\^0\\@(1;\rwe\Z}ou{^:U9\46\;	\$J:\0M\A\0 {ޛ<.r:/lMH\^fi%HrX\Fѭg\#\&.;\\s<@\n\\\P\f\rd\2\0`#\SAGH\/aݸI\m]\>\ٺwѱ\WWbL\\8?U\\5\X\5K>i[U\0\d\rW\j+P\I\"pk\x\\F;t\\Q-䭬n ,l\\?>4q\e{\Y+{[#50\T\\\CVh\5%\<7\w0\qB\iA\ҙKښ]\\6\éRF\zQE{u4\wdl\m#\\^\\+3#\\\,t u\)x`\ݭ,rCot\\45r^%\M-I\t!\/}Z1<D\ʀI\0jd(\7K@X\Fo\Zw;\\DHR\B&zp.TZ+[fU\q\0N\Z7\\B\\+_Jvl9\Z\\5̞i$\.Gꥫ\\LzWdxl\n\<Us~%\3w\\ZQ4\tK\T\Z;&c)9p&w7o\\rv\\M\R}\0|ʌ|WHЩ\_$\Ң\0\y)nK1dm\\0KQL,e\ה.I)p?l\`y\f\Z2\\9Z]Blmv=\\&pXevGiܞ\\\%^*UeG:\Ra\\Z\ZPw)}\\0\r=?OU0=Թj\\\M,	ֽ߯C@MU\\~L~\Z\\鸤l\	Jf:\豓#\T\W[zmW#\YKu\\w\{\0\nM<z\\3WY3\\"\0wW\rJoq\n(\]\>4#+5i\\\\>2tm1\\I\-wx<{\M$\F\0\\ra\bT*Aܝ}=h\7jZv\\fQ\\\侦Ӎ	\,_֘fP;;b\\\\\'P\>\\H Ab5_,\Zh-z\i_|JQe{\\M\\0\z\\\U/Ԓ}DR2ɪ@\q\x\\oVV\\ٹ^\ZW\rrX5A\n۴\\0@ĈԱ;\\2fpuK\$I\'\N,\nw#\\'\LD\0;+3/cdD}T+1G2~\ZD@1\)X#{d\mu&\N\ǚq\\[,\$3 m\\a(E\\q\\\\"iXw$|\w85UL=0\0q._Gp\\z^Lz>\\\\\?\T-\\c,w \I\ i\ lW\\O\\1CZ!v\ryRPB\0 \:\#b{p\^P\ڡ\\ƨEhF<NG\2\0e\t\xS[+avj\\\-,\\p\B\0\\#\\\x{l\NpX{Vdc΂\Z1\r<\s?8U\o%\\֣@h\0.i,GrM\U@Y\+k&ٸDrOA?#C@\\Na\&M\r@^a\re\Z&PFqN$\3ӤŢ\\7;\m\\.X\0>C@g\jS\"k9[36/\0Fopm\'ΡI?\\0Oޝ[EbjR\qv>k\쬀{\\p\ǸOOQZi*\6\n\Y\Z0\\R?\\7|`18S\M\\W\A1\\\2܌|QGNx?[\#+%Pz<S\~V7\F\\OB\f13\ʅ#\lǇ{rS[8uLB>b\0\H˖\\GG\ {J׵\>:+Sv\t.\Z\E$\k\ĕk(\@$LAMH[&\hbgKYT{^\\EDu\WkCE	^\^^J\YRWx]\˙4\\K\\`ӣv8\\An\>\\\u;?ec/|\}Nkʊ*^ɯ \!G$Oʪd\nU\\A\D\0@\0t\0W\Ku\0\$Z+-ZgUҼk/bo5\szV9@\\0i\\K\+\Xlc cY\\0\z\\n\VO\"\\0vQ?yf^kGk\k\q\\ى\\K\r#\9A\"#yVa\x}\vs\0N\{\0^K\`@#b\'\ZWb\&Y{-8uȽo\Oև(\	\;}\0Ua\VmJ\ê\Mr-q!1\\'.\:\\'}7H\>\0/\\\{-\y}?\8	ܧ+\$~\IǉZ+Ҹk\n^W\rS\ß`*j\;L7ڗ\a{vZ+!-\W\Z\\\\*&H$\~h\jr\ꙑI3{ڪfL]\Krb9Gƀ\[p\N\kh\0\\\0?~.5ԇ$wS\\9\ZA5\'%\V\L\F!)\\\ByG.,\\I9\\C\\2[m\^k\Z\\(\g㧹\Q\\\7Vܯ\\	/Aq\/=O\zA0ȷ\俜e\-\0 ~\|\mU\X^eT\nK2\r/\8?TgW\\^иU\\r\ .r؜\MRLw6\MnM\\r.얎7Z0]Rx;b\Ao=3\4\h3͟_^\8\[\]K$\6\&\'٢kBmWR7T@\`zz)mʒ.݋_^\aC\\VK,Ns\\\\b\^]{L\ᶅ\\UKf#tV\+Y8ו\kkTS\V\ܺn\L\\DK;ux\\ۃ\:-GY\K\\B\\ns=~Ve\J\*\','hjhhn.jpg',NULL,NULL,NULL,NULL,NULL,NULL,NULL,NULL,NULL,'Personal',0,'2017-10-18 15:10:52','8252ecc7-d6eb-4fd4-91f1-22a2d14567f0'),(17,'tas','741DECB6F093B4CE316647E55327AA28',1,'tas@yopmail.com','1','2017-10-10 11:45:48',NULL,NULL,'2018-09-21 00:00:00','boothadmin',NULL,0,'#341561','0,255,0','0,255,0,255',0,1,NULL,NULL,NULL,NULL,NULL,NULL,NULL,NULL,NULL,NULL,NULL,NULL,NULL,NULL,'Personal',0,'2017-11-09 11:45:48',NULL),(18,'TTTTTTT','10C056C54A8A455806D5137092AEFD76',1,'tasdd@yopmail.com','1','2017-10-10 11:55:29','2017-10-10 12:21:17','','2018-09-21 00:00:00','boothadmin',NULL,0,'#341561','0,255,0','0,255,0,255',0,0,'#192F72','25,47,114','25,47,114,255',NULL,NULL,NULL,NULL,NULL,NULL,NULL,NULL,NULL,NULL,NULL,'Personal',1,'2018-02-23 01:49:56',NULL),(19,'Rapidsoft','10C056C54A8A455806D5137092AEFD76',1,'rapidsoft@rapidsoft.co.in','1','2017-10-10 13:08:47',NULL,NULL,'2018-09-21 00:00:00','boothadmin',NULL,0,'#341561','0,255,0','0,255,0,255',0,0,'#85A33C','133,163,60','133,163,60,255',NULL,NULL,NULL,NULL,NULL,NULL,NULL,NULL,NULL,NULL,NULL,'Personal',0,'2018-03-19 07:49:01',NULL),(20,'Admin','admin',1,'admin@iamuse.com','1','2017-11-01 18:51:46',NULL,NULL,'2018-09-12 00:00:00','superadmin',NULL,0,'#341561','0,255,0','0,255,0,255',0,1,'#4EDB84','0,255,0','255,255,255,255',NULL,NULL,NULL,NULL,NULL,NULL,NULL,NULL,NULL,NULL,NULL,'Personal',0,'2017-12-01 18:51:46',NULL),(21,'antil','2BF63FC46C23597AC2441F5A91A03264',1,'antil@yopmail.com','1','2017-11-01 19:05:57',NULL,NULL,'2018-09-21 00:00:00','boothadmin',NULL,0,'#341561','0,255,0','0,255,0,255',0,1,'#4EDB84','0,255,0','255,255,255,255',NULL,NULL,NULL,NULL,NULL,NULL,NULL,NULL,NULL,NULL,NULL,'Personal',1,'2018-02-22 00:35:27',NULL),(22,'abdul','741DECB6F093B4CE316647E55327AA28',1,'abd@yopmail.com','1','2017-11-01 19:32:37',NULL,NULL,'2018-09-21 00:00:00','boothadmin',NULL,0,'#341561','0,255,0','0,255,0,255',0,1,NULL,NULL,NULL,NULL,NULL,NULL,NULL,NULL,NULL,NULL,NULL,NULL,NULL,NULL,'Personal',1,'2018-02-22 00:31:42',NULL),(23,'Roohul','10C056C54A8A455806D5137092AEFD76',1,'roohul@g.com','1','2018-02-21 14:19:23',NULL,NULL,'2018-09-21 00:00:00','boothadmin',NULL,0,'#341561','0,255,0','0,255,0,255',0,1,NULL,NULL,NULL,NULL,NULL,NULL,NULL,NULL,NULL,NULL,NULL,NULL,NULL,NULL,'Professional',0,'2018-03-06 11:32:23',NULL),(24,'Abhinay','10C056C54A8A455806D5137092AEFD76',1,'abhinay.pandey@nkcproject.com','1','2018-02-22 18:46:12',NULL,NULL,'2018-09-21 00:00:00','boothadmin',NULL,0,'#341561','0,255,0','0,255,0,255',0,1,'#4EDB84','0,255,0','255,255,255,255',NULL,NULL,NULL,NULL,NULL,NULL,NULL,NULL,NULL,NULL,NULL,'Personal',0,'2018-03-31 04:13:39',NULL),(25,'Test2','10C056C54A8A455806D5137092AEFD76',1,'er.pandeyabhinay@gmail.com','1','2018-03-20 13:29:16',NULL,NULL,'2018-09-21 00:00:00','boothadmin',NULL,0,'#341561','0,255,0','0,255,0,255',0,1,'#4EDB84','0,255,0','255,255,255,255',NULL,NULL,NULL,NULL,'2-434ba2d46a3aada8589b5eefb244a61fcc1b305c7e9cf7d692e65986d5563b5dd4bf0954b33de5fd806615688dcbb6d7','1117589000000160124',NULL,NULL,NULL,NULL,NULL,'Personal',0,'2018-03-27 00:00:00',NULL),(26,'test','10C056C54A8A455806D5137092AEFD76',1,'test@gmail.com','1','2018-03-20 18:10:39',NULL,NULL,'2018-09-21 00:00:00','boothadmin',NULL,0,'#341561','0,255,0','0,255,0,255',0,1,'#4EDB84','0,255,0','255,255,255,255',NULL,NULL,NULL,NULL,'2-434ba2d46a3aada8589b5eefb244a61fbfb69cbd81226b9592c26e1dfcb89a93fedcb1e594471cff806615688dcbb6d7','1117589000000160459',NULL,NULL,NULL,NULL,NULL,'Personal',0,'2018-03-27 00:00:00',NULL),(27,'test1','10C056C54A8A455806D5137092AEFD76',1,'test2@gmail.com','1','2018-03-20 18:26:35',NULL,NULL,'2018-09-21 00:00:00','boothadmin',NULL,0,'#341561','0,255,0','0,255,0,255',0,1,'#4EDB84','0,255,0','255,255,255,255',NULL,NULL,NULL,NULL,'2-434ba2d46a3aada8589b5eefb244a61f20fef9f5df1420c798f093d444af4f73c92a547c6cc7889d806615688dcbb6d7','1117589000000160568',NULL,NULL,NULL,NULL,NULL,'Personal',0,'2018-03-27 00:00:00',NULL),(28,'Rapidsoft Test',NULL,1,'222rapidsoft@gmail.com','1','2018-04-16 14:28:30',NULL,NULL,'2018-04-16 14:28:30','boothadmin',NULL,0,'#341561','0,255,0','0,255,0,255',0,1,'#4EDB84','0,255,0','255,255,255,255',NULL,NULL,NULL,'115571059022424156665',NULL,NULL,NULL,NULL,NULL,NULL,NULL,'Professional',0,NULL,NULL),(29,'pandey1992','CC6D01AF08E9A7188D7F3D99BF9CA6DE',1,'pandey1992@rediffmail.com','1','2018-06-25 10:44:09',NULL,NULL,'2018-09-21 00:00:00','boothadmin',NULL,0,'#341561','0,255,0','0,255,0,255',0,1,'#4EDB84','0,255,0','255,255,255,255',NULL,NULL,NULL,NULL,'2-434ba2d46a3aada8b50c5ee67c2f6f049f9d7dc1a7569364d13754e0fe609cc5aa4a10837f26d0e2806615688dcbb6d7','1117589000000384015',NULL,NULL,NULL,NULL,NULL,'Personal',0,'2018-07-01 00:00:00',NULL),(30,'Roohul Amin Khan',NULL,1,'roohulamin.khan@gmail.com','1','2018-08-03 12:41:42',NULL,NULL,'2018-08-03 12:41:42','boothadmin',NULL,0,'#341561','0,255,0','0,255,0,255',0,1,'#4EDB84','0,255,0','255,255,255,255',NULL,NULL,NULL,'108283386217195856658',NULL,NULL,NULL,NULL,NULL,NULL,NULL,'Professional',0,NULL,NULL),(31,'Ra Khan',NULL,1,'khanra8@gmail.com','1','2018-08-03 15:35:57',NULL,NULL,'2018-08-03 15:35:57','boothadmin',NULL,0,'#341561','0,255,0','0,255,0,255',0,1,'#4EDB84','0,255,0','255,255,255,255',NULL,NULL,NULL,'117361701214546021495',NULL,NULL,NULL,NULL,NULL,NULL,NULL,'Professional',0,NULL,NULL),(32,'test1','AB9C03E4E1A3EB86C9C5A856E6BAF9A3',1,'test1@test.com','iAmuseProfessional','2018-09-05 13:10:22',NULL,NULL,'2018-09-05 13:11:47','boothadmin',NULL,0,'#341561','0,255,0','0,255,0,255',0,0,'#050F28','5,15,40','5,15,40,255',NULL,NULL,NULL,NULL,NULL,NULL,NULL,NULL,NULL,NULL,NULL,'Personal',0,'2018-10-05 13:11:47',NULL),(33,'test6','741DECB6F093B4CE316647E55327AA28',1,'test6@test.com','1','2018-09-05 14:01:14',NULL,NULL,'2018-09-05 14:01:14','boothadmin',NULL,0,'#341561','0,255,0','0,255,0,255',0,1,NULL,NULL,NULL,NULL,NULL,NULL,NULL,NULL,NULL,NULL,NULL,NULL,NULL,NULL,'Personal',0,NULL,NULL),(34,'test6','741DECB6F093B4CE316647E55327AA28',1,'test6@test.com','1','2018-09-05 14:01:15',NULL,NULL,'2018-09-05 14:01:15','boothadmin',NULL,0,'#341561','0,255,0','0,255,0,255',0,1,NULL,NULL,NULL,NULL,NULL,NULL,NULL,NULL,NULL,NULL,NULL,NULL,NULL,NULL,'Personal',0,NULL,NULL),(35,'test7','741DECB6F093B4CE316647E55327AA28',1,'test7@test.com','iAmuseProfessional','2018-09-05 14:02:29',NULL,NULL,'2018-09-05 14:03:07','boothadmin',NULL,0,'#341561','0,255,0','0,255,0,255',0,0,'#18C339','24,195,57','24,195,57,255',NULL,NULL,NULL,NULL,NULL,NULL,NULL,NULL,NULL,NULL,NULL,'Personal',0,'2018-10-05 14:03:07',NULL),(36,'aman','741DECB6F093B4CE316647E55327AA28',1,'aman@yopmal.com','iAmuseProfessional','2018-09-06 17:04:44',NULL,NULL,'2018-09-06 17:06:09','boothadmin',NULL,0,'#341561','0,255,0','0,255,0,255',0,1,NULL,NULL,NULL,NULL,NULL,NULL,NULL,NULL,NULL,NULL,NULL,NULL,NULL,NULL,'Personal',0,'2018-10-06 17:06:09',NULL),(37,'ddd','0BC4F70FFFFE1EFA0B0B6FACBF9A1938',1,'ddd@yopmail.com','test5','2018-09-06 17:07:37',NULL,NULL,'2018-09-20 06:05:38','boothadmin',NULL,0,'#341561','0,255,0','0,255,0,255',0,1,NULL,NULL,NULL,NULL,NULL,NULL,NULL,NULL,NULL,NULL,NULL,NULL,NULL,NULL,'Professional',1,'2018-09-27 18:05:38',NULL),(38,'ddd','0BC4F70FFFFE1EFA0B0B6FACBF9A1938',1,'ddd@yopmail.com','test5','2018-09-06 17:07:38',NULL,NULL,'2018-09-20 06:17:35','boothadmin',NULL,0,'#341561','0,255,0','0,255,0,255',0,1,NULL,NULL,NULL,NULL,NULL,NULL,NULL,NULL,NULL,NULL,NULL,NULL,NULL,NULL,'Professional',1,'2018-09-27 18:17:35',NULL),(39,'ddd','0BC4F70FFFFE1EFA0B0B6FACBF9A1938',1,'ddd@yopmail.com','iAmuseProfessional','2018-09-06 17:07:39',NULL,NULL,'2018-09-06 17:07:54','boothadmin',NULL,0,'#341561','0,255,0','0,255,0,255',0,1,NULL,NULL,NULL,NULL,NULL,NULL,NULL,NULL,NULL,NULL,NULL,NULL,NULL,NULL,'Professional',0,'2018-10-06 17:07:54',NULL),(40,'test','741DECB6F093B4CE316647E55327AA28',1,'test3@test.com','test5','2018-09-06 17:13:15',NULL,NULL,'2018-09-20 05:19:19','boothadmin',NULL,0,'#341561','0,255,0','0,255,0,255',0,1,NULL,NULL,NULL,NULL,NULL,NULL,NULL,NULL,NULL,NULL,NULL,NULL,NULL,NULL,'Personal',1,'2018-10-20 05:19:19',NULL),(41,'test4','741DECB6F093B4CE316647E55327AA28',1,'test4@test.com','test5','2018-09-06 17:19:45',NULL,NULL,'2018-09-20 05:14:56','boothadmin',NULL,0,'#341561','0,255,0','0,255,0,255',0,1,NULL,NULL,NULL,NULL,NULL,NULL,NULL,NULL,NULL,NULL,NULL,NULL,NULL,NULL,'Personal',1,'2018-10-20 05:14:56',NULL),(42,'abcde','741DECB6F093B4CE316647E55327AA28',1,'abcde@yopmail.com','iAmuseProfessional','2018-09-06 17:30:19',NULL,NULL,'2018-09-06 17:31:23','boothadmin',NULL,0,'#341561','0,255,0','0,255,0,255',0,1,NULL,NULL,NULL,NULL,NULL,NULL,NULL,NULL,NULL,NULL,NULL,NULL,NULL,NULL,'Professional',0,'2018-10-06 17:31:23',NULL),(43,'an','741DECB6F093B4CE316647E55327AA28',1,'an@yopmail.com','test5','2018-09-06 17:33:45',NULL,NULL,'2018-09-12 04:59:53','boothadmin',NULL,0,'#341561','0,255,0','0,255,0,255',0,0,'#50CC4A','80,204,74','80,204,74,255',NULL,NULL,NULL,NULL,NULL,NULL,NULL,NULL,NULL,NULL,NULL,'Personal',1,'2018-11-05 17:33:59',NULL),(44,'niraj','741DECB6F093B4CE316647E55327AA28',1,'niraj@test.com','iAmuseCustom','2018-09-12 16:17:22',NULL,NULL,'2018-09-20 05:39:34','boothadmin',NULL,0,'#341561','0,255,0','0,255,0,255',0,1,NULL,NULL,NULL,NULL,NULL,NULL,NULL,NULL,NULL,NULL,NULL,NULL,NULL,NULL,'Personal',1,'2018-11-19 04:21:19',NULL);
/*!40000 ALTER TABLE `booth_admin_login` ENABLE KEYS */;
UNLOCK TABLES;

--
-- Table structure for table `booth_picture_cropper`
--

DROP TABLE IF EXISTS `booth_picture_cropper`;
/*!40101 SET @saved_cs_client     = @@character_set_client */;
/*!40101 SET character_set_client = utf8 */;
CREATE TABLE `booth_picture_cropper` (
  `cropper_id` int(10) unsigned NOT NULL AUTO_INCREMENT,
  `imgX` varchar(45) DEFAULT NULL,
  `imgY` varchar(45) DEFAULT NULL,
  `imgWidth` varchar(45) DEFAULT NULL,
  `imgHeight` varchar(45) DEFAULT NULL,
  `adminBoothEventPictureId` int(10) unsigned DEFAULT NULL,
  `defaultAdminBoothEventPictureId` int(10) unsigned DEFAULT NULL,
  PRIMARY KEY (`cropper_id`)
) ENGINE=InnoDB AUTO_INCREMENT=17 DEFAULT CHARSET=latin1;
/*!40101 SET character_set_client = @saved_cs_client */;

--
-- Dumping data for table `booth_picture_cropper`
--

LOCK TABLES `booth_picture_cropper` WRITE;
/*!40000 ALTER TABLE `booth_picture_cropper` DISABLE KEYS */;
INSERT INTO `booth_picture_cropper` VALUES (1,'209','240','310','174.375',2,NULL),(2,'114','100','480','270',5,NULL),(3,'114','100','480','270',7,NULL),(4,'79','71','480','270',9,NULL),(5,'272.16666666666663','119.1875','394','221.625',10,NULL),(6,'79','69.65625','563','316.6875',11,NULL),(7,'145','129','480','270',12,NULL),(8,'40','94','349','196.3125',13,NULL),(9,'116','162','480','270',14,NULL),(10,'226','183','480','270',17,NULL),(11,'87','189','480','270',18,NULL),(12,'243','176','480','270',19,NULL),(13,'83','197','480','270',21,NULL),(14,'109.83333333333337','161','480','270',22,NULL),(15,'119','78','469','263.8125',24,NULL),(16,'0','35.7532942898975','701','394.3125',25,NULL);
/*!40000 ALTER TABLE `booth_picture_cropper` ENABLE KEYS */;
UNLOCK TABLES;

--
-- Table structure for table `booth_upload_image_email`
--

DROP TABLE IF EXISTS `booth_upload_image_email`;
/*!40101 SET @saved_cs_client     = @@character_set_client */;
/*!40101 SET character_set_client = utf8 */;
CREATE TABLE `booth_upload_image_email` (
  `id` int(10) unsigned NOT NULL AUTO_INCREMENT,
  `mail_image_url` varchar(1000) DEFAULT NULL,
  `upload_time` datetime DEFAULT NULL,
  `mail_image_name` varchar(45) DEFAULT NULL,
  `email_id` varchar(45) DEFAULT NULL,
  `user_id` int(10) unsigned DEFAULT NULL,
  `mail_sent_time` datetime DEFAULT NULL,
  `status` tinyint(1) unsigned DEFAULT NULL,
  `photoSessionId` varchar(45) DEFAULT NULL,
  `publicUseAck` varchar(45) DEFAULT NULL,
  `fileName` varchar(45) DEFAULT NULL,
  `renderVersion` varchar(45) DEFAULT NULL,
  `share` varchar(45) DEFAULT NULL,
  `downloadStatus` int(10) unsigned DEFAULT NULL,
  `isDeleted` tinyint(1) unsigned DEFAULT NULL,
  `eventId` int(10) unsigned DEFAULT NULL,
  `newsletterOptIn` varchar(45) DEFAULT NULL,
  `defaultId` int(10) unsigned DEFAULT NULL,
  `guestUserName` varchar(45) DEFAULT NULL,
  `guestMobileNo` varchar(45) DEFAULT NULL,
  `facebookShare` varchar(45) DEFAULT NULL,
  `twitterShare` varchar(45) DEFAULT NULL,
  `sessionTime` varchar(45) DEFAULT NULL,
  `picId` int(10) unsigned DEFAULT NULL,
  `imageTimestamp` varchar(50) DEFAULT NULL,
  `guest_sessions` varchar(255) DEFAULT NULL,
  PRIMARY KEY (`id`)
) ENGINE=InnoDB AUTO_INCREMENT=82 DEFAULT CHARSET=latin1;
/*!40101 SET character_set_client = @saved_cs_client */;

--
-- Dumping data for table `booth_upload_image_email`
--

LOCK TABLES `booth_upload_image_email` WRITE;
/*!40000 ALTER TABLE `booth_upload_image_email` DISABLE KEYS */;
INSERT INTO `booth_upload_image_email` VALUES (1,'/IAmuseimages/EmailImages','2018-09-05 08:40:43','8HCESFQV.jpg','rapidsoft111@gmail.com',35,'2018-09-05 08:41:50',1,'1536136695.038775','0',NULL,'d1c1','0',0,0,5,'0',0,'tas','564654654',NULL,NULL,'2.214149',17,'Wed, Sep 5 2018 14:10:27 +05:30',NULL),(2,'/IAmuseimages/EmailImages','2018-09-05 08:40:43','2J12C52K.jpg','rapidsoft111@gmail.com',35,'2018-09-05 08:41:50',1,'1536136695.038775','0',NULL,'d1c1','0',0,0,5,'0',0,'tas','564654654',NULL,NULL,'2.214149',17,'Wed, Sep 5 2018 14:10:27 +05:30',NULL),(3,'/IAmuseimages/EmailImages','2018-09-05 08:40:43','G96N8NHK.jpg','rapidsoft111@gmail.com',35,'2018-09-05 08:41:50',1,'1536136695.038775','0',NULL,'d1c1','0',0,0,5,'0',0,'tas','564654654',NULL,NULL,'2.214149',17,'Wed, Sep 5 2018 14:10:27 +05:30',NULL),(4,'/IAmuseimages/EmailImages','2018-09-05 08:46:19','4BYOYXCQ.jpg','rapidsoft111@gmail.com',35,'2018-09-05 08:47:30',1,'1536136695.038775','0',NULL,'d1c1','0',0,0,5,'0',0,'tas','564654654',NULL,NULL,'1.397185',17,'Wed, Sep 5 2018 14:15:30 +05:30',NULL),(5,'/IAmuseimages/EmailImages','2018-09-05 08:46:20','ZA26S0P1.jpg','rapidsoft111@gmail.com',35,'2018-09-05 08:47:30',1,'1536136695.038775','0',NULL,'d1c1','0',0,0,5,'0',0,'tas','564654654',NULL,NULL,'1.397185',17,'Wed, Sep 5 2018 14:15:30 +05:30',NULL),(6,'/IAmuseimages/EmailImages','2018-09-05 08:46:20','N6O60L0W.jpg','rapidsoft111@gmail.com',35,'2018-09-05 08:47:30',1,'1536136695.038775','0',NULL,'d1c1','0',0,0,5,'0',0,'tas','564654654',NULL,NULL,'1.397185',17,'Wed, Sep 5 2018 14:15:30 +05:30',NULL),(7,'/IAmuseimages/EmailImages','2018-09-05 08:48:14','25IAO28N.jpg','rapidsoft111@gmail.com',35,'2018-09-05 08:49:17',1,'1536136695.038775','0',NULL,'d1c1','0',0,0,5,'0',0,'tas','564654654',NULL,NULL,'1.540466',17,'Wed, Sep 5 2018 14:17:55 +05:30',NULL),(8,'/IAmuseimages/EmailImages','2018-09-05 08:48:15','A8YWS2TC.jpg','rapidsoft111@gmail.com',35,'2018-09-05 08:49:17',1,'1536136695.038775','0',NULL,'d1c1','0',0,0,5,'0',0,'tas','564654654',NULL,NULL,'1.540466',17,'Wed, Sep 5 2018 14:17:55 +05:30',NULL),(9,'/IAmuseimages/EmailImages','2018-09-05 08:48:15','TA1WLX3M.jpg','rapidsoft111@gmail.com',35,'2018-09-05 08:49:17',1,'1536136695.038775','0',NULL,'d1c1','0',0,0,5,'0',0,'tas','564654654',NULL,NULL,'1.540466',17,'Wed, Sep 5 2018 14:17:55 +05:30',NULL),(10,'/IAmuseimages/EmailImages','2018-09-05 09:50:58','4Q1114GQ.jpg','rapidsoft111@gmail.com',35,'2018-09-05 09:54:55',1,'1536136695.038775','0',NULL,'d1c1','0',0,0,5,'0',0,'tas','564654654',NULL,NULL,'2.930646',17,'Wed, Sep 5 2018 15:20:53 +05:30',NULL),(11,'/IAmuseimages/EmailImages','2018-09-05 09:50:58','IRXY589N.jpg','rapidsoft111@gmail.com',35,'2018-09-05 09:54:55',1,'1536136695.038775','0',NULL,'d1c1','0',0,0,5,'0',0,'tas','564654654',NULL,NULL,'2.930646',17,'Wed, Sep 5 2018 15:20:53 +05:30',NULL),(12,'/IAmuseimages/EmailImages','2018-09-05 09:50:58','KCE4W398.jpg','rapidsoft111@gmail.com',35,'2018-09-05 09:54:55',1,'1536136695.038775','0',NULL,'d1c1','0',0,0,5,'0',0,'tas','564654654',NULL,NULL,'2.930646',17,'Wed, Sep 5 2018 15:20:53 +05:30',NULL),(13,'/IAmuseimages/EmailImages','2018-09-05 10:15:01','X1VNEAU9.jpg','rapidsoft111@gmail.com',35,'2018-09-05 10:16:31',1,'1536136695.038775','0',NULL,'d1c1','0',0,0,5,'0',0,'tas','564654654',NULL,NULL,'0',17,'Wed, Sep 5 2018 15:44:27 +05:30',NULL),(14,'/IAmuseimages/EmailImages','2018-09-05 10:15:02','8TDJ211T.jpg','rapidsoft111@gmail.com',35,'2018-09-05 10:16:31',1,'1536136695.038775','0',NULL,'d1c1','0',0,0,5,'0',0,'tas','564654654',NULL,NULL,'0',17,'Wed, Sep 5 2018 15:44:27 +05:30',NULL),(15,'/IAmuseimages/EmailImages','2018-09-05 10:15:02','WD7NOERJ.jpg','rapidsoft111@gmail.com',35,'2018-09-05 10:16:31',1,'1536136695.038775','0',NULL,'d1c1','0',0,0,5,'0',0,'tas','564654654',NULL,NULL,'0',17,'Wed, Sep 5 2018 15:44:27 +05:30',NULL),(16,'/IAmuseimages/EmailImages','2018-09-05 10:16:30','ROMHZ8L5.jpg','rapidsoft111@gmail.com',35,'2018-09-05 10:17:26',1,'1536136695.038775','0',NULL,'d1c1','0',0,0,5,'0',0,'tas','564654654',NULL,NULL,'0',17,'Wed, Sep 5 2018 15:46:24 +05:30',NULL),(17,'/IAmuseimages/EmailImages','2018-09-05 10:16:30','N5OGWMCX.jpg','rapidsoft111@gmail.com',35,'2018-09-05 10:17:26',1,'1536136695.038775','0',NULL,'d1c1','0',0,0,5,'0',0,'tas','564654654',NULL,NULL,'0',17,'Wed, Sep 5 2018 15:46:24 +05:30',NULL),(18,'/IAmuseimages/EmailImages','2018-09-05 10:16:30','AD1W12RO.jpg','rapidsoft111@gmail.com',35,'2018-09-05 10:17:26',1,'1536136695.038775','0',NULL,'d1c1','0',0,0,5,'0',0,'tas','564654654',NULL,NULL,'0',17,'Wed, Sep 5 2018 15:46:24 +05:30',NULL),(19,'/IAmuseimages/EmailImages','2018-09-05 10:17:38','5QR7PGUF.jpg','rapidsoft111@gmail.com',35,'2018-09-05 10:18:25',1,'1536137060.153988','0',NULL,'d1c1','0',0,0,5,'1',0,'test','24554545',NULL,NULL,'0.326100',18,'Wed, Sep 5 2018 15:47:30 +05:30',NULL),(20,'/IAmuseimages/EmailImages','2018-09-05 10:17:38','J97FCWNF.jpg','rapidsoft111@gmail.com',35,'2018-09-05 10:18:25',1,'1536137060.153988','0',NULL,'d1c1','0',0,0,5,'1',0,'test','24554545',NULL,NULL,'0.326100',18,'Wed, Sep 5 2018 15:47:30 +05:30',NULL),(21,'/IAmuseimages/EmailImages','2018-09-05 10:17:39','5DYSAUG4.jpg','rapidsoft111@gmail.com',35,'2018-09-05 10:18:25',1,'1536137060.153988','0',NULL,'d1c1','0',0,0,5,'1',0,'test','24554545',NULL,NULL,'0.326100',18,'Wed, Sep 5 2018 15:47:30 +05:30',NULL),(22,'/IAmuseimages/EmailImages','2018-09-05 10:18:46','KEW0TZNB.jpg','rapidsoft111@gmail.com',35,'2018-09-05 10:19:56',1,'1536137184.209253','0',NULL,'d1c1','0',0,0,5,'1',0,'test','6654564545',NULL,NULL,'1.301964',18,'Wed, Sep 5 2018 15:48:28 +05:30',NULL),(23,'/IAmuseimages/EmailImages','2018-09-05 10:18:46','ZCP86OVN.jpg','rapidsoft111@gmail.com',35,'2018-09-05 10:19:56',1,'1536137184.209253','0',NULL,'d1c1','0',0,0,5,'1',0,'test','6654564545',NULL,NULL,'1.301964',18,'Wed, Sep 5 2018 15:48:28 +05:30',NULL),(24,'/IAmuseimages/EmailImages','2018-09-05 10:18:46','91VY0ZXR.jpg','rapidsoft111@gmail.com',35,'2018-09-05 10:19:56',1,'1536137184.209253','0',NULL,'d1c1','0',0,0,5,'1',0,'test','6654564545',NULL,NULL,'1.301964',18,'Wed, Sep 5 2018 15:48:28 +05:30',NULL),(25,'/IAmuseimages/EmailImages','2018-09-05 10:34:47','JFNX474H.jpg','rapidsoft111@gmail.com',35,'2018-09-05 10:36:34',1,'1536137184.209253','0',NULL,'d1c1','0',0,0,5,'1',0,'test','6654564545',NULL,NULL,'5.817407',18,'Wed, Sep 5 2018 16:04:13 +05:30',NULL),(26,'/IAmuseimages/EmailImages','2018-09-05 10:34:47','526SF20U.jpg','rapidsoft111@gmail.com',35,'2018-09-05 10:36:34',1,'1536137184.209253','0',NULL,'d1c1','0',0,0,5,'1',0,'test','6654564545',NULL,NULL,'5.817407',18,'Wed, Sep 5 2018 16:04:13 +05:30',NULL),(27,'/IAmuseimages/EmailImages','2018-09-05 10:34:47','1JRRQT6O.jpg','rapidsoft111@gmail.com',35,'2018-09-05 10:36:34',1,'1536137184.209253','0',NULL,'d1c1','0',0,0,5,'1',0,'test','6654564545',NULL,NULL,'5.817407',18,'Wed, Sep 5 2018 16:04:13 +05:30',NULL),(28,'/IAmuseimages/EmailImages','2018-09-05 12:00:34','SAXSNYPV.jpg','roohulamin.khan@gmail.com',35,'2018-09-05 12:02:19',1,'1536148670.793088','0',NULL,'d1c1','0',0,0,5,'0',0,'rtff','4674764765',NULL,NULL,'2.071658',17,'Wed, Sep 5 2018 17:29:53 +05:30',NULL),(29,'/IAmuseimages/EmailImages','2018-09-05 12:00:34','MSTZIO6W.jpg','roohulamin.khan@gmail.com',35,'2018-09-05 12:02:19',1,'1536148670.793088','0',NULL,'d1c1','0',0,0,5,'0',0,'rtff','4674764765',NULL,NULL,'2.071658',17,'Wed, Sep 5 2018 17:29:53 +05:30',NULL),(30,'/IAmuseimages/EmailImages','2018-09-05 12:00:35','SSEF1MUJ.jpg','roohulamin.khan@gmail.com',35,'2018-09-05 12:02:19',1,'1536148670.793088','0',NULL,'d1c1','0',0,0,5,'0',0,'rtff','4674764765',NULL,NULL,'2.071658',17,'Wed, Sep 5 2018 17:29:53 +05:30',NULL),(31,'/IAmuseimages/EmailImages','2018-09-05 12:02:24','K94Z3IQY.jpg','roohulamin.khan@gmail.com',35,'2018-09-05 12:04:32',1,'1536148670.793088','0',NULL,'d1c1','0',0,0,5,'0',0,'rtff','4674764765',NULL,NULL,'1.636722',17,'Wed, Sep 5 2018 17:31:44 +05:30',NULL),(32,'/IAmuseimages/EmailImages','2018-09-05 12:02:24','JB1XT3FI.jpg','roohulamin.khan@gmail.com',35,'2018-09-05 12:04:32',1,'1536148670.793088','0',NULL,'d1c1','0',0,0,5,'0',0,'rtff','4674764765',NULL,NULL,'1.636722',17,'Wed, Sep 5 2018 17:31:44 +05:30',NULL),(33,'/IAmuseimages/EmailImages','2018-09-05 12:02:25','79QTHSNL.jpg','roohulamin.khan@gmail.com',35,'2018-09-05 12:04:32',1,'1536148670.793088','0',NULL,'d1c1','0',0,0,5,'0',0,'rtff','4674764765',NULL,NULL,'1.636722',17,'Wed, Sep 5 2018 17:31:44 +05:30',NULL),(34,'/IAmuseimages/EmailImages','2018-09-05 12:24:12','ESR1CI4F.jpg','roohulamin.khan@gmail.com',35,'2018-09-05 12:25:21',1,'1536148670.793088','0',NULL,'d1c1','0',0,0,5,'0',0,'rtff','4674764765',NULL,NULL,'0',17,'Wed, Sep 5 2018 17:53:58 +05:30',NULL),(35,'/IAmuseimages/EmailImages','2018-09-05 12:24:12','WUFGYBW6.jpg','roohulamin.khan@gmail.com',35,'2018-09-05 12:25:21',1,'1536148670.793088','0',NULL,'d1c1','0',0,0,5,'0',0,'rtff','4674764765',NULL,NULL,'0',17,'Wed, Sep 5 2018 17:53:58 +05:30',NULL),(36,'/IAmuseimages/EmailImages','2018-09-05 12:24:12','B1YZ6P05.jpg','roohulamin.khan@gmail.com',35,'2018-09-05 12:25:21',1,'1536148670.793088','0',NULL,'d1c1','0',0,0,5,'0',0,'rtff','4674764765',NULL,NULL,'0',17,'Wed, Sep 5 2018 17:53:58 +05:30',NULL),(37,'/IAmuseimages/EmailImages','2018-09-05 12:30:40','UD41WIVT.jpg','roohulamin.khan@gmail.com',35,'2018-09-05 12:31:56',1,'1536148670.793088','0',NULL,'d1c1','0',0,0,5,'0',0,'rtff','4674764765',NULL,NULL,'0',17,'Wed, Sep 5 2018 18:00:27 +05:30',NULL),(38,'/IAmuseimages/EmailImages','2018-09-05 12:30:40','0R3U1LBD.jpg','roohulamin.khan@gmail.com',35,'2018-09-05 12:31:56',1,'1536148670.793088','0',NULL,'d1c1','0',0,0,5,'0',0,'rtff','4674764765',NULL,NULL,'0',17,'Wed, Sep 5 2018 18:00:27 +05:30',NULL),(39,'/IAmuseimages/EmailImages','2018-09-05 12:30:40','G1DARMNJ.jpg','roohulamin.khan@gmail.com',35,'2018-09-05 12:31:56',1,'1536148670.793088','0',NULL,'d1c1','0',0,0,5,'0',0,'rtff','4674764765',NULL,NULL,'0',17,'Wed, Sep 5 2018 18:00:27 +05:30',NULL),(40,'/IAmuseimages/EmailImages','2018-09-05 12:49:14','QPI0TQBQ.jpg','roohulamin.khan@gmail.com',35,'2018-09-05 12:50:13',1,'1536148670.793088','0',NULL,'d1c1','0',0,0,5,'0',0,'rtff','4674764765',NULL,NULL,'0',17,'Wed, Sep 5 2018 18:18:46 +05:30',NULL),(41,'/IAmuseimages/EmailImages','2018-09-05 12:49:14','OSZYD0PC.jpg','roohulamin.khan@gmail.com',35,'2018-09-05 12:50:13',1,'1536148670.793088','0',NULL,'d1c1','0',0,0,5,'0',0,'rtff','4674764765',NULL,NULL,'0',17,'Wed, Sep 5 2018 18:18:46 +05:30',NULL),(42,'/IAmuseimages/EmailImages','2018-09-05 12:49:15','ZHSZZ7UA.jpg','roohulamin.khan@gmail.com',35,'2018-09-05 12:50:13',1,'1536148670.793088','0',NULL,'d1c1','0',0,0,5,'0',0,'rtff','4674764765',NULL,NULL,'0',17,'Wed, Sep 5 2018 18:18:46 +05:30',NULL),(43,'/IAmuseimages/EmailImages','2018-09-05 12:51:58','5HCTLOWW.jpg','roohulamin.khan@gmail.com',35,'2018-09-05 12:52:56',1,'1536148809.673972','0',NULL,'d1c1','0',0,0,5,'0',0,'rytyt','4654754',NULL,NULL,'0',18,'Wed, Sep 5 2018 18:21:51 +05:30',NULL),(44,'/IAmuseimages/EmailImages','2018-09-05 12:51:58','DZ0VIBGL.jpg','roohulamin.khan@gmail.com',35,'2018-09-05 12:52:56',1,'1536148809.673972','0',NULL,'d1c1','0',0,0,5,'0',0,'rytyt','4654754',NULL,NULL,'0',18,'Wed, Sep 5 2018 18:21:51 +05:30',NULL),(45,'/IAmuseimages/EmailImages','2018-09-05 12:51:58','31DYJ6VN.jpg','roohulamin.khan@gmail.com',35,'2018-09-05 12:52:56',1,'1536148809.673972','0',NULL,'d1c1','0',0,0,5,'0',0,'rytyt','4654754',NULL,NULL,'0',18,'Wed, Sep 5 2018 18:21:51 +05:30',NULL),(46,'/IAmuseimages/EmailImages','2018-09-05 13:07:35','PPEMNYSA.jpg','roohulamin.khan@gmail.com',35,'2018-09-05 13:08:37',1,'1536152180.178887','0',NULL,'d1c1','0',0,0,5,'0',0,'fgg','454754',NULL,NULL,'0',17,'Wed, Sep 5 2018 18:37:32 +05:30',NULL),(47,'/IAmuseimages/EmailImages','2018-09-05 13:07:35','6SIUWR2C.jpg','roohulamin.khan@gmail.com',35,'2018-09-05 13:08:37',1,'1536152180.178887','0',NULL,'d1c1','0',0,0,5,'0',0,'fgg','454754',NULL,NULL,'0',17,'Wed, Sep 5 2018 18:37:32 +05:30',NULL),(48,'/IAmuseimages/EmailImages','2018-09-05 13:07:35','CBOCSL46.jpg','roohulamin.khan@gmail.com',35,'2018-09-05 13:08:37',1,'1536152180.178887','0',NULL,'d1c1','0',0,0,5,'0',0,'fgg','454754',NULL,NULL,'0',17,'Wed, Sep 5 2018 18:37:32 +05:30',NULL),(49,'/IAmuseimages/EmailImages','2018-09-05 13:12:25','RI71W4LY.jpg','roohulamin.khan@gmail.com',35,'2018-09-05 13:12:38',1,'1536152180.178887','0',NULL,'d1c1','0',0,0,5,'0',0,'fgg','454754',NULL,NULL,'0',17,'Wed, Sep 5 2018 18:42:26 +05:30',NULL),(50,'/IAmuseimages/EmailImages','2018-09-05 13:12:25','XZOSR047.jpg','roohulamin.khan@gmail.com',35,'2018-09-05 13:12:38',1,'1536152180.178887','0',NULL,'d1c1','0',0,0,5,'0',0,'fgg','454754',NULL,NULL,'0',17,'Wed, Sep 5 2018 18:42:26 +05:30',NULL),(51,'/IAmuseimages/EmailImages','2018-09-05 13:12:26','OXIIYR1O.jpg','roohulamin.khan@gmail.com',35,'2018-09-05 13:12:38',1,'1536152180.178887','0',NULL,'d1c1','0',0,0,5,'0',0,'fgg','454754',NULL,NULL,'0',17,'Wed, Sep 5 2018 18:42:26 +05:30',NULL),(52,'/IAmuseimages/EmailImages','2018-09-05 13:19:34','CHCGDLIN.jpg','dash.anshuman95@gmail.com',35,'2018-09-05 13:19:48',1,'1536153220.441109','0',NULL,'d1c1','0',0,0,5,'0',0,'Anshu','5666',NULL,NULL,'0',17,'Wed, Sep 5 2018 18:49:33 +05:30',NULL),(53,'/IAmuseimages/EmailImages','2018-09-05 13:19:35','BKA4HEQM.jpg','dash.anshuman95@gmail.com',35,'2018-09-05 13:19:48',1,'1536153220.441109','0',NULL,'d1c1','0',0,0,5,'0',0,'Anshu','5666',NULL,NULL,'0',17,'Wed, Sep 5 2018 18:49:33 +05:30',NULL),(54,'/IAmuseimages/EmailImages','2018-09-05 13:19:35','SDRTA97A.jpg','dash.anshuman95@gmail.com',35,'2018-09-05 13:19:48',1,'1536153220.441109','0',NULL,'d1c1','0',0,0,5,'0',0,'Anshu','5666',NULL,NULL,'0',17,'Wed, Sep 5 2018 18:49:33 +05:30',NULL),(55,'/IAmuseimages/EmailImages','2018-09-05 13:32:37','S0VOV3ND.jpg','roohulamin.khan@gmail.com',35,'2018-09-05 13:32:51',1,'1536154246.298149','0',NULL,'d1c1','0',0,0,5,'0',0,'Anshuman','',NULL,NULL,'1.400352',16,'Wed, Sep 5 2018 19:02:09 +05:30',NULL),(56,'/IAmuseimages/EmailImages','2018-09-05 13:32:37','LR9MF728.jpg','roohulamin.khan@gmail.com',35,'2018-09-05 13:32:51',1,'1536154246.298149','0',NULL,'d1c1','0',0,0,5,'0',0,'Anshuman','',NULL,NULL,'1.400352',16,'Wed, Sep 5 2018 19:02:09 +05:30',NULL),(57,'/IAmuseimages/EmailImages','2018-09-05 13:32:37','7F6A89TE.jpg','roohulamin.khan@gmail.com',35,'2018-09-05 13:32:51',1,'1536154246.298149','0',NULL,'d1c1','0',0,0,5,'0',0,'Anshuman','',NULL,NULL,'1.400352',16,'Wed, Sep 5 2018 19:02:09 +05:30',NULL),(58,'/IAmuseimages/EmailImages','2018-09-05 13:35:36','CY6PQVB4.jpg','roohulamin.khan@gmail.com',35,'2018-09-05 13:35:48',1,'1536154437.401661','0',NULL,'d1c1','0',0,0,5,'0',0,'Anshu','',NULL,NULL,'1.298950',17,'Wed, Sep 5 2018 19:05:05 +05:30',NULL),(59,'/IAmuseimages/EmailImages','2018-09-05 13:35:36','NYIRJ4QW.jpg','roohulamin.khan@gmail.com',35,'2018-09-05 13:35:48',1,'1536154437.401661','0',NULL,'d1c1','0',0,0,5,'0',0,'Anshu','',NULL,NULL,'1.298950',17,'Wed, Sep 5 2018 19:05:05 +05:30',NULL),(60,'/IAmuseimages/EmailImages','2018-09-05 13:35:36','EELHKN09.jpg','roohulamin.khan@gmail.com',35,'2018-09-05 13:35:48',1,'1536154437.401661','0',NULL,'d1c1','0',0,0,5,'0',0,'Anshu','',NULL,NULL,'1.298950',17,'Wed, Sep 5 2018 19:05:05 +05:30',NULL),(61,'/IAmuseimages/EmailImages','2018-09-05 13:51:20','CTO5EVRF.jpg','roohulamin.khan@gmail.com',35,'2018-09-05 13:51:42',1,'1536155367.763917','0',NULL,'d1c1','0',0,0,5,'0',0,'gegery','5656',NULL,NULL,'1.986749',17,'Wed, Sep 5 2018 19:21:19 +05:30',NULL),(62,'/IAmuseimages/EmailImages','2018-09-05 13:52:25','RFNL2NLB.jpg','roohulamin.khan@gmail.com',35,'2018-09-05 13:52:47',1,'1536155367.763917','0',NULL,'d1c1','0',0,0,5,'0',0,'gegery','5656',NULL,NULL,'3.077040',17,'Wed, Sep 5 2018 19:22:24 +05:30',NULL),(63,'/IAmuseimages/EmailImages','2018-09-05 13:53:01','4P86HIPR.jpg','roohulamin.khan@gmail.com',35,'2018-09-05 13:53:24',1,'1536155367.763917','0',NULL,'d1c1','0',0,0,5,'0',0,'gegery','5656',NULL,NULL,'3.646038',17,'Wed, Sep 5 2018 19:22:58 +05:30',NULL),(64,'/IAmuseimages/EmailImages','2018-09-06 12:08:37','XRYZBV67.jpg','rapidsoft111@gmail.com',43,'2018-09-06 12:09:18',1,'1536235662.987188','0',NULL,'d1c1','0',0,1,6,'1',0,'test','1234535',NULL,NULL,'0',19,'Thu, Sep 6 2018 17:38:37 +05:30',NULL),(65,'/IAmuseimages/EmailImages','2018-09-06 12:08:37','LQ9D77EL.jpg','rapidsoft111@gmail.com',43,'2018-09-06 12:09:18',1,'1536235662.987188','0',NULL,'d1c1','0',0,0,6,'1',0,'test','1234535',NULL,'1','0',19,'Thu, Sep 6 2018 17:38:37 +05:30',NULL),(66,'/IAmuseimages/EmailImages','2018-09-06 12:08:38','SNPIBEM7.jpg','rapidsoft111@gmail.com',43,'2018-09-06 12:09:18',1,'1536235662.987188','0',NULL,'d1c1','0',0,0,6,'1',0,'test','1234535',NULL,'1','0',19,'Thu, Sep 6 2018 17:38:37 +05:30',NULL),(67,'/IAmuseimages/EmailImages','2018-09-06 12:16:05','THSGEYNC.jpg','rapidsoft333@gmail.com',43,'2018-09-06 12:16:42',1,'1536235978.831858','0',NULL,'d1c1','0',0,0,7,'0',0,'ghhh','555',NULL,NULL,'2.896071',21,'Thu, Sep 6 2018 17:45:52 +05:30',NULL),(68,'/IAmuseimages/EmailImages','2018-09-06 12:16:06','4J46V636.jpg','rapidsoft333@gmail.com',43,'2018-09-06 12:16:42',1,'1536235978.831858','0',NULL,'d1c1','0',0,0,7,'0',0,'ghhh','555',NULL,NULL,'2.896071',21,'Thu, Sep 6 2018 17:45:52 +05:30',NULL),(69,'/IAmuseimages/EmailImages','2018-09-06 12:16:06','UNGLTO6R.jpg','rapidsoft333@gmail.com',43,'2018-09-06 12:16:42',1,'1536235978.831858','0',NULL,'d1c1','0',0,0,7,'0',0,'ghhh','555',NULL,NULL,'2.896071',21,'Thu, Sep 6 2018 17:45:52 +05:30',NULL),(70,'/IAmuseimages/EmailImages','2018-09-06 12:18:48','6YRF37H6.jpg','rapidsoft111@gmail.com',43,NULL,1,'1536236265.611205','0',NULL,'d1c1','0',0,0,7,'0',0,'rccg','5555',NULL,NULL,'1.006782',22,'Thu, Sep 6 2018 17:48:45 +05:30',NULL),(71,'/IAmuseimages/EmailImages','2018-09-06 12:18:48','30YWGX6K.jpg','rapidsoft111@gmail.com',43,NULL,1,'1536236265.611205','0',NULL,'d1c1','0',0,0,7,'0',0,'rccg','5555',NULL,NULL,'1.006782',22,'Thu, Sep 6 2018 17:48:45 +05:30',NULL),(72,'/IAmuseimages/EmailImages','2018-09-06 12:18:48','SOPI91ZW.jpg','rapidsoft111@gmail.com',43,NULL,1,'1536236265.611205','0',NULL,'d1c1','0',0,0,7,'0',0,'rccg','5555',NULL,NULL,'1.006782',22,'Thu, Sep 6 2018 17:48:45 +05:30',NULL),(73,'/IAmuseimages/EmailImages','2018-09-06 12:24:05','OU2GP3B4.jpg','rapidsoft111@gmail.com',43,NULL,1,'1536236265.611205','0',NULL,'d1c1','0',0,0,7,'0',0,'rccg','5555',NULL,NULL,'0.998894',22,'Thu, Sep 6 2018 17:53:52 +05:30',NULL),(74,'/IAmuseimages/EmailImages','2018-09-06 12:24:05','MJDG2KNV.jpg','rapidsoft111@gmail.com',43,NULL,1,'1536236265.611205','0',NULL,'d1c1','0',0,0,7,'0',0,'rccg','5555',NULL,NULL,'0.998894',22,'Thu, Sep 6 2018 17:53:52 +05:30',NULL),(75,'/IAmuseimages/EmailImages','2018-09-06 12:24:05','JY59CBVA.jpg','rapidsoft111@gmail.com',43,NULL,1,'1536236265.611205','0',NULL,'d1c1','0',0,0,7,'0',0,'rccg','5555',NULL,NULL,'0.998894',22,'Thu, Sep 6 2018 17:53:52 +05:30',NULL),(76,'/IAmuseimages/EmailImages','2018-09-12 10:50:23','WDTAD0GX.jpg','roohulamin.khan@gmail.com',44,NULL,1,'1536749350.065442','0',NULL,'d1c1','0',0,0,8,'1',0,'roohuly','36',NULL,NULL,'1.105655',25,'Wed, Sep 12 2018 16:20:15 +05:30',NULL),(77,'/IAmuseimages/EmailImages','2018-09-12 10:50:23','6SO3K3SS.jpg','roohulamin.khan@gmail.com',44,NULL,1,'1536749350.065442','0',NULL,'d1c1','0',0,0,8,'1',0,'roohuly','36',NULL,NULL,'1.105655',25,'Wed, Sep 12 2018 16:20:15 +05:30',NULL),(78,'/IAmuseimages/EmailImages','2018-09-12 10:50:23','H8QWXQPN.jpg','roohulamin.khan@gmail.com',44,NULL,1,'1536749350.065442','0',NULL,'d1c1','0',0,0,8,'1',0,'roohuly','36',NULL,NULL,'1.105655',25,'Wed, Sep 12 2018 16:20:15 +05:30',NULL),(79,'/IAmuseimages/EmailImages','2018-09-12 11:03:43','0WN4I6JK.jpg','roohulamin.khan@gmail.com',44,NULL,1,'1536749350.065442','0',NULL,'d1c1','0',0,0,8,'1',0,'roohuly','36',NULL,NULL,'0',25,'Wed, Sep 12 2018 16:33:31 +05:30',NULL),(80,'/IAmuseimages/EmailImages','2018-09-12 11:03:43','M92IVNCM.jpg','roohulamin.khan@gmail.com',44,NULL,1,'1536749350.065442','0',NULL,'d1c1','0',0,0,8,'1',0,'roohuly','36',NULL,NULL,'0',25,'Wed, Sep 12 2018 16:33:31 +05:30',NULL),(81,'/IAmuseimages/EmailImages','2018-09-12 11:03:43','1GX240C3.jpg','roohulamin.khan@gmail.com',44,NULL,1,'1536749350.065442','0',NULL,'d1c1','0',0,0,8,'1',0,'roohuly','36',NULL,NULL,'0',25,'Wed, Sep 12 2018 16:33:31 +05:30',NULL);
/*!40000 ALTER TABLE `booth_upload_image_email` ENABLE KEYS */;
UNLOCK TABLES;

--
-- Table structure for table `crash_logs`
--

DROP TABLE IF EXISTS `crash_logs`;
/*!40101 SET @saved_cs_client     = @@character_set_client */;
/*!40101 SET character_set_client = utf8 */;
CREATE TABLE `crash_logs` (
  `id` int(10) unsigned NOT NULL AUTO_INCREMENT,
  `file_url` varchar(1000) DEFAULT NULL,
  `file_name` varchar(1000) DEFAULT NULL,
  `upload_time` datetime DEFAULT NULL,
  `user_id` int(10) unsigned DEFAULT NULL,
  `status` tinyint(1) unsigned DEFAULT NULL,
  `read_status` tinyint(1) unsigned zerofill DEFAULT '0',
  PRIMARY KEY (`id`)
) ENGINE=InnoDB AUTO_INCREMENT=3 DEFAULT CHARSET=latin1;
/*!40101 SET character_set_client = @saved_cs_client */;

--
-- Dumping data for table `crash_logs`
--

LOCK TABLES `crash_logs` WRITE;
/*!40000 ALTER TABLE `crash_logs` DISABLE KEYS */;
INSERT INTO `crash_logs` VALUES (1,'/IAmuseimages/IAmuseCrashLogs','1.crash','2018-08-03 10:24:04',31,1,0),(2,'/IAmuseimages/IAmuseCrashLogs','1.crash','2018-09-05 08:31:52',34,1,0);
/*!40000 ALTER TABLE `crash_logs` ENABLE KEYS */;
UNLOCK TABLES;

--
-- Table structure for table `default_admin_booth_event_picture`
--

DROP TABLE IF EXISTS `default_admin_booth_event_picture`;
/*!40101 SET @saved_cs_client     = @@character_set_client */;
/*!40101 SET character_set_client = utf8 */;
CREATE TABLE `default_admin_booth_event_picture` (
  `default_id` int(10) unsigned NOT NULL AUTO_INCREMENT,
  `pic_id` int(10) DEFAULT NULL,
  `pic_name` varchar(450) DEFAULT NULL,
  `pic_title` varchar(45) DEFAULT NULL,
  `scale_x_offset` varchar(45) DEFAULT NULL,
  `scale_y_offset` varchar(45) DEFAULT NULL,
  `scale_z_offset` varchar(45) DEFAULT NULL,
  `image_mask` varchar(2000) DEFAULT NULL,
  `created_date` datetime DEFAULT NULL,
  `rgb_values` varchar(45) DEFAULT NULL,
  `created_by` int(10) unsigned DEFAULT NULL,
  `updated_date` datetime DEFAULT NULL,
  `updated_by` int(10) unsigned DEFAULT NULL,
  `e_id` int(10) unsigned DEFAULT NULL,
  `waterMarkImage` varchar(2000) DEFAULT NULL,
  `imageWidth` varchar(45) DEFAULT NULL,
  `imageHeight` varchar(45) DEFAULT NULL,
  `scalingWidth` varchar(45) DEFAULT NULL,
  `scalingHeight` varchar(45) DEFAULT NULL,
  `isDeleted` tinyint(1) unsigned DEFAULT NULL,
  `status` tinyint(1) unsigned DEFAULT NULL,
  PRIMARY KEY (`default_id`)
) ENGINE=InnoDB DEFAULT CHARSET=latin1;
/*!40101 SET character_set_client = @saved_cs_client */;

--
-- Dumping data for table `default_admin_booth_event_picture`
--

LOCK TABLES `default_admin_booth_event_picture` WRITE;
/*!40000 ALTER TABLE `default_admin_booth_event_picture` DISABLE KEYS */;
/*!40000 ALTER TABLE `default_admin_booth_event_picture` ENABLE KEYS */;
UNLOCK TABLES;

--
-- Table structure for table `device_registration`
--

DROP TABLE IF EXISTS `device_registration`;
/*!40101 SET @saved_cs_client     = @@character_set_client */;
/*!40101 SET character_set_client = utf8 */;
CREATE TABLE `device_registration` (
  `device_id` int(10) unsigned NOT NULL AUTO_INCREMENT,
  `device_name` varchar(45) DEFAULT NULL,
  `device_type` varchar(45) DEFAULT NULL,
  `operationg_system_version` varchar(45) DEFAULT NULL,
  `deteacted_resolution` varchar(100) DEFAULT NULL,
  `guided_access_enabled` varchar(45) DEFAULT NULL,
  `device_storage` varchar(100) DEFAULT NULL,
  `wireless_network` varchar(45) DEFAULT NULL,
  `ip_address` varchar(45) DEFAULT NULL,
  `last_sync_time` datetime DEFAULT NULL,
  `user_id` int(11) DEFAULT NULL,
  `device_token` varchar(100) DEFAULT NULL,
  `createdDate` datetime DEFAULT NULL,
  `isDeleted` tinyint(1) unsigned DEFAULT NULL,
  `status` tinyint(1) unsigned DEFAULT NULL,
  `subNetMask` varchar(450) DEFAULT NULL,
  `deviceUUID` varchar(100) DEFAULT NULL,
  `deviceTimestamp` varchar(45) DEFAULT NULL,
  PRIMARY KEY (`device_id`)
) ENGINE=InnoDB AUTO_INCREMENT=25 DEFAULT CHARSET=latin1;
/*!40101 SET character_set_client = @saved_cs_client */;

--
-- Dumping data for table `device_registration`
--

LOCK TABLES `device_registration` WRITE;
/*!40000 ALTER TABLE `device_registration` DISABLE KEYS */;
INSERT INTO `device_registration` VALUES (1,'iPhone 5','Camera device','10.3.3','640px*1136px','0','2.64GB used 9.42GB available','RST-FF','192.168.1.180','2018-04-16 16:56:38',14,'','2018-04-16 14:28:46',0,1,'255.255.255.0','F7391ACB-4747-4BF3-89B7-AF4B46A8ABDE','Mon, Apr 16 2018 16:56:37 +05:30'),(2,'iPhone 5','Guest Touchscreen','10.3.3','640px*1136px','0','2.64GB used 9.42GB available','RST-FF','192.168.1.180','2018-04-16 16:41:48',14,'95a924340621dc18e2cedffef6e49dd5616bb697105e4125ba963c5cacbc8a0e','2018-04-16 16:40:33',0,1,'255.255.255.0','F7391ACB-4747-4BF3-89B7-AF4B46A8ABDE','Mon, Apr 16 2018 16:41:48 +05:30'),(3,'Roohul Amin’s iPhone','Camera device','11.2.6','640px*1136px','0','22.63GB used 7.17GB available',NULL,NULL,'2018-08-03 19:19:15',13,'1e6e6fc978c92119d65ec9b7179a4485aff8ccf96acb3a610dc4a9ca01cfcd2d','2018-06-22 13:40:08',0,1,NULL,'5F1321D7-B150-4222-901A-21F8CABF5C1B','Fri, Aug 3 2018 19:19:19 +05:30'),(4,'Roohul Amin’s iPhone','Camera device','11.2.6','640px*1136px','0','22.57GB used 7.23GB available',NULL,NULL,'2018-08-03 15:56:00',30,'1e6e6fc978c92119d65ec9b7179a4485aff8ccf96acb3a610dc4a9ca01cfcd2d','2018-08-03 12:41:43',0,1,NULL,'5F1321D7-B150-4222-901A-21F8CABF5C1B','Fri, Aug 3 2018 15:56:05 +05:30'),(5,'Roohul Amin’s iPhone','Guest Touchscreen','11.2.6','1136px*640px','0','22.57GB used 7.23GB available',NULL,NULL,'2018-08-03 15:56:06',30,'1e6e6fc978c92119d65ec9b7179a4485aff8ccf96acb3a610dc4a9ca01cfcd2d','2018-08-03 12:46:33',0,1,NULL,'5F1321D7-B150-4222-901A-21F8CABF5C1B','Fri, Aug 3 2018 15:56:11 +05:30'),(6,'Roohul Amin’s iPhone','Camera device','11.2.6','640px*1136px','0','22.63GB used 7.16GB available',NULL,NULL,'2018-08-03 19:10:12',31,'','2018-08-03 15:35:58',0,1,NULL,'5F1321D7-B150-4222-901A-21F8CABF5C1B','Fri, Aug 3 2018 19:10:16 +05:30'),(7,'Roohul Amin’s iPhone','Guest Touchscreen','11.2.6','640px*1136px','0','22.57GB used 7.22GB available',NULL,NULL,'2018-08-03 17:01:07',31,'1e6e6fc978c92119d65ec9b7179a4485aff8ccf96acb3a610dc4a9ca01cfcd2d','2018-08-03 15:54:14',0,1,NULL,'5F1321D7-B150-4222-901A-21F8CABF5C1B','Fri, Aug 3 2018 17:01:11 +05:30'),(8,'Roohul Amin’s iPhone','Guest Touchscreen','11.2.6','1136px*640px','0','22.62GB used 7.17GB available',NULL,NULL,'2018-08-03 19:20:49',13,'1e6e6fc978c92119d65ec9b7179a4485aff8ccf96acb3a610dc4a9ca01cfcd2d','2018-08-03 19:20:21',0,1,NULL,'5F1321D7-B150-4222-901A-21F8CABF5C1B','Fri, Aug 3 2018 19:20:53 +05:30'),(9,'iPad (2)','Guest Touchscreen','9.3.5','1024px*768px','0','2.90GB used 10.01GB available','RST-B1','192.168.1.177','2018-09-05 13:43:57',32,'48114b417302721bbf698dfdba1f91cb3d65ff109325568d23be8ea8db185185','2018-09-05 13:11:33',0,1,'255.255.255.0','43249AA7-2091-41A6-BD78-03BD79610C85','Wed, Sep 5 2018 13:43:58 +05:30'),(10,'iPhone 6+','Camera device','11.3','1242px*2208px','0','8.88GB used 6.01GB available','RST-B1','192.168.1.176','2018-09-05 13:53:47',32,'','2018-09-05 13:14:02',0,1,'255.255.255.0','56843CCC-AB74-4C60-A749-CAE770FE0EF4','Wed, Sep 5 2018 13:53:44 +05:30'),(11,'iPad (2)','Guest Touchscreen','9.3.5','1024px*768px','0','2.89GB used 10.02GB available','RST-FF','192.168.1.177','2018-09-05 14:01:56',34,'','2018-09-05 14:01:19',0,1,'255.255.255.0','FE07C1E6-A1F7-4840-A6B6-35290BF82F61','Wed, Sep 5 2018 14:01:57 +05:30'),(12,'iPad (2)','Guest Touchscreen','9.3.5','1024px*768px','0','2.93GB used 9.98GB available','RST-B1','192.168.1.177','2018-09-05 19:19:01',35,'d2c8c14d0d9479d7f02b2c1b2c16fe8ed83d43f39e118292eaf070a337ca720b','2018-09-05 14:02:57',0,1,'255.255.255.0','E792428A-2717-4254-809A-3D166927B093','Wed, Sep 5 2018 19:19:02 +05:30'),(13,'iPhone 6+','Camera device','11.3','1242px*2208px','0','8.91GB used 5.98GB available','RST-B1','192.168.1.176','2018-09-05 18:26:11',35,'6ae51398d2aa890d80325cac2101822670f68144c79153f141fe76971a521a78','2018-09-05 14:03:40',0,1,'255.255.255.0','249BCCF6-B7C2-4E45-B026-EDDF8F78AF00','Wed, Sep 5 2018 18:26:12 +05:30'),(14,'iPhone','Guest Touchscreen','11.3.1','1334px*750px','0','11.71GB used 3.18GB available','RST-FF','192.168.1.172','2018-09-06 17:06:59',36,'','2018-09-06 17:05:09',0,1,'255.255.255.0','C2B9D366-6BAB-4CA4-B52F-CBB4E6BBFD9A','Thu, Sep 6 2018 17:07:01 +05:30'),(15,'iPhone','Guest Touchscreen','11.3.1','750px*1334px','0','11.72GB used 3.17GB available','RST-FF','192.168.1.172','2018-09-06 17:13:38',39,'e3a3c081c2c1054e962ed3a486c4dcb5a1771cd759cd4a1daf7b9a80d98e6908','2018-09-06 17:07:51',0,1,'255.255.255.0','C2B9D366-6BAB-4CA4-B52F-CBB4E6BBFD9A','Thu, Sep 6 2018 17:13:40 +05:30'),(16,'iPhone 6+','Camera device','11.3','1242px*2208px','0','8.97GB used 5.92GB available','RST-FF','192.168.1.176','2018-09-06 17:20:16',40,'be7f9e82d6894c8754f5e814382b59fedcd3de00bcd065e77b35aed4e6be8ee9','2018-09-06 17:13:17',0,1,'255.255.255.0','DC8DC05D-C124-417E-B6AD-2CEBEF7775A0','Thu, Sep 6 2018 17:20:18 +05:30'),(17,'iPhone 6+','Guest Touchscreen','11.3','2208px*1242px','0','8.97GB used 5.92GB available','RST-FF','192.168.1.176','2018-09-06 17:18:36',40,'be7f9e82d6894c8754f5e814382b59fedcd3de00bcd065e77b35aed4e6be8ee9','2018-09-06 17:14:27',0,1,'255.255.255.0','DC8DC05D-C124-417E-B6AD-2CEBEF7775A0','Thu, Sep 6 2018 17:18:38 +05:30'),(18,'iPhone 6+','Camera device','11.3','1242px*2208px','0','8.99GB used 5.91GB available','RST-FF','192.168.1.176','2018-09-06 17:34:23',41,'be7f9e82d6894c8754f5e814382b59fedcd3de00bcd065e77b35aed4e6be8ee9','2018-09-06 17:20:32',0,1,'255.255.255.0','DC8DC05D-C124-417E-B6AD-2CEBEF7775A0','Thu, Sep 6 2018 17:34:22 +05:30'),(19,'iPhone 6+','Guest Touchscreen','11.3','2208px*1242px','0','8.99GB used 5.91GB available','RST-FF','192.168.1.176','2018-09-06 17:34:30',41,'be7f9e82d6894c8754f5e814382b59fedcd3de00bcd065e77b35aed4e6be8ee9','2018-09-06 17:27:08',0,1,'255.255.255.0','DC8DC05D-C124-417E-B6AD-2CEBEF7775A0','Thu, Sep 6 2018 17:34:32 +05:30'),(20,'iPhone','Guest Touchscreen','11.3.1','1334px*750px','0','11.72GB used 3.17GB available','RST-FF','192.168.1.172','2018-09-06 17:32:46',42,'','2018-09-06 17:30:56',0,1,'255.255.255.0','C2B9D366-6BAB-4CA4-B52F-CBB4E6BBFD9A','Thu, Sep 6 2018 17:32:48 +05:30'),(21,'iPhone','Guest Touchscreen','11.3.1','1334px*750px','0','11.74GB used 3.15GB available','RST-FF','192.168.1.172','2018-09-06 18:12:01',43,'e3a3c081c2c1054e962ed3a486c4dcb5a1771cd759cd4a1daf7b9a80d98e6908','2018-09-06 17:33:56',0,1,'255.255.255.0','C2B9D366-6BAB-4CA4-B52F-CBB4E6BBFD9A','Thu, Sep 6 2018 18:12:03 +05:30'),(22,'iPhone 6+','Camera device','11.3','2208px*1242px','0','8.97GB used 5.92GB available','RST-FF','192.168.1.176','2018-09-06 17:42:41',43,'be7f9e82d6894c8754f5e814382b59fedcd3de00bcd065e77b35aed4e6be8ee9','2018-09-06 17:34:48',0,1,'255.255.255.0','DC8DC05D-C124-417E-B6AD-2CEBEF7775A0','Thu, Sep 6 2018 17:42:43 +05:30'),(23,'iPhone','Camera device','11.3.1','750px*1334px','0','11.78GB used 3.11GB available','RST-B1','192.168.1.172','2018-09-12 16:18:44',44,'4cf2b1b340174dda2d078cd808a469c2a84bcc93552b5b8c9ddf8fd2c7f6dc75','2018-09-12 16:17:24',0,1,'255.255.255.0','9F381FEF-2982-4333-805E-B9DE7AD650F5','Wed, Sep 12 2018 16:18:46 +05:30'),(24,'iPad (2)','Guest Touchscreen','9.3.5','1024px*768px','0','2.91GB used 10.00GB available','RST-FF','192.168.1.177','2018-09-12 17:44:16',44,'1956fef2bd39e58d38def122eadfaaf866496ab7658c66472079c40ee20cd723','2018-09-12 16:17:55',0,1,'255.255.255.0','869564AC-9E6E-442A-B52B-3A0A8C73DDAA','Wed, Sep 12 2018 17:44:18 +05:30');
/*!40000 ALTER TABLE `device_registration` ENABLE KEYS */;
UNLOCK TABLES;

--
-- Table structure for table `device_registration_all`
--

DROP TABLE IF EXISTS `device_registration_all`;
/*!40101 SET @saved_cs_client     = @@character_set_client */;
/*!40101 SET character_set_client = utf8 */;
CREATE TABLE `device_registration_all` (
  `device_id` int(10) unsigned NOT NULL AUTO_INCREMENT,
  `device_name` varchar(45) DEFAULT NULL,
  `device_type` varchar(45) DEFAULT NULL,
  `operationg_system_version` varchar(45) DEFAULT NULL,
  `deteacted_resolution` varchar(100) DEFAULT NULL,
  `guided_access_enabled` varchar(45) DEFAULT NULL,
  `device_storage` varchar(100) DEFAULT NULL,
  `wireless_network` varchar(45) DEFAULT NULL,
  `ip_address` varchar(45) DEFAULT NULL,
  `update_datetime` datetime DEFAULT NULL,
  `user_id` int(11) DEFAULT NULL,
  `device_token` varchar(100) DEFAULT NULL,
  `createdDate` datetime DEFAULT NULL,
  `isDeleted` tinyint(1) unsigned DEFAULT NULL,
  `status` tinyint(1) unsigned DEFAULT NULL,
  `subNetMask` varchar(450) DEFAULT NULL,
  `deviceUUID` varchar(100) DEFAULT NULL,
  PRIMARY KEY (`device_id`)
) ENGINE=InnoDB AUTO_INCREMENT=317 DEFAULT CHARSET=latin1;
/*!40101 SET character_set_client = @saved_cs_client */;

--
-- Dumping data for table `device_registration_all`
--

LOCK TABLES `device_registration_all` WRITE;
/*!40000 ALTER TABLE `device_registration_all` DISABLE KEYS */;
INSERT INTO `device_registration_all` VALUES (1,'iPhone 5','Camera device','10.3.3','640px*1136px','0','2.63GB used 9.43GB available','RST-FF','192.168.1.180',NULL,28,'95a924340621dc18e2cedffef6e49dd5616bb697105e4125ba963c5cacbc8a0e','2018-04-16 14:28:46',0,1,'255.255.255.0','F7391ACB-4747-4BF3-89B7-AF4B46A8ABDE'),(2,'iPhone 5','Camera device','10.3.3','640px*1136px','0','2.63GB used 9.43GB available','RST-FF','192.168.1.180',NULL,28,'95a924340621dc18e2cedffef6e49dd5616bb697105e4125ba963c5cacbc8a0e','2018-04-16 14:29:44',0,1,'255.255.255.0','F7391ACB-4747-4BF3-89B7-AF4B46A8ABDE'),(3,'iPhone 5','Camera device','10.3.3','640px*1136px','0','2.64GB used 9.42GB available','RST-FF','192.168.1.180',NULL,28,'95a924340621dc18e2cedffef6e49dd5616bb697105e4125ba963c5cacbc8a0e','2018-04-16 14:30:09',0,1,'255.255.255.0','F7391ACB-4747-4BF3-89B7-AF4B46A8ABDE'),(4,'iPhone 5','Guest Touchscreen','10.3.3','640px*1136px','0','2.64GB used 9.42GB available','RST-FF','192.168.1.180',NULL,28,'95a924340621dc18e2cedffef6e49dd5616bb697105e4125ba963c5cacbc8a0e','2018-04-16 16:40:33',0,1,'255.255.255.0','F7391ACB-4747-4BF3-89B7-AF4B46A8ABDE'),(5,'iPhone 5','Guest Touchscreen','10.3.3','640px*1136px','0','2.64GB used 9.42GB available','RST-FF','192.168.1.180',NULL,28,'95a924340621dc18e2cedffef6e49dd5616bb697105e4125ba963c5cacbc8a0e','2018-04-16 16:40:33',0,1,'255.255.255.0','F7391ACB-4747-4BF3-89B7-AF4B46A8ABDE'),(6,'iPhone 5','Guest Touchscreen','10.3.3','640px*1136px','0','2.64GB used 9.42GB available','RST-FF','192.168.1.180',NULL,28,'95a924340621dc18e2cedffef6e49dd5616bb697105e4125ba963c5cacbc8a0e','2018-04-16 16:41:48',0,1,'255.255.255.0','F7391ACB-4747-4BF3-89B7-AF4B46A8ABDE'),(7,'iPhone 5','Camera device','10.3.3','640px*1136px','0','2.65GB used 9.41GB available','RST-FF','192.168.1.180',NULL,28,'95a924340621dc18e2cedffef6e49dd5616bb697105e4125ba963c5cacbc8a0e','2018-04-16 16:53:37',0,1,'255.255.255.0','F7391ACB-4747-4BF3-89B7-AF4B46A8ABDE'),(8,'iPhone 5','Camera device','10.3.3','640px*1136px','0','2.64GB used 9.42GB available','RST-FF','192.168.1.180',NULL,28,'95a924340621dc18e2cedffef6e49dd5616bb697105e4125ba963c5cacbc8a0e','2018-04-16 16:53:52',0,1,'255.255.255.0','F7391ACB-4747-4BF3-89B7-AF4B46A8ABDE'),(9,'iPhone 5','Camera device','10.3.3','640px*1136px','0','2.64GB used 9.42GB available','RST-FF','192.168.1.180',NULL,28,'95a924340621dc18e2cedffef6e49dd5616bb697105e4125ba963c5cacbc8a0e','2018-04-16 16:56:20',0,1,'255.255.255.0','F7391ACB-4747-4BF3-89B7-AF4B46A8ABDE'),(10,'iPhone 5','Camera device','10.3.3','640px*1136px','0','2.64GB used 9.42GB available','RST-FF','192.168.1.180',NULL,28,'95a924340621dc18e2cedffef6e49dd5616bb697105e4125ba963c5cacbc8a0e','2018-04-16 16:56:38',0,1,'255.255.255.0','F7391ACB-4747-4BF3-89B7-AF4B46A8ABDE'),(11,'Roohul Amin’s iPhone','Camera device','11.2.6','640px*1136px','0','22.88GB used 6.91GB available','Android One','192.168.2.67',NULL,13,'0a0a921d550eeab766c91b19839ebb040b77dd9006c4f4834980c6e3903ebf8d','2018-06-22 13:40:08',0,1,'255.255.255.0','583E1BBB-5407-409B-BBFA-F781F699DD33'),(12,'Roohul Amin’s iPhone','Camera device','11.2.6','640px*1136px','0','22.89GB used 6.90GB available','Android One','192.168.2.67',NULL,13,'0a0a921d550eeab766c91b19839ebb040b77dd9006c4f4834980c6e3903ebf8d','2018-06-22 13:41:13',0,1,'255.255.255.0','583E1BBB-5407-409B-BBFA-F781F699DD33'),(13,'Roohul Amin’s iPhone','Camera device','11.2.6','640px*1136px','0','22.89GB used 6.90GB available','Android One','192.168.2.67',NULL,13,'0a0a921d550eeab766c91b19839ebb040b77dd9006c4f4834980c6e3903ebf8d','2018-06-22 13:41:14',0,1,'255.255.255.0','583E1BBB-5407-409B-BBFA-F781F699DD33'),(14,'Roohul Amin’s iPhone','Camera device','11.2.6','640px*1136px','0','22.82GB used 6.97GB available','Android One','192.168.2.67',NULL,13,'0a0a921d550eeab766c91b19839ebb040b77dd9006c4f4834980c6e3903ebf8d','2018-06-22 13:53:58',0,1,'255.255.255.0','583E1BBB-5407-409B-BBFA-F781F699DD33'),(15,'Roohul Amin’s iPhone','Camera device','11.2.6','640px*1136px','0','22.82GB used 6.97GB available','Android One','192.168.2.67',NULL,13,'0a0a921d550eeab766c91b19839ebb040b77dd9006c4f4834980c6e3903ebf8d','2018-06-22 13:53:58',0,1,'255.255.255.0','583E1BBB-5407-409B-BBFA-F781F699DD33'),(16,'Roohul Amin’s iPhone','Camera device','11.2.6','640px*1136px','0','22.55GB used 7.24GB available',NULL,NULL,NULL,30,'7a54f017ef3b36219ef4ae7045a2fa071429a6317da862aa24d813f2f6d82253','2018-08-03 12:41:43',0,1,NULL,'42FAA502-1E80-4083-91E3-C8522DDB1862'),(17,'Roohul Amin’s iPhone','Camera device','11.2.6','640px*1136px','0','22.55GB used 7.24GB available',NULL,NULL,NULL,30,'7a54f017ef3b36219ef4ae7045a2fa071429a6317da862aa24d813f2f6d82253','2018-08-03 12:41:56',0,1,NULL,'42FAA502-1E80-4083-91E3-C8522DDB1862'),(18,'Roohul Amin’s iPhone','Camera device','11.2.6','640px*1136px','0','22.55GB used 7.24GB available',NULL,NULL,NULL,30,'7a54f017ef3b36219ef4ae7045a2fa071429a6317da862aa24d813f2f6d82253','2018-08-03 12:42:04',0,1,NULL,'42FAA502-1E80-4083-91E3-C8522DDB1862'),(19,'Roohul Amin’s iPhone','Camera device','11.2.6','640px*1136px','0','22.55GB used 7.24GB available',NULL,NULL,NULL,30,'7a54f017ef3b36219ef4ae7045a2fa071429a6317da862aa24d813f2f6d82253','2018-08-03 12:43:36',0,1,NULL,'42FAA502-1E80-4083-91E3-C8522DDB1862'),(20,'Roohul Amin’s iPhone','Camera device','11.2.6','640px*1136px','0','22.56GB used 7.24GB available',NULL,NULL,NULL,30,'7a54f017ef3b36219ef4ae7045a2fa071429a6317da862aa24d813f2f6d82253','2018-08-03 12:45:20',0,1,NULL,'42FAA502-1E80-4083-91E3-C8522DDB1862'),(21,'Roohul Amin’s iPhone','Camera device','11.2.6','640px*1136px','0','22.56GB used 7.24GB available',NULL,NULL,NULL,30,'7a54f017ef3b36219ef4ae7045a2fa071429a6317da862aa24d813f2f6d82253','2018-08-03 12:45:45',0,1,NULL,'42FAA502-1E80-4083-91E3-C8522DDB1862'),(22,'Roohul Amin’s iPhone','Camera device','11.2.6','640px*1136px','0','22.56GB used 7.23GB available',NULL,NULL,NULL,30,'7a54f017ef3b36219ef4ae7045a2fa071429a6317da862aa24d813f2f6d82253','2018-08-03 12:46:19',0,1,NULL,'42FAA502-1E80-4083-91E3-C8522DDB1862'),(23,'Roohul Amin’s iPhone','Guest Touchscreen','11.2.6','1136px*640px','0','22.56GB used 7.23GB available',NULL,NULL,NULL,30,'7a54f017ef3b36219ef4ae7045a2fa071429a6317da862aa24d813f2f6d82253','2018-08-03 12:46:33',0,1,NULL,'42FAA502-1E80-4083-91E3-C8522DDB1862'),(24,'Roohul Amin’s iPhone','Camera device','11.2.6','640px*1136px','0','22.56GB used 7.23GB available',NULL,NULL,NULL,31,'1e6e6fc978c92119d65ec9b7179a4485aff8ccf96acb3a610dc4a9ca01cfcd2d','2018-08-03 15:35:58',0,1,NULL,'5F1321D7-B150-4222-901A-21F8CABF5C1B'),(25,'Roohul Amin’s iPhone','Camera device','11.2.6','640px*1136px','0','22.57GB used 7.22GB available',NULL,NULL,NULL,31,'1e6e6fc978c92119d65ec9b7179a4485aff8ccf96acb3a610dc4a9ca01cfcd2d','2018-08-03 15:36:05',0,1,NULL,'5F1321D7-B150-4222-901A-21F8CABF5C1B'),(26,'Roohul Amin’s iPhone','Camera device','11.2.6','640px*1136px','0','22.56GB used 7.23GB available',NULL,NULL,NULL,31,'1e6e6fc978c92119d65ec9b7179a4485aff8ccf96acb3a610dc4a9ca01cfcd2d','2018-08-03 15:41:52',0,1,NULL,'5F1321D7-B150-4222-901A-21F8CABF5C1B'),(27,'Roohul Amin’s iPhone','Camera device','11.2.6','640px*1136px','0','22.56GB used 7.23GB available',NULL,NULL,NULL,31,'1e6e6fc978c92119d65ec9b7179a4485aff8ccf96acb3a610dc4a9ca01cfcd2d','2018-08-03 15:41:52',0,1,NULL,'5F1321D7-B150-4222-901A-21F8CABF5C1B'),(28,'Roohul Amin’s iPhone','Camera device','11.2.6','640px*1136px','0','22.57GB used 7.22GB available',NULL,NULL,NULL,31,'1e6e6fc978c92119d65ec9b7179a4485aff8ccf96acb3a610dc4a9ca01cfcd2d','2018-08-03 15:46:03',0,1,NULL,'5F1321D7-B150-4222-901A-21F8CABF5C1B'),(29,'Roohul Amin’s iPhone','Camera device','11.2.6','640px*1136px','0','22.56GB used 7.23GB available',NULL,NULL,NULL,31,'1e6e6fc978c92119d65ec9b7179a4485aff8ccf96acb3a610dc4a9ca01cfcd2d','2018-08-03 15:46:41',0,1,NULL,'5F1321D7-B150-4222-901A-21F8CABF5C1B'),(30,'Roohul Amin’s iPhone','Camera device','11.2.6','640px*1136px','0','22.57GB used 7.23GB available',NULL,NULL,NULL,31,'1e6e6fc978c92119d65ec9b7179a4485aff8ccf96acb3a610dc4a9ca01cfcd2d','2018-08-03 15:48:11',0,1,NULL,'5F1321D7-B150-4222-901A-21F8CABF5C1B'),(31,'Roohul Amin’s iPhone','Camera device','11.2.6','640px*1136px','0','22.57GB used 7.23GB available',NULL,NULL,NULL,31,'1e6e6fc978c92119d65ec9b7179a4485aff8ccf96acb3a610dc4a9ca01cfcd2d','2018-08-03 15:48:58',0,1,NULL,'5F1321D7-B150-4222-901A-21F8CABF5C1B'),(32,'Roohul Amin’s iPhone','Camera device','11.2.6','640px*1136px','0','22.57GB used 7.22GB available',NULL,NULL,NULL,31,'1e6e6fc978c92119d65ec9b7179a4485aff8ccf96acb3a610dc4a9ca01cfcd2d','2018-08-03 15:49:32',0,1,NULL,'5F1321D7-B150-4222-901A-21F8CABF5C1B'),(33,'Roohul Amin’s iPhone','Camera device','11.2.6','640px*1136px','0','22.57GB used 7.22GB available',NULL,NULL,NULL,31,'1e6e6fc978c92119d65ec9b7179a4485aff8ccf96acb3a610dc4a9ca01cfcd2d','2018-08-03 15:49:37',0,1,NULL,'5F1321D7-B150-4222-901A-21F8CABF5C1B'),(34,'Roohul Amin’s iPhone','Camera device','11.2.6','640px*1136px','0','22.57GB used 7.22GB available',NULL,NULL,NULL,31,'1e6e6fc978c92119d65ec9b7179a4485aff8ccf96acb3a610dc4a9ca01cfcd2d','2018-08-03 15:50:04',0,1,NULL,'5F1321D7-B150-4222-901A-21F8CABF5C1B'),(35,'Roohul Amin’s iPhone','Camera device','11.2.6','640px*1136px','0','22.57GB used 7.22GB available',NULL,NULL,NULL,31,'1e6e6fc978c92119d65ec9b7179a4485aff8ccf96acb3a610dc4a9ca01cfcd2d','2018-08-03 15:52:08',0,1,NULL,'5F1321D7-B150-4222-901A-21F8CABF5C1B'),(36,'Roohul Amin’s iPhone','Camera device','11.2.6','640px*1136px','0','22.57GB used 7.22GB available',NULL,NULL,NULL,31,'1e6e6fc978c92119d65ec9b7179a4485aff8ccf96acb3a610dc4a9ca01cfcd2d','2018-08-03 15:52:11',0,1,NULL,'5F1321D7-B150-4222-901A-21F8CABF5C1B'),(37,'Roohul Amin’s iPhone','Camera device','11.2.6','640px*1136px','0','22.57GB used 7.22GB available',NULL,NULL,NULL,31,'1e6e6fc978c92119d65ec9b7179a4485aff8ccf96acb3a610dc4a9ca01cfcd2d','2018-08-03 15:52:24',0,1,NULL,'5F1321D7-B150-4222-901A-21F8CABF5C1B'),(38,'Roohul Amin’s iPhone','Camera device','11.2.6','640px*1136px','0','22.56GB used 7.23GB available',NULL,NULL,NULL,31,'1e6e6fc978c92119d65ec9b7179a4485aff8ccf96acb3a610dc4a9ca01cfcd2d','2018-08-03 15:53:51',0,1,NULL,'5F1321D7-B150-4222-901A-21F8CABF5C1B'),(39,'Roohul Amin’s iPhone','Camera device','11.2.6','640px*1136px','0','22.56GB used 7.23GB available',NULL,NULL,NULL,31,'1e6e6fc978c92119d65ec9b7179a4485aff8ccf96acb3a610dc4a9ca01cfcd2d','2018-08-03 15:53:51',0,1,NULL,'5F1321D7-B150-4222-901A-21F8CABF5C1B'),(40,'Roohul Amin’s iPhone','Camera device','11.2.6','640px*1136px','0','22.56GB used 7.23GB available',NULL,NULL,NULL,31,'1e6e6fc978c92119d65ec9b7179a4485aff8ccf96acb3a610dc4a9ca01cfcd2d','2018-08-03 15:53:51',0,1,NULL,'5F1321D7-B150-4222-901A-21F8CABF5C1B'),(41,'Roohul Amin’s iPhone','Camera device','11.2.6','640px*1136px','0','22.56GB used 7.23GB available',NULL,NULL,NULL,31,'1e6e6fc978c92119d65ec9b7179a4485aff8ccf96acb3a610dc4a9ca01cfcd2d','2018-08-03 15:53:57',0,1,NULL,'5F1321D7-B150-4222-901A-21F8CABF5C1B'),(42,'Roohul Amin’s iPhone','Camera device','11.2.6','640px*1136px','0','22.56GB used 7.23GB available',NULL,NULL,NULL,31,'1e6e6fc978c92119d65ec9b7179a4485aff8ccf96acb3a610dc4a9ca01cfcd2d','2018-08-03 15:54:03',0,1,NULL,'5F1321D7-B150-4222-901A-21F8CABF5C1B'),(43,'Roohul Amin’s iPhone','Guest Touchscreen','11.2.6','1136px*640px','0','22.56GB used 7.23GB available',NULL,NULL,NULL,31,'1e6e6fc978c92119d65ec9b7179a4485aff8ccf96acb3a610dc4a9ca01cfcd2d','2018-08-03 15:54:14',0,1,NULL,'5F1321D7-B150-4222-901A-21F8CABF5C1B'),(44,'Roohul Amin’s iPhone','Guest Touchscreen','11.2.6','640px*1136px','0','22.56GB used 7.23GB available',NULL,NULL,NULL,31,'1e6e6fc978c92119d65ec9b7179a4485aff8ccf96acb3a610dc4a9ca01cfcd2d','2018-08-03 15:54:17',0,1,NULL,'5F1321D7-B150-4222-901A-21F8CABF5C1B'),(45,'Roohul Amin’s iPhone','Guest Touchscreen','11.2.6','640px*1136px','0','22.57GB used 7.23GB available',NULL,NULL,NULL,31,'1e6e6fc978c92119d65ec9b7179a4485aff8ccf96acb3a610dc4a9ca01cfcd2d','2018-08-03 15:54:58',0,1,NULL,'5F1321D7-B150-4222-901A-21F8CABF5C1B'),(46,'Roohul Amin’s iPhone','Camera device','11.2.6','640px*1136px','0','22.57GB used 7.23GB available',NULL,NULL,NULL,31,'1e6e6fc978c92119d65ec9b7179a4485aff8ccf96acb3a610dc4a9ca01cfcd2d','2018-08-03 15:55:02',0,1,NULL,'5F1321D7-B150-4222-901A-21F8CABF5C1B'),(47,'Roohul Amin’s iPhone','Camera device','11.2.6','640px*1136px','0','22.57GB used 7.23GB available',NULL,NULL,NULL,31,'1e6e6fc978c92119d65ec9b7179a4485aff8ccf96acb3a610dc4a9ca01cfcd2d','2018-08-03 15:55:14',0,1,NULL,'5F1321D7-B150-4222-901A-21F8CABF5C1B'),(48,'Roohul Amin’s iPhone','Camera device','11.2.6','640px*1136px','0','22.57GB used 7.23GB available',NULL,NULL,NULL,30,'1e6e6fc978c92119d65ec9b7179a4485aff8ccf96acb3a610dc4a9ca01cfcd2d','2018-08-03 15:55:44',0,1,NULL,'5F1321D7-B150-4222-901A-21F8CABF5C1B'),(49,'Roohul Amin’s iPhone','Camera device','11.2.6','640px*1136px','0','22.57GB used 7.23GB available',NULL,NULL,NULL,30,'1e6e6fc978c92119d65ec9b7179a4485aff8ccf96acb3a610dc4a9ca01cfcd2d','2018-08-03 15:56:00',0,1,NULL,'5F1321D7-B150-4222-901A-21F8CABF5C1B'),(50,'Roohul Amin’s iPhone','Guest Touchscreen','11.2.6','1136px*640px','0','22.57GB used 7.23GB available',NULL,NULL,NULL,30,'1e6e6fc978c92119d65ec9b7179a4485aff8ccf96acb3a610dc4a9ca01cfcd2d','2018-08-03 15:56:06',0,1,NULL,'5F1321D7-B150-4222-901A-21F8CABF5C1B'),(51,'Roohul Amin’s iPhone','Guest Touchscreen','11.2.6','640px*1136px','0','22.58GB used 7.22GB available',NULL,NULL,NULL,31,'1e6e6fc978c92119d65ec9b7179a4485aff8ccf96acb3a610dc4a9ca01cfcd2d','2018-08-03 15:57:09',0,1,NULL,'5F1321D7-B150-4222-901A-21F8CABF5C1B'),(52,'Roohul Amin’s iPhone','Camera device','11.2.6','640px*1136px','0','22.58GB used 7.21GB available',NULL,NULL,NULL,31,'1e6e6fc978c92119d65ec9b7179a4485aff8ccf96acb3a610dc4a9ca01cfcd2d','2018-08-03 15:57:22',0,1,NULL,'5F1321D7-B150-4222-901A-21F8CABF5C1B'),(53,'Roohul Amin’s iPhone','Camera device','11.2.6','640px*1136px','0','22.57GB used 7.22GB available',NULL,NULL,NULL,31,'1e6e6fc978c92119d65ec9b7179a4485aff8ccf96acb3a610dc4a9ca01cfcd2d','2018-08-03 15:57:31',0,1,NULL,'5F1321D7-B150-4222-901A-21F8CABF5C1B'),(54,'Roohul Amin’s iPhone','Guest Touchscreen','11.2.6','640px*1136px','0','22.57GB used 7.22GB available',NULL,NULL,NULL,31,'1e6e6fc978c92119d65ec9b7179a4485aff8ccf96acb3a610dc4a9ca01cfcd2d','2018-08-03 17:01:07',0,1,NULL,'5F1321D7-B150-4222-901A-21F8CABF5C1B'),(55,'Roohul Amin’s iPhone','Camera device','11.2.6','640px*1136px','0','22.57GB used 7.23GB available',NULL,NULL,NULL,31,'1e6e6fc978c92119d65ec9b7179a4485aff8ccf96acb3a610dc4a9ca01cfcd2d','2018-08-03 17:01:13',0,1,NULL,'5F1321D7-B150-4222-901A-21F8CABF5C1B'),(56,'Roohul Amin’s iPhone','Camera device','11.2.6','640px*1136px','0','22.57GB used 7.23GB available',NULL,NULL,NULL,31,'1e6e6fc978c92119d65ec9b7179a4485aff8ccf96acb3a610dc4a9ca01cfcd2d','2018-08-03 17:01:15',0,1,NULL,'5F1321D7-B150-4222-901A-21F8CABF5C1B'),(57,'Roohul Amin’s iPhone','Camera device','11.2.6','640px*1136px','0','22.57GB used 7.22GB available',NULL,NULL,NULL,31,'1e6e6fc978c92119d65ec9b7179a4485aff8ccf96acb3a610dc4a9ca01cfcd2d','2018-08-03 17:03:28',0,1,NULL,'5F1321D7-B150-4222-901A-21F8CABF5C1B'),(58,'Roohul Amin’s iPhone','Camera device','11.2.6','640px*1136px','0','22.57GB used 7.23GB available',NULL,NULL,NULL,31,'1e6e6fc978c92119d65ec9b7179a4485aff8ccf96acb3a610dc4a9ca01cfcd2d','2018-08-03 17:03:34',0,1,NULL,'5F1321D7-B150-4222-901A-21F8CABF5C1B'),(59,'Roohul Amin’s iPhone','Camera device','11.2.6','640px*1136px','0','22.57GB used 7.23GB available',NULL,NULL,NULL,31,'1e6e6fc978c92119d65ec9b7179a4485aff8ccf96acb3a610dc4a9ca01cfcd2d','2018-08-03 17:08:30',0,1,NULL,'5F1321D7-B150-4222-901A-21F8CABF5C1B'),(60,'Roohul Amin’s iPhone','Camera device','11.2.6','640px*1136px','0','22.56GB used 7.23GB available',NULL,NULL,NULL,31,'1e6e6fc978c92119d65ec9b7179a4485aff8ccf96acb3a610dc4a9ca01cfcd2d','2018-08-03 17:08:40',0,1,NULL,'5F1321D7-B150-4222-901A-21F8CABF5C1B'),(61,'Roohul Amin’s iPhone','Camera device','11.2.6','640px*1136px','0','22.57GB used 7.22GB available',NULL,NULL,NULL,31,'1e6e6fc978c92119d65ec9b7179a4485aff8ccf96acb3a610dc4a9ca01cfcd2d','2018-08-03 17:15:49',0,1,NULL,'5F1321D7-B150-4222-901A-21F8CABF5C1B'),(62,'Roohul Amin’s iPhone','Camera device','11.2.6','640px*1136px','0','22.61GB used 7.19GB available',NULL,NULL,NULL,31,'1e6e6fc978c92119d65ec9b7179a4485aff8ccf96acb3a610dc4a9ca01cfcd2d','2018-08-03 18:20:36',0,1,NULL,'5F1321D7-B150-4222-901A-21F8CABF5C1B'),(63,'Roohul Amin’s iPhone','Camera device','11.2.6','640px*1136px','0','22.61GB used 7.19GB available',NULL,NULL,NULL,31,'1e6e6fc978c92119d65ec9b7179a4485aff8ccf96acb3a610dc4a9ca01cfcd2d','2018-08-03 18:21:14',0,1,NULL,'5F1321D7-B150-4222-901A-21F8CABF5C1B'),(64,'Roohul Amin’s iPhone','Camera device','11.2.6','640px*1136px','0','22.61GB used 7.19GB available',NULL,NULL,NULL,31,'1e6e6fc978c92119d65ec9b7179a4485aff8ccf96acb3a610dc4a9ca01cfcd2d','2018-08-03 18:21:26',0,1,NULL,'5F1321D7-B150-4222-901A-21F8CABF5C1B'),(65,'Roohul Amin’s iPhone','Camera device','11.2.6','640px*1136px','0','22.61GB used 7.19GB available',NULL,NULL,NULL,31,'1e6e6fc978c92119d65ec9b7179a4485aff8ccf96acb3a610dc4a9ca01cfcd2d','2018-08-03 18:22:21',0,1,NULL,'5F1321D7-B150-4222-901A-21F8CABF5C1B'),(66,'Roohul Amin’s iPhone','Camera device','11.2.6','640px*1136px','0','22.61GB used 7.19GB available',NULL,NULL,NULL,31,'1e6e6fc978c92119d65ec9b7179a4485aff8ccf96acb3a610dc4a9ca01cfcd2d','2018-08-03 18:22:31',0,1,NULL,'5F1321D7-B150-4222-901A-21F8CABF5C1B'),(67,'Roohul Amin’s iPhone','Camera device','11.2.6','640px*1136px','0','22.61GB used 7.18GB available',NULL,NULL,NULL,31,'1e6e6fc978c92119d65ec9b7179a4485aff8ccf96acb3a610dc4a9ca01cfcd2d','2018-08-03 18:23:26',0,1,NULL,'5F1321D7-B150-4222-901A-21F8CABF5C1B'),(68,'Roohul Amin’s iPhone','Camera device','11.2.6','640px*1136px','0','22.61GB used 7.18GB available',NULL,NULL,NULL,31,'1e6e6fc978c92119d65ec9b7179a4485aff8ccf96acb3a610dc4a9ca01cfcd2d','2018-08-03 18:27:41',0,1,NULL,'5F1321D7-B150-4222-901A-21F8CABF5C1B'),(69,'Roohul Amin’s iPhone','Camera device','11.2.6','640px*1136px','0','22.61GB used 7.18GB available',NULL,NULL,NULL,31,'1e6e6fc978c92119d65ec9b7179a4485aff8ccf96acb3a610dc4a9ca01cfcd2d','2018-08-03 18:29:57',0,1,NULL,'5F1321D7-B150-4222-901A-21F8CABF5C1B'),(70,'Roohul Amin’s iPhone','Camera device','11.2.6','640px*1136px','0','22.61GB used 7.18GB available',NULL,NULL,NULL,31,'1e6e6fc978c92119d65ec9b7179a4485aff8ccf96acb3a610dc4a9ca01cfcd2d','2018-08-03 18:30:46',0,1,NULL,'5F1321D7-B150-4222-901A-21F8CABF5C1B'),(71,'Roohul Amin’s iPhone','Camera device','11.2.6','640px*1136px','0','22.62GB used 7.18GB available',NULL,NULL,NULL,31,'1e6e6fc978c92119d65ec9b7179a4485aff8ccf96acb3a610dc4a9ca01cfcd2d','2018-08-03 18:30:58',0,1,NULL,'5F1321D7-B150-4222-901A-21F8CABF5C1B'),(72,'Roohul Amin’s iPhone','Camera device','11.2.6','640px*1136px','0','22.63GB used 7.16GB available',NULL,NULL,NULL,31,'1e6e6fc978c92119d65ec9b7179a4485aff8ccf96acb3a610dc4a9ca01cfcd2d','2018-08-03 19:10:10',0,1,NULL,'5F1321D7-B150-4222-901A-21F8CABF5C1B'),(73,'Roohul Amin’s iPhone','Camera device','11.2.6','640px*1136px','0','22.63GB used 7.16GB available',NULL,NULL,NULL,31,'1e6e6fc978c92119d65ec9b7179a4485aff8ccf96acb3a610dc4a9ca01cfcd2d','2018-08-03 19:10:12',0,1,NULL,'5F1321D7-B150-4222-901A-21F8CABF5C1B'),(74,'Roohul Amin’s iPhone','Camera device','11.2.6','640px*1136px','0','22.63GB used 7.16GB available',NULL,NULL,NULL,13,'1e6e6fc978c92119d65ec9b7179a4485aff8ccf96acb3a610dc4a9ca01cfcd2d','2018-08-03 19:10:51',0,1,NULL,'5F1321D7-B150-4222-901A-21F8CABF5C1B'),(75,'Roohul Amin’s iPhone','Camera device','11.2.6','640px*1136px','0','22.63GB used 7.16GB available',NULL,NULL,NULL,13,'1e6e6fc978c92119d65ec9b7179a4485aff8ccf96acb3a610dc4a9ca01cfcd2d','2018-08-03 19:18:47',0,1,NULL,'5F1321D7-B150-4222-901A-21F8CABF5C1B'),(76,'Roohul Amin’s iPhone','Camera device','11.2.6','640px*1136px','0','22.63GB used 7.16GB available',NULL,NULL,NULL,13,'1e6e6fc978c92119d65ec9b7179a4485aff8ccf96acb3a610dc4a9ca01cfcd2d','2018-08-03 19:19:01',0,1,NULL,'5F1321D7-B150-4222-901A-21F8CABF5C1B'),(77,'Roohul Amin’s iPhone','Camera device','11.2.6','640px*1136px','0','22.63GB used 7.16GB available',NULL,NULL,NULL,13,'1e6e6fc978c92119d65ec9b7179a4485aff8ccf96acb3a610dc4a9ca01cfcd2d','2018-08-03 19:19:01',0,1,NULL,'5F1321D7-B150-4222-901A-21F8CABF5C1B'),(78,'Roohul Amin’s iPhone','Camera device','11.2.6','640px*1136px','0','22.63GB used 7.17GB available',NULL,NULL,NULL,13,'1e6e6fc978c92119d65ec9b7179a4485aff8ccf96acb3a610dc4a9ca01cfcd2d','2018-08-03 19:19:15',0,1,NULL,'5F1321D7-B150-4222-901A-21F8CABF5C1B'),(79,'Roohul Amin’s iPhone','Guest Touchscreen','11.2.6','1136px*640px','0','22.62GB used 7.17GB available',NULL,NULL,NULL,13,'1e6e6fc978c92119d65ec9b7179a4485aff8ccf96acb3a610dc4a9ca01cfcd2d','2018-08-03 19:20:21',0,1,NULL,'5F1321D7-B150-4222-901A-21F8CABF5C1B'),(80,'Roohul Amin’s iPhone','Guest Touchscreen','11.2.6','1136px*640px','0','22.62GB used 7.17GB available',NULL,NULL,NULL,13,'1e6e6fc978c92119d65ec9b7179a4485aff8ccf96acb3a610dc4a9ca01cfcd2d','2018-08-03 19:20:49',0,1,NULL,'5F1321D7-B150-4222-901A-21F8CABF5C1B'),(81,'iPad (2)','Guest Touchscreen','9.3.5','1024px*768px','0','2.89GB used 10.02GB available','RST-B1','192.168.1.177',NULL,32,'48114b417302721bbf698dfdba1f91cb3d65ff109325568d23be8ea8db185185','2018-09-05 13:11:34',0,1,'255.255.255.0','43249AA7-2091-41A6-BD78-03BD79610C85'),(82,'iPad (2)','Guest Touchscreen','9.3.5','1024px*768px','0','2.89GB used 10.02GB available','RST-B1','192.168.1.177',NULL,32,'48114b417302721bbf698dfdba1f91cb3d65ff109325568d23be8ea8db185185','2018-09-05 13:11:44',0,1,'255.255.255.0','43249AA7-2091-41A6-BD78-03BD79610C85'),(83,'iPad (2)','Guest Touchscreen','9.3.5','1024px*768px','0','2.89GB used 10.02GB available','RST-B1','192.168.1.177',NULL,32,'48114b417302721bbf698dfdba1f91cb3d65ff109325568d23be8ea8db185185','2018-09-05 13:11:48',0,1,'255.255.255.0','43249AA7-2091-41A6-BD78-03BD79610C85'),(84,'iPad (2)','Guest Touchscreen','9.3.5','1024px*768px','0','2.89GB used 10.02GB available','RST-B1','192.168.1.177',NULL,32,'48114b417302721bbf698dfdba1f91cb3d65ff109325568d23be8ea8db185185','2018-09-05 13:11:51',0,1,'255.255.255.0','43249AA7-2091-41A6-BD78-03BD79610C85'),(85,'iPhone 6+','Camera device','11.3','1242px*2208px','0','8.89GB used 6.00GB available','RST-B1','192.168.1.176',NULL,32,'cbe13e6d6468ab591b4dead05e19ad717e5f34c3f6c8db7c0b03d5cebdaca2f1','2018-09-05 13:14:02',0,1,'255.255.255.0','56843CCC-AB74-4C60-A749-CAE770FE0EF4'),(86,'iPhone 6+','Camera device','11.3','1242px*2208px','0','8.88GB used 6.01GB available','RST-B1','192.168.1.176',NULL,32,'cbe13e6d6468ab591b4dead05e19ad717e5f34c3f6c8db7c0b03d5cebdaca2f1','2018-09-05 13:15:03',0,1,'255.255.255.0','56843CCC-AB74-4C60-A749-CAE770FE0EF4'),(87,'iPhone 6+','Camera device','11.3','1242px*2208px','0','8.88GB used 6.01GB available','RST-B1','192.168.1.176',NULL,32,'cbe13e6d6468ab591b4dead05e19ad717e5f34c3f6c8db7c0b03d5cebdaca2f1','2018-09-05 13:15:04',0,1,'255.255.255.0','56843CCC-AB74-4C60-A749-CAE770FE0EF4'),(88,'iPhone 6+','Camera device','11.3','1242px*2208px','0','8.88GB used 6.01GB available','RST-B1','192.168.1.176',NULL,32,'cbe13e6d6468ab591b4dead05e19ad717e5f34c3f6c8db7c0b03d5cebdaca2f1','2018-09-05 13:17:12',0,1,'255.255.255.0','56843CCC-AB74-4C60-A749-CAE770FE0EF4'),(89,'iPhone 6+','Guest Touchscreen','11.3','2208px*1242px','0','8.88GB used 6.01GB available','RST-B1','192.168.1.176',NULL,32,'cbe13e6d6468ab591b4dead05e19ad717e5f34c3f6c8db7c0b03d5cebdaca2f1','2018-09-05 13:22:55',0,1,'255.255.255.0','56843CCC-AB74-4C60-A749-CAE770FE0EF4'),(90,'iPhone 6+','Guest Touchscreen','11.3','2208px*1242px','0','8.88GB used 6.01GB available','RST-B1','192.168.1.176',NULL,32,'cbe13e6d6468ab591b4dead05e19ad717e5f34c3f6c8db7c0b03d5cebdaca2f1','2018-09-05 13:22:55',0,1,'255.255.255.0','56843CCC-AB74-4C60-A749-CAE770FE0EF4'),(91,'iPhone 6+','Guest Touchscreen','11.3','2208px*1242px','0','8.88GB used 6.01GB available','RST-B1','192.168.1.176',NULL,32,'cbe13e6d6468ab591b4dead05e19ad717e5f34c3f6c8db7c0b03d5cebdaca2f1','2018-09-05 13:23:51',0,1,'255.255.255.0','56843CCC-AB74-4C60-A749-CAE770FE0EF4'),(92,'iPhone 6+','Guest Touchscreen','11.3','1242px*2208px','0','8.88GB used 6.01GB available','RST-B1','192.168.1.176',NULL,32,'cbe13e6d6468ab591b4dead05e19ad717e5f34c3f6c8db7c0b03d5cebdaca2f1','2018-09-05 13:24:04',0,1,'255.255.255.0','56843CCC-AB74-4C60-A749-CAE770FE0EF4'),(93,'iPhone 6+','Guest Touchscreen','11.3','2208px*1242px','0','8.88GB used 6.01GB available','RST-B1','192.168.1.176',NULL,32,'cbe13e6d6468ab591b4dead05e19ad717e5f34c3f6c8db7c0b03d5cebdaca2f1','2018-09-05 13:24:18',0,1,'255.255.255.0','56843CCC-AB74-4C60-A749-CAE770FE0EF4'),(94,'iPad (2)','Guest Touchscreen','9.3.5','1024px*768px','0','2.90GB used 10.01GB available','RST-B1','192.168.1.177',NULL,32,'48114b417302721bbf698dfdba1f91cb3d65ff109325568d23be8ea8db185185','2018-09-05 13:24:30',0,1,'255.255.255.0','43249AA7-2091-41A6-BD78-03BD79610C85'),(95,'iPad (2)','Camera device','9.3.5','1024px*768px','0','2.90GB used 10.01GB available','RST-B1','192.168.1.177',NULL,32,'48114b417302721bbf698dfdba1f91cb3d65ff109325568d23be8ea8db185185','2018-09-05 13:24:32',0,1,'255.255.255.0','43249AA7-2091-41A6-BD78-03BD79610C85'),(96,'iPhone 6+','Guest Touchscreen','11.3','2208px*1242px','0','8.88GB used 6.01GB available','RST-B1','192.168.1.176',NULL,32,'cbe13e6d6468ab591b4dead05e19ad717e5f34c3f6c8db7c0b03d5cebdaca2f1','2018-09-05 13:24:51',0,1,'255.255.255.0','56843CCC-AB74-4C60-A749-CAE770FE0EF4'),(97,'iPhone 6+','Guest Touchscreen','11.3','2208px*1242px','0','8.88GB used 6.01GB available','RST-B1','192.168.1.176',NULL,32,'cbe13e6d6468ab591b4dead05e19ad717e5f34c3f6c8db7c0b03d5cebdaca2f1','2018-09-05 13:24:57',0,1,'255.255.255.0','56843CCC-AB74-4C60-A749-CAE770FE0EF4'),(98,'iPhone 6+','Camera device','11.3','2208px*1242px','0','8.88GB used 6.01GB available','RST-B1','192.168.1.176',NULL,32,'cbe13e6d6468ab591b4dead05e19ad717e5f34c3f6c8db7c0b03d5cebdaca2f1','2018-09-05 13:24:58',0,1,'255.255.255.0','56843CCC-AB74-4C60-A749-CAE770FE0EF4'),(99,'iPad (2)','Guest Touchscreen','9.3.5','1024px*768px','0','2.89GB used 10.02GB available','RST-B1','192.168.1.177',NULL,32,'48114b417302721bbf698dfdba1f91cb3d65ff109325568d23be8ea8db185185','2018-09-05 13:25:18',0,1,'255.255.255.0','43249AA7-2091-41A6-BD78-03BD79610C85'),(100,'iPhone 6+','Camera device','11.3','2208px*1242px','0','8.88GB used 6.01GB available','RST-B1','192.168.1.176',NULL,32,'cbe13e6d6468ab591b4dead05e19ad717e5f34c3f6c8db7c0b03d5cebdaca2f1','2018-09-05 13:26:07',0,1,'255.255.255.0','56843CCC-AB74-4C60-A749-CAE770FE0EF4'),(101,'iPhone 6+','Camera device','11.3','2208px*1242px','0','8.88GB used 6.01GB available','RST-B1','192.168.1.176',NULL,32,'cbe13e6d6468ab591b4dead05e19ad717e5f34c3f6c8db7c0b03d5cebdaca2f1','2018-09-05 13:26:07',0,1,'255.255.255.0','56843CCC-AB74-4C60-A749-CAE770FE0EF4'),(102,'iPhone 6+','Camera device','11.3','2208px*1242px','0','8.88GB used 6.01GB available','RST-B1','192.168.1.176',NULL,32,'cbe13e6d6468ab591b4dead05e19ad717e5f34c3f6c8db7c0b03d5cebdaca2f1','2018-09-05 13:33:09',0,1,'255.255.255.0','56843CCC-AB74-4C60-A749-CAE770FE0EF4'),(103,'iPhone 6+','Camera device','11.3','2208px*1242px','0','8.88GB used 6.01GB available','RST-B1','192.168.1.176',NULL,32,'cbe13e6d6468ab591b4dead05e19ad717e5f34c3f6c8db7c0b03d5cebdaca2f1','2018-09-05 13:33:10',0,1,'255.255.255.0','56843CCC-AB74-4C60-A749-CAE770FE0EF4'),(104,'iPhone 6+','Camera device','11.3','2208px*1242px','0','8.88GB used 6.01GB available','RST-B1','192.168.1.176',NULL,32,'cbe13e6d6468ab591b4dead05e19ad717e5f34c3f6c8db7c0b03d5cebdaca2f1','2018-09-05 13:33:10',0,1,'255.255.255.0','56843CCC-AB74-4C60-A749-CAE770FE0EF4'),(105,'iPhone 6+','Camera device','11.3','1242px*2208px','0','8.87GB used 6.02GB available','RST-B1','192.168.1.176',NULL,32,'cbe13e6d6468ab591b4dead05e19ad717e5f34c3f6c8db7c0b03d5cebdaca2f1','2018-09-05 13:38:15',0,1,'255.255.255.0','56843CCC-AB74-4C60-A749-CAE770FE0EF4'),(106,'iPhone 6+','Camera device','11.3','1242px*2208px','0','8.87GB used 6.02GB available','RST-B1','192.168.1.176',NULL,32,'cbe13e6d6468ab591b4dead05e19ad717e5f34c3f6c8db7c0b03d5cebdaca2f1','2018-09-05 13:38:26',0,1,'255.255.255.0','56843CCC-AB74-4C60-A749-CAE770FE0EF4'),(107,'iPad (2)','Guest Touchscreen','9.3.5','1024px*768px','0','2.89GB used 10.02GB available','RST-B1','192.168.1.177',NULL,32,'48114b417302721bbf698dfdba1f91cb3d65ff109325568d23be8ea8db185185','2018-09-05 13:38:52',0,1,'255.255.255.0','43249AA7-2091-41A6-BD78-03BD79610C85'),(108,'iPhone 6+','Guest Touchscreen','11.3','2208px*1242px','0','8.87GB used 6.02GB available','RST-B1','192.168.1.176',NULL,32,'cbe13e6d6468ab591b4dead05e19ad717e5f34c3f6c8db7c0b03d5cebdaca2f1','2018-09-05 13:38:53',0,1,'255.255.255.0','56843CCC-AB74-4C60-A749-CAE770FE0EF4'),(109,'iPad (2)','Guest Touchscreen','9.3.5','1024px*768px','0','2.89GB used 10.02GB available','RST-B1','192.168.1.177',NULL,32,'48114b417302721bbf698dfdba1f91cb3d65ff109325568d23be8ea8db185185','2018-09-05 13:38:56',0,1,'255.255.255.0','43249AA7-2091-41A6-BD78-03BD79610C85'),(110,'iPad (2)','Camera device','9.3.5','1024px*768px','0','2.89GB used 10.02GB available','RST-B1','192.168.1.177',NULL,32,'48114b417302721bbf698dfdba1f91cb3d65ff109325568d23be8ea8db185185','2018-09-05 13:38:57',0,1,'255.255.255.0','43249AA7-2091-41A6-BD78-03BD79610C85'),(111,'iPad (2)','Guest Touchscreen','9.3.5','1024px*768px','0','2.89GB used 10.02GB available','RST-B1','192.168.1.177',NULL,32,'48114b417302721bbf698dfdba1f91cb3d65ff109325568d23be8ea8db185185','2018-09-05 13:38:57',0,1,'255.255.255.0','43249AA7-2091-41A6-BD78-03BD79610C85'),(112,'iPad (2)','Guest Touchscreen','9.3.5','1024px*768px','0','2.89GB used 10.02GB available','RST-B1','192.168.1.177',NULL,32,'48114b417302721bbf698dfdba1f91cb3d65ff109325568d23be8ea8db185185','2018-09-05 13:38:59',0,1,'255.255.255.0','43249AA7-2091-41A6-BD78-03BD79610C85'),(113,'iPhone 6+','Guest Touchscreen','11.3','2208px*1242px','0','8.87GB used 6.02GB available','RST-B1','192.168.1.176',NULL,32,'cbe13e6d6468ab591b4dead05e19ad717e5f34c3f6c8db7c0b03d5cebdaca2f1','2018-09-05 13:39:23',0,1,'255.255.255.0','56843CCC-AB74-4C60-A749-CAE770FE0EF4'),(114,'iPhone 6+','Guest Touchscreen','11.3','2208px*1242px','0','8.87GB used 6.02GB available','RST-B1','192.168.1.176',NULL,32,'cbe13e6d6468ab591b4dead05e19ad717e5f34c3f6c8db7c0b03d5cebdaca2f1','2018-09-05 13:39:27',0,1,'255.255.255.0','56843CCC-AB74-4C60-A749-CAE770FE0EF4'),(115,'iPad (2)','Camera device','9.3.5','1024px*768px','0','2.89GB used 10.02GB available','RST-B1','192.168.1.177',NULL,32,'48114b417302721bbf698dfdba1f91cb3d65ff109325568d23be8ea8db185185','2018-09-05 13:39:54',0,1,'255.255.255.0','43249AA7-2091-41A6-BD78-03BD79610C85'),(116,'iPad (2)','Camera device','9.3.5','1024px*768px','0','2.89GB used 10.02GB available','RST-B1','192.168.1.177',NULL,32,'48114b417302721bbf698dfdba1f91cb3d65ff109325568d23be8ea8db185185','2018-09-05 13:39:54',0,1,'255.255.255.0','43249AA7-2091-41A6-BD78-03BD79610C85'),(117,'iPhone 6+','Guest Touchscreen','11.3','2208px*1242px','0','8.87GB used 6.02GB available','RST-B1','192.168.1.176',NULL,32,'cbe13e6d6468ab591b4dead05e19ad717e5f34c3f6c8db7c0b03d5cebdaca2f1','2018-09-05 13:42:08',0,1,'255.255.255.0','56843CCC-AB74-4C60-A749-CAE770FE0EF4'),(118,'iPad (2)','Camera device','9.3.5','1024px*768px','0','2.89GB used 10.02GB available','RST-B1','192.168.1.177',NULL,32,'48114b417302721bbf698dfdba1f91cb3d65ff109325568d23be8ea8db185185','2018-09-05 13:42:15',0,1,'255.255.255.0','43249AA7-2091-41A6-BD78-03BD79610C85'),(119,'iPhone 6+','Guest Touchscreen','11.3','2208px*1242px','0','8.87GB used 6.02GB available','RST-B1','192.168.1.176',NULL,32,'cbe13e6d6468ab591b4dead05e19ad717e5f34c3f6c8db7c0b03d5cebdaca2f1','2018-09-05 13:42:53',0,1,'255.255.255.0','56843CCC-AB74-4C60-A749-CAE770FE0EF4'),(120,'iPhone 6+','Camera device','11.3','2208px*1242px','0','8.87GB used 6.02GB available','RST-B1','192.168.1.176',NULL,32,'cbe13e6d6468ab591b4dead05e19ad717e5f34c3f6c8db7c0b03d5cebdaca2f1','2018-09-05 13:43:02',0,1,'255.255.255.0','56843CCC-AB74-4C60-A749-CAE770FE0EF4'),(121,'iPhone 6+','Guest Touchscreen','11.3','2208px*1242px','0','8.87GB used 6.02GB available','RST-B1','192.168.1.176',NULL,32,'cbe13e6d6468ab591b4dead05e19ad717e5f34c3f6c8db7c0b03d5cebdaca2f1','2018-09-05 13:43:03',0,1,'255.255.255.0','56843CCC-AB74-4C60-A749-CAE770FE0EF4'),(122,'iPad (2)','Guest Touchscreen','9.3.5','1024px*768px','0','2.90GB used 10.01GB available','RST-B1','192.168.1.177',NULL,32,'48114b417302721bbf698dfdba1f91cb3d65ff109325568d23be8ea8db185185','2018-09-05 13:43:50',0,1,'255.255.255.0','43249AA7-2091-41A6-BD78-03BD79610C85'),(123,'iPad (2)','Guest Touchscreen','9.3.5','1024px*768px','0','2.90GB used 10.01GB available','RST-B1','192.168.1.177',NULL,32,'48114b417302721bbf698dfdba1f91cb3d65ff109325568d23be8ea8db185185','2018-09-05 13:43:51',0,1,'255.255.255.0','43249AA7-2091-41A6-BD78-03BD79610C85'),(124,'iPad (2)','Guest Touchscreen','9.3.5','1024px*768px','0','2.90GB used 10.01GB available','RST-B1','192.168.1.177',NULL,32,'48114b417302721bbf698dfdba1f91cb3d65ff109325568d23be8ea8db185185','2018-09-05 13:43:51',0,1,'255.255.255.0','43249AA7-2091-41A6-BD78-03BD79610C85'),(125,'iPad (2)','Guest Touchscreen','9.3.5','1024px*768px','0','2.90GB used 10.01GB available','RST-B1','192.168.1.177',NULL,32,'48114b417302721bbf698dfdba1f91cb3d65ff109325568d23be8ea8db185185','2018-09-05 13:43:54',0,1,'255.255.255.0','43249AA7-2091-41A6-BD78-03BD79610C85'),(126,'iPad (2)','Guest Touchscreen','9.3.5','1024px*768px','0','2.90GB used 10.01GB available','RST-B1','192.168.1.177',NULL,32,'48114b417302721bbf698dfdba1f91cb3d65ff109325568d23be8ea8db185185','2018-09-05 13:43:57',0,1,'255.255.255.0','43249AA7-2091-41A6-BD78-03BD79610C85'),(127,'iPhone 6+','Camera device','11.3','1242px*2208px','0','8.88GB used 6.01GB available','RST-B1','192.168.1.176',NULL,32,'cbe13e6d6468ab591b4dead05e19ad717e5f34c3f6c8db7c0b03d5cebdaca2f1','2018-09-05 13:53:46',0,1,'255.255.255.0','56843CCC-AB74-4C60-A749-CAE770FE0EF4'),(128,'iPhone 6+','Camera device','11.3','1242px*2208px','0','8.88GB used 6.01GB available','RST-B1','192.168.1.176',NULL,32,'cbe13e6d6468ab591b4dead05e19ad717e5f34c3f6c8db7c0b03d5cebdaca2f1','2018-09-05 13:53:47',0,1,'255.255.255.0','56843CCC-AB74-4C60-A749-CAE770FE0EF4'),(129,'iPad (2)','Guest Touchscreen','9.3.5','1024px*768px','0','2.89GB used 10.02GB available','RST-FF','192.168.1.177',NULL,34,'cb6d83ee250d3ded9db556ec3f4ad35449d52b7628415e358baf7e89298a9044','2018-09-05 14:01:19',0,1,'255.255.255.0','FE07C1E6-A1F7-4840-A6B6-35290BF82F61'),(130,'iPad (2)','Guest Touchscreen','9.3.5','1024px*768px','0','2.89GB used 10.02GB available','RST-FF','192.168.1.177',NULL,34,'cb6d83ee250d3ded9db556ec3f4ad35449d52b7628415e358baf7e89298a9044','2018-09-05 14:01:46',0,1,'255.255.255.0','FE07C1E6-A1F7-4840-A6B6-35290BF82F61'),(131,'iPad (2)','Guest Touchscreen','9.3.5','1024px*768px','0','2.89GB used 10.02GB available','RST-FF','192.168.1.177',NULL,34,'cb6d83ee250d3ded9db556ec3f4ad35449d52b7628415e358baf7e89298a9044','2018-09-05 14:01:56',0,1,'255.255.255.0','FE07C1E6-A1F7-4840-A6B6-35290BF82F61'),(132,'iPad (2)','Guest Touchscreen','9.3.5','1024px*768px','0','2.90GB used 10.01GB available','RST-FF','192.168.1.177',NULL,35,'cb6d83ee250d3ded9db556ec3f4ad35449d52b7628415e358baf7e89298a9044','2018-09-05 14:02:57',0,1,'255.255.255.0','FE07C1E6-A1F7-4840-A6B6-35290BF82F61'),(133,'iPad (2)','Guest Touchscreen','9.3.5','1024px*768px','0','2.90GB used 10.01GB available','RST-FF','192.168.1.177',NULL,35,'cb6d83ee250d3ded9db556ec3f4ad35449d52b7628415e358baf7e89298a9044','2018-09-05 14:03:04',0,1,'255.255.255.0','FE07C1E6-A1F7-4840-A6B6-35290BF82F61'),(134,'iPad (2)','Guest Touchscreen','9.3.5','1024px*768px','0','2.90GB used 10.01GB available','RST-FF','192.168.1.177',NULL,35,'cb6d83ee250d3ded9db556ec3f4ad35449d52b7628415e358baf7e89298a9044','2018-09-05 14:03:07',0,1,'255.255.255.0','FE07C1E6-A1F7-4840-A6B6-35290BF82F61'),(135,'iPad (2)','Guest Touchscreen','9.3.5','1024px*768px','0','2.90GB used 10.01GB available','RST-FF','192.168.1.177',NULL,35,'cb6d83ee250d3ded9db556ec3f4ad35449d52b7628415e358baf7e89298a9044','2018-09-05 14:03:10',0,1,'255.255.255.0','FE07C1E6-A1F7-4840-A6B6-35290BF82F61'),(136,'iPhone 6+','Camera device','11.3','2208px*1242px','0','8.88GB used 6.01GB available','RST-FF','192.168.1.176',NULL,35,'89554083bd6e7912dc6d19d1f8023053e288c4ae100c6b95a2bd10248780e5e4','2018-09-05 14:03:40',0,1,'255.255.255.0','41EC033B-DD3D-4302-A390-F8E4E0E0E0E5'),(137,'iPhone 6+','Camera device','11.3','2208px*1242px','0','8.89GB used 6.00GB available','RST-FF','192.168.1.176',NULL,35,'89554083bd6e7912dc6d19d1f8023053e288c4ae100c6b95a2bd10248780e5e4','2018-09-05 14:07:12',0,1,'255.255.255.0','41EC033B-DD3D-4302-A390-F8E4E0E0E0E5'),(138,'iPhone 6+','Camera device','11.3','2208px*1242px','0','8.89GB used 6.00GB available','RST-FF','192.168.1.176',NULL,35,'89554083bd6e7912dc6d19d1f8023053e288c4ae100c6b95a2bd10248780e5e4','2018-09-05 14:07:12',0,1,'255.255.255.0','41EC033B-DD3D-4302-A390-F8E4E0E0E0E5'),(139,'iPhone 6+','Camera device','11.3','2208px*1242px','0','8.87GB used 6.02GB available','RST-FF','192.168.1.176',NULL,35,'89554083bd6e7912dc6d19d1f8023053e288c4ae100c6b95a2bd10248780e5e4','2018-09-05 14:26:41',0,1,'255.255.255.0','41EC033B-DD3D-4302-A390-F8E4E0E0E0E5'),(140,'iPhone 6+','Camera device','11.3','2208px*1242px','0','8.87GB used 6.02GB available','RST-FF','192.168.1.176',NULL,35,'89554083bd6e7912dc6d19d1f8023053e288c4ae100c6b95a2bd10248780e5e4','2018-09-05 14:26:50',0,1,'255.255.255.0','41EC033B-DD3D-4302-A390-F8E4E0E0E0E5'),(141,'iPad (2)','Guest Touchscreen','9.3.5','1024px*768px','0','2.91GB used 10.00GB available','RST-FF','192.168.1.177',NULL,35,'cb6d83ee250d3ded9db556ec3f4ad35449d52b7628415e358baf7e89298a9044','2018-09-05 14:27:01',0,1,'255.255.255.0','FE07C1E6-A1F7-4840-A6B6-35290BF82F61'),(142,'iPhone 6+','Camera device','11.3','2208px*1242px','0','8.87GB used 6.02GB available','RST-FF','192.168.1.176',NULL,35,'89554083bd6e7912dc6d19d1f8023053e288c4ae100c6b95a2bd10248780e5e4','2018-09-05 14:27:10',0,1,'255.255.255.0','41EC033B-DD3D-4302-A390-F8E4E0E0E0E5'),(143,'iPhone 6+','Camera device','11.3','1242px*2208px','0','8.98GB used 5.91GB available','RST-B1','192.168.1.176',NULL,35,'89554083bd6e7912dc6d19d1f8023053e288c4ae100c6b95a2bd10248780e5e4','2018-09-05 15:10:34',0,1,'255.255.255.0','41EC033B-DD3D-4302-A390-F8E4E0E0E0E5'),(144,'iPhone 6+','Camera device','11.3','1242px*2208px','0','8.98GB used 5.91GB available','RST-B1','192.168.1.176',NULL,35,'89554083bd6e7912dc6d19d1f8023053e288c4ae100c6b95a2bd10248780e5e4','2018-09-05 15:10:34',0,1,'255.255.255.0','41EC033B-DD3D-4302-A390-F8E4E0E0E0E5'),(145,'iPhone 6+','Camera device','11.3','1242px*2208px','0','8.98GB used 5.91GB available','RST-B1','192.168.1.176',NULL,35,'0815ea9f84eb9de418cd49aa8709670902976133f4a741869fbd540718cb6701','2018-09-05 15:13:47',0,1,'255.255.255.0','C3F120F7-918F-4DBC-A23F-C231386606C0'),(146,'iPhone 6+','Camera device','11.3','1242px*2208px','0','8.98GB used 5.91GB available','RST-B1','192.168.1.176',NULL,35,'0815ea9f84eb9de418cd49aa8709670902976133f4a741869fbd540718cb6701','2018-09-05 15:17:34',0,1,'255.255.255.0','C3F120F7-918F-4DBC-A23F-C231386606C0'),(147,'iPhone 6+','Camera device','11.3','1242px*2208px','0','8.98GB used 5.91GB available','RST-B1','192.168.1.176',NULL,35,'0815ea9f84eb9de418cd49aa8709670902976133f4a741869fbd540718cb6701','2018-09-05 15:17:35',0,1,'255.255.255.0','C3F120F7-918F-4DBC-A23F-C231386606C0'),(148,'iPad (2)','Guest Touchscreen','9.3.5','1024px*768px','0','2.91GB used 10.00GB available','RST-B1','192.168.1.177',NULL,35,'cb6d83ee250d3ded9db556ec3f4ad35449d52b7628415e358baf7e89298a9044','2018-09-05 15:17:53',0,1,'255.255.255.0','FE07C1E6-A1F7-4840-A6B6-35290BF82F61'),(149,'iPad (2)','Guest Touchscreen','9.3.5','1024px*768px','0','2.91GB used 10.00GB available','RST-B1','192.168.1.177',NULL,35,'cb6d83ee250d3ded9db556ec3f4ad35449d52b7628415e358baf7e89298a9044','2018-09-05 15:17:54',0,1,'255.255.255.0','FE07C1E6-A1F7-4840-A6B6-35290BF82F61'),(150,'iPhone 6+','Camera device','11.3','1242px*2208px','0','8.98GB used 5.91GB available','RST-B1','192.168.1.176',NULL,35,'0815ea9f84eb9de418cd49aa8709670902976133f4a741869fbd540718cb6701','2018-09-05 15:18:05',0,1,'255.255.255.0','C3F120F7-918F-4DBC-A23F-C231386606C0'),(151,'iPhone 6+','Camera device','11.3','1242px*2208px','0','8.98GB used 5.92GB available','RST-B1','192.168.1.176',NULL,35,'0815ea9f84eb9de418cd49aa8709670902976133f4a741869fbd540718cb6701','2018-09-05 15:18:37',0,1,'255.255.255.0','C3F120F7-918F-4DBC-A23F-C231386606C0'),(152,'iPad (2)','Guest Touchscreen','9.3.5','1024px*768px','0','2.91GB used 10.00GB available','RST-B1','192.168.1.177',NULL,35,'cb6d83ee250d3ded9db556ec3f4ad35449d52b7628415e358baf7e89298a9044','2018-09-05 15:35:45',0,1,'255.255.255.0','FE07C1E6-A1F7-4840-A6B6-35290BF82F61'),(153,'iPad (2)','Guest Touchscreen','9.3.5','1024px*768px','0','2.91GB used 10.00GB available','RST-B1','192.168.1.177',NULL,35,'cb6d83ee250d3ded9db556ec3f4ad35449d52b7628415e358baf7e89298a9044','2018-09-05 15:42:33',0,1,'255.255.255.0','FE07C1E6-A1F7-4840-A6B6-35290BF82F61'),(154,'iPad (2)','Guest Touchscreen','9.3.5','1024px*768px','0','2.91GB used 10.00GB available','RST-B1','192.168.1.177',NULL,35,'cb6d83ee250d3ded9db556ec3f4ad35449d52b7628415e358baf7e89298a9044','2018-09-05 15:42:34',0,1,'255.255.255.0','FE07C1E6-A1F7-4840-A6B6-35290BF82F61'),(155,'iPad (2)','Guest Touchscreen','9.3.5','1024px*768px','0','2.91GB used 10.00GB available','RST-B1','192.168.1.177',NULL,35,'cb6d83ee250d3ded9db556ec3f4ad35449d52b7628415e358baf7e89298a9044','2018-09-05 15:42:39',0,1,'255.255.255.0','FE07C1E6-A1F7-4840-A6B6-35290BF82F61'),(156,'iPhone 6+','Camera device','11.3','1242px*2208px','0','8.97GB used 5.92GB available','RST-B1','192.168.1.176',NULL,35,'0815ea9f84eb9de418cd49aa8709670902976133f4a741869fbd540718cb6701','2018-09-05 15:43:38',0,1,'255.255.255.0','C3F120F7-918F-4DBC-A23F-C231386606C0'),(157,'iPhone 6+','Camera device','11.3','1242px*2208px','0','8.97GB used 5.92GB available','RST-B1','192.168.1.176',NULL,35,'0815ea9f84eb9de418cd49aa8709670902976133f4a741869fbd540718cb6701','2018-09-05 15:43:39',0,1,'255.255.255.0','C3F120F7-918F-4DBC-A23F-C231386606C0'),(158,'iPhone 6+','Camera device','11.3','1242px*2208px','0','8.97GB used 5.92GB available','RST-B1','192.168.1.176',NULL,35,'0815ea9f84eb9de418cd49aa8709670902976133f4a741869fbd540718cb6701','2018-09-05 15:43:40',0,1,'255.255.255.0','C3F120F7-918F-4DBC-A23F-C231386606C0'),(159,'iPhone 6+','Camera device','11.3','1242px*2208px','0','8.97GB used 5.92GB available','RST-B1','192.168.1.176',NULL,35,'0815ea9f84eb9de418cd49aa8709670902976133f4a741869fbd540718cb6701','2018-09-05 15:43:47',0,1,'255.255.255.0','C3F120F7-918F-4DBC-A23F-C231386606C0'),(160,'iPhone 6+','Camera device','11.3','1242px*2208px','0','8.97GB used 5.92GB available','RST-B1','192.168.1.176',NULL,35,'0815ea9f84eb9de418cd49aa8709670902976133f4a741869fbd540718cb6701','2018-09-05 15:43:51',0,1,'255.255.255.0','C3F120F7-918F-4DBC-A23F-C231386606C0'),(161,'iPhone 6+','Camera device','11.3','1242px*2208px','0','8.97GB used 5.92GB available','RST-B1','192.168.1.176',NULL,35,'0815ea9f84eb9de418cd49aa8709670902976133f4a741869fbd540718cb6701','2018-09-05 15:43:52',0,1,'255.255.255.0','C3F120F7-918F-4DBC-A23F-C231386606C0'),(162,'iPad (2)','Guest Touchscreen','9.3.5','1024px*768px','0','2.91GB used 10.00GB available','RST-B1','192.168.1.177',NULL,35,'cb6d83ee250d3ded9db556ec3f4ad35449d52b7628415e358baf7e89298a9044','2018-09-05 15:44:05',0,1,'255.255.255.0','FE07C1E6-A1F7-4840-A6B6-35290BF82F61'),(163,'iPad (2)','Guest Touchscreen','9.3.5','1024px*768px','0','2.91GB used 10.00GB available','RST-B1','192.168.1.177',NULL,35,'cb6d83ee250d3ded9db556ec3f4ad35449d52b7628415e358baf7e89298a9044','2018-09-05 15:44:16',0,1,'255.255.255.0','FE07C1E6-A1F7-4840-A6B6-35290BF82F61'),(164,'iPad (2)','Guest Touchscreen','9.3.5','1024px*768px','0','2.91GB used 10.00GB available','RST-B1','192.168.1.177',NULL,35,'0827c515df9fce4de3730ab9e45f64222a6c91dc110d9f717b148ba49f2ba750','2018-09-05 15:45:27',0,1,'255.255.255.0','FE07C1E6-A1F7-4840-A6B6-35290BF82F61'),(165,'iPad (2)','Guest Touchscreen','9.3.5','1024px*768px','0','2.91GB used 10.00GB available','RST-B1','192.168.1.177',NULL,35,'0827c515df9fce4de3730ab9e45f64222a6c91dc110d9f717b148ba49f2ba750','2018-09-05 15:45:47',0,1,'255.255.255.0','FE07C1E6-A1F7-4840-A6B6-35290BF82F61'),(166,'iPhone 6+','Camera device','11.3','1242px*2208px','0','8.98GB used 5.91GB available','RST-B1','192.168.1.176',NULL,35,'0815ea9f84eb9de418cd49aa8709670902976133f4a741869fbd540718cb6701','2018-09-05 15:50:47',0,1,'255.255.255.0','C3F120F7-918F-4DBC-A23F-C231386606C0'),(167,'iPhone 6+','Camera device','11.3','1242px*2208px','0','8.98GB used 5.91GB available','RST-B1','192.168.1.176',NULL,35,'0815ea9f84eb9de418cd49aa8709670902976133f4a741869fbd540718cb6701','2018-09-05 15:51:01',0,1,'255.255.255.0','C3F120F7-918F-4DBC-A23F-C231386606C0'),(168,'iPhone 6+','Camera device','11.3','2208px*1242px','0','8.99GB used 5.90GB available','RST-B1','192.168.1.176',NULL,35,'0815ea9f84eb9de418cd49aa8709670902976133f4a741869fbd540718cb6701','2018-09-05 15:56:41',0,1,'255.255.255.0','C3F120F7-918F-4DBC-A23F-C231386606C0'),(169,'iPad (2)','Guest Touchscreen','9.3.5','1024px*768px','0','2.91GB used 10.00GB available','RST-B1','192.168.1.177',NULL,35,'0827c515df9fce4de3730ab9e45f64222a6c91dc110d9f717b148ba49f2ba750','2018-09-05 15:57:30',0,1,'255.255.255.0','FE07C1E6-A1F7-4840-A6B6-35290BF82F61'),(170,'iPad (2)','Guest Touchscreen','9.3.5','1024px*768px','0','2.91GB used 10.00GB available','RST-B1','192.168.1.177',NULL,35,'0827c515df9fce4de3730ab9e45f64222a6c91dc110d9f717b148ba49f2ba750','2018-09-05 15:57:41',0,1,'255.255.255.0','FE07C1E6-A1F7-4840-A6B6-35290BF82F61'),(171,'iPhone 6+','Camera device','11.3','2208px*1242px','0','8.99GB used 5.90GB available','RST-B1','192.168.1.176',NULL,35,'0815ea9f84eb9de418cd49aa8709670902976133f4a741869fbd540718cb6701','2018-09-05 15:57:42',0,1,'255.255.255.0','C3F120F7-918F-4DBC-A23F-C231386606C0'),(172,'iPhone 6+','Camera device','11.3','2208px*1242px','0','8.99GB used 5.90GB available','RST-B1','192.168.1.176',NULL,35,'0815ea9f84eb9de418cd49aa8709670902976133f4a741869fbd540718cb6701','2018-09-05 15:58:10',0,1,'255.255.255.0','C3F120F7-918F-4DBC-A23F-C231386606C0'),(173,'iPad (2)','Guest Touchscreen','9.3.5','1024px*768px','0','2.90GB used 10.01GB available','RST-B1','192.168.1.177',NULL,35,'00e373155eb9ac5d1fd6f05f6b2108729718b2a59317aba9f849b5b0b360f0c9','2018-09-05 16:19:45',0,1,'255.255.255.0','09C9A966-5CE1-4C60-BFC2-046245447F9C'),(174,'iPhone 6+','Camera device','11.3','1242px*2208px','0','9.00GB used 5.89GB available','RST-B1','192.168.1.176',NULL,35,'0815ea9f84eb9de418cd49aa8709670902976133f4a741869fbd540718cb6701','2018-09-05 16:20:01',0,1,'255.255.255.0','C3F120F7-918F-4DBC-A23F-C231386606C0'),(175,'iPhone 6+','Camera device','11.3','1242px*2208px','0','9.00GB used 5.89GB available','RST-B1','192.168.1.176',NULL,35,'0815ea9f84eb9de418cd49aa8709670902976133f4a741869fbd540718cb6701','2018-09-05 16:20:02',0,1,'255.255.255.0','C3F120F7-918F-4DBC-A23F-C231386606C0'),(176,'iPad (2)','Guest Touchscreen','9.3.5','1024px*768px','0','2.91GB used 10.00GB available','RST-B1','192.168.1.177',NULL,35,'00e373155eb9ac5d1fd6f05f6b2108729718b2a59317aba9f849b5b0b360f0c9','2018-09-05 16:22:26',0,1,'255.255.255.0','09C9A966-5CE1-4C60-BFC2-046245447F9C'),(177,'iPad (2)','Guest Touchscreen','9.3.5','1024px*768px','0','2.91GB used 10.00GB available','RST-B1','192.168.1.177',NULL,35,'00e373155eb9ac5d1fd6f05f6b2108729718b2a59317aba9f849b5b0b360f0c9','2018-09-05 16:22:27',0,1,'255.255.255.0','09C9A966-5CE1-4C60-BFC2-046245447F9C'),(178,'iPad (2)','Guest Touchscreen','9.3.5','1024px*768px','0','2.91GB used 10.00GB available','RST-B1','192.168.1.177',NULL,35,'00e373155eb9ac5d1fd6f05f6b2108729718b2a59317aba9f849b5b0b360f0c9','2018-09-05 16:22:31',0,1,'255.255.255.0','09C9A966-5CE1-4C60-BFC2-046245447F9C'),(179,'iPad (2)','Guest Touchscreen','9.3.5','1024px*768px','0','2.91GB used 10.00GB available','RST-B1','192.168.1.177',NULL,35,'00e373155eb9ac5d1fd6f05f6b2108729718b2a59317aba9f849b5b0b360f0c9','2018-09-05 16:22:35',0,1,'255.255.255.0','09C9A966-5CE1-4C60-BFC2-046245447F9C'),(180,'iPhone 6+','Camera device','11.3','1242px*2208px','0','9.00GB used 5.89GB available','RST-B1','192.168.1.176',NULL,35,'0815ea9f84eb9de418cd49aa8709670902976133f4a741869fbd540718cb6701','2018-09-05 16:22:52',0,1,'255.255.255.0','C3F120F7-918F-4DBC-A23F-C231386606C0'),(181,'iPhone 6+','Camera device','11.3','1242px*2208px','0','9.00GB used 5.89GB available','RST-B1','192.168.1.176',NULL,35,'0815ea9f84eb9de418cd49aa8709670902976133f4a741869fbd540718cb6701','2018-09-05 16:22:52',0,1,'255.255.255.0','C3F120F7-918F-4DBC-A23F-C231386606C0'),(182,'iPad (2)','Guest Touchscreen','9.3.5','1024px*768px','0','2.91GB used 10.00GB available','RST-B1','192.168.1.177',NULL,35,'00e373155eb9ac5d1fd6f05f6b2108729718b2a59317aba9f849b5b0b360f0c9','2018-09-05 16:22:56',0,1,'255.255.255.0','09C9A966-5CE1-4C60-BFC2-046245447F9C'),(183,'iPad (2)','Guest Touchscreen','9.3.5','1024px*768px','0','2.91GB used 10.00GB available','RST-B1','192.168.1.177',NULL,35,'00e373155eb9ac5d1fd6f05f6b2108729718b2a59317aba9f849b5b0b360f0c9','2018-09-05 16:22:57',0,1,'255.255.255.0','09C9A966-5CE1-4C60-BFC2-046245447F9C'),(184,'iPhone 6+','Camera device','11.3','2208px*1242px','0','9.00GB used 5.89GB available','RST-B1','192.168.1.176',NULL,35,'0815ea9f84eb9de418cd49aa8709670902976133f4a741869fbd540718cb6701','2018-09-05 16:23:21',0,1,'255.255.255.0','C3F120F7-918F-4DBC-A23F-C231386606C0'),(185,'iPhone 6+','Camera device','11.3','2208px*1242px','0','9.00GB used 5.89GB available','RST-B1','192.168.1.176',NULL,35,'0815ea9f84eb9de418cd49aa8709670902976133f4a741869fbd540718cb6701','2018-09-05 16:23:34',0,1,'255.255.255.0','C3F120F7-918F-4DBC-A23F-C231386606C0'),(186,'iPhone 6+','Camera device','11.3','2208px*1242px','0','9.00GB used 5.89GB available','RST-B1','192.168.1.176',NULL,35,'0815ea9f84eb9de418cd49aa8709670902976133f4a741869fbd540718cb6701','2018-09-05 16:23:35',0,1,'255.255.255.0','C3F120F7-918F-4DBC-A23F-C231386606C0'),(187,'iPad (2)','Guest Touchscreen','9.3.5','1024px*768px','0','2.91GB used 10.00GB available','RST-B1','192.168.1.177',NULL,35,'00e373155eb9ac5d1fd6f05f6b2108729718b2a59317aba9f849b5b0b360f0c9','2018-09-05 16:23:51',0,1,'255.255.255.0','09C9A966-5CE1-4C60-BFC2-046245447F9C'),(188,'iPad (2)','Camera device','9.3.5','1024px*768px','0','2.91GB used 10.00GB available','RST-B1','192.168.1.177',NULL,35,'00e373155eb9ac5d1fd6f05f6b2108729718b2a59317aba9f849b5b0b360f0c9','2018-09-05 16:23:52',0,1,'255.255.255.0','09C9A966-5CE1-4C60-BFC2-046245447F9C'),(189,'iPad (2)','Guest Touchscreen','9.3.5','1024px*768px','0','2.91GB used 10.00GB available','RST-B1','192.168.1.177',NULL,35,'00e373155eb9ac5d1fd6f05f6b2108729718b2a59317aba9f849b5b0b360f0c9','2018-09-05 16:24:02',0,1,'255.255.255.0','09C9A966-5CE1-4C60-BFC2-046245447F9C'),(190,'iPhone 6+','Camera device','11.3','2208px*1242px','0','9.00GB used 5.89GB available','RST-B1','192.168.1.176',NULL,35,'0815ea9f84eb9de418cd49aa8709670902976133f4a741869fbd540718cb6701','2018-09-05 16:24:18',0,1,'255.255.255.0','C3F120F7-918F-4DBC-A23F-C231386606C0'),(191,'iPhone 6+','Camera device','11.3','2208px*1242px','0','9.00GB used 5.89GB available','RST-B1','192.168.1.176',NULL,35,'0815ea9f84eb9de418cd49aa8709670902976133f4a741869fbd540718cb6701','2018-09-05 16:24:18',0,1,'255.255.255.0','C3F120F7-918F-4DBC-A23F-C231386606C0'),(192,'iPhone 6+','Camera device','11.3','2208px*1242px','0','9.00GB used 5.89GB available','RST-B1','192.168.1.176',NULL,35,'0815ea9f84eb9de418cd49aa8709670902976133f4a741869fbd540718cb6701','2018-09-05 16:24:58',0,1,'255.255.255.0','C3F120F7-918F-4DBC-A23F-C231386606C0'),(193,'iPhone 6+','Camera device','11.3','2208px*1242px','0','9.00GB used 5.89GB available','RST-B1','192.168.1.176',NULL,35,'0815ea9f84eb9de418cd49aa8709670902976133f4a741869fbd540718cb6701','2018-09-05 16:24:59',0,1,'255.255.255.0','C3F120F7-918F-4DBC-A23F-C231386606C0'),(194,'iPad (2)','Guest Touchscreen','9.3.5','1024px*768px','0','2.91GB used 10.00GB available','RST-B1','192.168.1.177',NULL,35,'00e373155eb9ac5d1fd6f05f6b2108729718b2a59317aba9f849b5b0b360f0c9','2018-09-05 16:25:16',0,1,'255.255.255.0','09C9A966-5CE1-4C60-BFC2-046245447F9C'),(195,'iPad (2)','Guest Touchscreen','9.3.5','1024px*768px','0','2.91GB used 10.00GB available','RST-B1','192.168.1.177',NULL,35,'00e373155eb9ac5d1fd6f05f6b2108729718b2a59317aba9f849b5b0b360f0c9','2018-09-05 16:25:20',0,1,'255.255.255.0','09C9A966-5CE1-4C60-BFC2-046245447F9C'),(196,'iPad (2)','Guest Touchscreen','9.3.5','1024px*768px','0','2.91GB used 10.00GB available','RST-B1','192.168.1.177',NULL,35,'00e373155eb9ac5d1fd6f05f6b2108729718b2a59317aba9f849b5b0b360f0c9','2018-09-05 16:28:39',0,1,'255.255.255.0','09C9A966-5CE1-4C60-BFC2-046245447F9C'),(197,'iPhone 6+','Camera device','11.3','2208px*1242px','0','9.00GB used 5.89GB available','RST-B1','192.168.1.176',NULL,35,'0815ea9f84eb9de418cd49aa8709670902976133f4a741869fbd540718cb6701','2018-09-05 16:28:47',0,1,'255.255.255.0','C3F120F7-918F-4DBC-A23F-C231386606C0'),(198,'iPhone 6+','Camera device','11.3','1242px*2208px','0','9.01GB used 5.88GB available','RST-B1','192.168.1.176',NULL,35,'0815ea9f84eb9de418cd49aa8709670902976133f4a741869fbd540718cb6701','2018-09-05 16:34:00',0,1,'255.255.255.0','C3F120F7-918F-4DBC-A23F-C231386606C0'),(199,'iPhone 6+','Camera device','11.3','1242px*2208px','0','9.01GB used 5.88GB available','RST-B1','192.168.1.176',NULL,35,'0815ea9f84eb9de418cd49aa8709670902976133f4a741869fbd540718cb6701','2018-09-05 16:34:00',0,1,'255.255.255.0','C3F120F7-918F-4DBC-A23F-C231386606C0'),(200,'iPhone 6+','Camera device','11.3','1242px*2208px','0','8.98GB used 5.91GB available','RST-B1','192.168.1.176',NULL,35,'0815ea9f84eb9de418cd49aa8709670902976133f4a741869fbd540718cb6701','2018-09-05 16:53:24',0,1,'255.255.255.0','C3F120F7-918F-4DBC-A23F-C231386606C0'),(201,'iPhone 6+','Camera device','11.3','1242px*2208px','0','8.98GB used 5.91GB available','RST-B1','192.168.1.176',NULL,35,'0815ea9f84eb9de418cd49aa8709670902976133f4a741869fbd540718cb6701','2018-09-05 16:53:43',0,1,'255.255.255.0','C3F120F7-918F-4DBC-A23F-C231386606C0'),(202,'iPad (2)','Guest Touchscreen','9.3.5','1024px*768px','0','2.90GB used 10.01GB available','RST-B1','192.168.1.177',NULL,35,'00e373155eb9ac5d1fd6f05f6b2108729718b2a59317aba9f849b5b0b360f0c9','2018-09-05 16:54:44',0,1,'255.255.255.0','09C9A966-5CE1-4C60-BFC2-046245447F9C'),(203,'iPad (2)','Guest Touchscreen','9.3.5','1024px*768px','0','2.90GB used 10.01GB available','RST-B1','192.168.1.177',NULL,35,'430d07e4af5be6a51412944f848b58d1200a271623d04bbc3849a27dfc163c6d','2018-09-05 17:24:53',0,1,'255.255.255.0','E792428A-2717-4254-809A-3D166927B093'),(204,'iPhone 6+','Camera device','11.3','1242px*2208px','0','8.98GB used 5.91GB available','RST-B1','192.168.1.176',NULL,35,'6ae51398d2aa890d80325cac2101822670f68144c79153f141fe76971a521a78','2018-09-05 17:25:12',0,1,'255.255.255.0','249BCCF6-B7C2-4E45-B026-EDDF8F78AF00'),(205,'iPhone 6+','Camera device','11.3','1242px*2208px','0','8.98GB used 5.91GB available','RST-B1','192.168.1.176',NULL,35,'6ae51398d2aa890d80325cac2101822670f68144c79153f141fe76971a521a78','2018-09-05 17:26:48',0,1,'255.255.255.0','249BCCF6-B7C2-4E45-B026-EDDF8F78AF00'),(206,'iPhone 6+','Camera device','11.3','1242px*2208px','0','8.98GB used 5.91GB available','RST-B1','192.168.1.176',NULL,35,'6ae51398d2aa890d80325cac2101822670f68144c79153f141fe76971a521a78','2018-09-05 17:27:09',0,1,'255.255.255.0','249BCCF6-B7C2-4E45-B026-EDDF8F78AF00'),(207,'iPhone 6+','Camera device','11.3','1242px*2208px','0','8.98GB used 5.91GB available','RST-B1','192.168.1.176',NULL,35,'6ae51398d2aa890d80325cac2101822670f68144c79153f141fe76971a521a78','2018-09-05 17:27:09',0,1,'255.255.255.0','249BCCF6-B7C2-4E45-B026-EDDF8F78AF00'),(208,'iPad (2)','Guest Touchscreen','9.3.5','1024px*768px','0','2.90GB used 10.01GB available','RST-B1','192.168.1.177',NULL,35,'430d07e4af5be6a51412944f848b58d1200a271623d04bbc3849a27dfc163c6d','2018-09-05 17:27:28',0,1,'255.255.255.0','E792428A-2717-4254-809A-3D166927B093'),(209,'iPad (2)','Guest Touchscreen','9.3.5','1024px*768px','0','2.90GB used 10.01GB available','RST-B1','192.168.1.177',NULL,35,'430d07e4af5be6a51412944f848b58d1200a271623d04bbc3849a27dfc163c6d','2018-09-05 17:27:33',0,1,'255.255.255.0','E792428A-2717-4254-809A-3D166927B093'),(210,'iPad (2)','Guest Touchscreen','9.3.5','1024px*768px','0','2.90GB used 10.01GB available','RST-B1','192.168.1.177',NULL,35,'430d07e4af5be6a51412944f848b58d1200a271623d04bbc3849a27dfc163c6d','2018-09-05 17:27:36',0,1,'255.255.255.0','E792428A-2717-4254-809A-3D166927B093'),(211,'iPad (2)','Guest Touchscreen','9.3.5','1024px*768px','0','2.91GB used 10.00GB available','RST-B1','192.168.1.177',NULL,35,'430d07e4af5be6a51412944f848b58d1200a271623d04bbc3849a27dfc163c6d','2018-09-05 17:33:52',0,1,'255.255.255.0','E792428A-2717-4254-809A-3D166927B093'),(212,'iPhone 6+','Camera device','11.3','1242px*2208px','0','8.99GB used 5.90GB available','RST-B1','192.168.1.176',NULL,35,'6ae51398d2aa890d80325cac2101822670f68144c79153f141fe76971a521a78','2018-09-05 17:50:23',0,1,'255.255.255.0','249BCCF6-B7C2-4E45-B026-EDDF8F78AF00'),(213,'iPad (2)','Guest Touchscreen','9.3.5','1024px*768px','0','2.91GB used 10.00GB available','RST-B1','192.168.1.177',NULL,35,'430d07e4af5be6a51412944f848b58d1200a271623d04bbc3849a27dfc163c6d','2018-09-05 17:53:52',0,1,'255.255.255.0','E792428A-2717-4254-809A-3D166927B093'),(214,'iPad (2)','Guest Touchscreen','9.3.5','1024px*768px','0','2.91GB used 10.00GB available','RST-B1','192.168.1.177',NULL,35,'430d07e4af5be6a51412944f848b58d1200a271623d04bbc3849a27dfc163c6d','2018-09-05 18:00:22',0,1,'255.255.255.0','E792428A-2717-4254-809A-3D166927B093'),(215,'iPad (2)','Guest Touchscreen','9.3.5','1024px*768px','0','2.91GB used 10.00GB available','RST-B1','192.168.1.177',NULL,35,'430d07e4af5be6a51412944f848b58d1200a271623d04bbc3849a27dfc163c6d','2018-09-05 18:10:01',0,1,'255.255.255.0','E792428A-2717-4254-809A-3D166927B093'),(216,'iPad (2)','Guest Touchscreen','9.3.5','1024px*768px','0','2.91GB used 10.00GB available','RST-B1','192.168.1.177',NULL,35,'d2c8c14d0d9479d7f02b2c1b2c16fe8ed83d43f39e118292eaf070a337ca720b','2018-09-05 18:10:11',0,1,'255.255.255.0','E792428A-2717-4254-809A-3D166927B093'),(217,'iPad (2)','Guest Touchscreen','9.3.5','1024px*768px','0','2.91GB used 10.00GB available','RST-B1','192.168.1.177',NULL,35,'d2c8c14d0d9479d7f02b2c1b2c16fe8ed83d43f39e118292eaf070a337ca720b','2018-09-05 18:16:07',0,1,'255.255.255.0','E792428A-2717-4254-809A-3D166927B093'),(218,'iPad (2)','Guest Touchscreen','9.3.5','1024px*768px','0','2.91GB used 10.00GB available','RST-B1','192.168.1.177',NULL,35,'d2c8c14d0d9479d7f02b2c1b2c16fe8ed83d43f39e118292eaf070a337ca720b','2018-09-05 18:16:21',0,1,'255.255.255.0','E792428A-2717-4254-809A-3D166927B093'),(219,'iPad (2)','Guest Touchscreen','9.3.5','1024px*768px','0','2.91GB used 10.00GB available','RST-B1','192.168.1.177',NULL,35,'d2c8c14d0d9479d7f02b2c1b2c16fe8ed83d43f39e118292eaf070a337ca720b','2018-09-05 18:18:39',0,1,'255.255.255.0','E792428A-2717-4254-809A-3D166927B093'),(220,'iPad (2)','Guest Touchscreen','9.3.5','1024px*768px','0','2.91GB used 10.00GB available','RST-B1','192.168.1.177',NULL,35,'d2c8c14d0d9479d7f02b2c1b2c16fe8ed83d43f39e118292eaf070a337ca720b','2018-09-05 18:18:49',0,1,'255.255.255.0','E792428A-2717-4254-809A-3D166927B093'),(221,'iPad (2)','Guest Touchscreen','9.3.5','1024px*768px','0','2.91GB used 10.00GB available','RST-B1','192.168.1.177',NULL,35,'d2c8c14d0d9479d7f02b2c1b2c16fe8ed83d43f39e118292eaf070a337ca720b','2018-09-05 18:21:30',0,1,'255.255.255.0','E792428A-2717-4254-809A-3D166927B093'),(222,'iPad (2)','Guest Touchscreen','9.3.5','1024px*768px','0','2.91GB used 10.00GB available','RST-B1','192.168.1.177',NULL,35,'d2c8c14d0d9479d7f02b2c1b2c16fe8ed83d43f39e118292eaf070a337ca720b','2018-09-05 18:21:38',0,1,'255.255.255.0','E792428A-2717-4254-809A-3D166927B093'),(223,'iPad (2)','Guest Touchscreen','9.3.5','1024px*768px','0','2.91GB used 10.00GB available','RST-B1','192.168.1.177',NULL,35,'d2c8c14d0d9479d7f02b2c1b2c16fe8ed83d43f39e118292eaf070a337ca720b','2018-09-05 18:23:50',0,1,'255.255.255.0','E792428A-2717-4254-809A-3D166927B093'),(224,'iPad (2)','Guest Touchscreen','9.3.5','1024px*768px','0','2.91GB used 10.00GB available','RST-B1','192.168.1.177',NULL,35,'d2c8c14d0d9479d7f02b2c1b2c16fe8ed83d43f39e118292eaf070a337ca720b','2018-09-05 18:25:09',0,1,'255.255.255.0','E792428A-2717-4254-809A-3D166927B093'),(225,'iPhone 6+','Camera device','11.3','1242px*2208px','0','8.91GB used 5.98GB available','RST-B1','192.168.1.176',NULL,35,'6ae51398d2aa890d80325cac2101822670f68144c79153f141fe76971a521a78','2018-09-05 18:26:10',0,1,'255.255.255.0','249BCCF6-B7C2-4E45-B026-EDDF8F78AF00'),(226,'iPhone 6+','Camera device','11.3','1242px*2208px','0','8.91GB used 5.98GB available','RST-B1','192.168.1.176',NULL,35,'6ae51398d2aa890d80325cac2101822670f68144c79153f141fe76971a521a78','2018-09-05 18:26:11',0,1,'255.255.255.0','249BCCF6-B7C2-4E45-B026-EDDF8F78AF00'),(227,'iPad (2)','Guest Touchscreen','9.3.5','1024px*768px','0','2.91GB used 10.00GB available','RST-B1','192.168.1.177',NULL,35,'d2c8c14d0d9479d7f02b2c1b2c16fe8ed83d43f39e118292eaf070a337ca720b','2018-09-05 18:37:10',0,1,'255.255.255.0','E792428A-2717-4254-809A-3D166927B093'),(228,'iPad (2)','Guest Touchscreen','9.3.5','1024px*768px','0','2.91GB used 10.00GB available','RST-B1','192.168.1.177',NULL,35,'d2c8c14d0d9479d7f02b2c1b2c16fe8ed83d43f39e118292eaf070a337ca720b','2018-09-05 18:37:10',0,1,'255.255.255.0','E792428A-2717-4254-809A-3D166927B093'),(229,'iPad (2)','Guest Touchscreen','9.3.5','1024px*768px','0','2.91GB used 10.00GB available','RST-B1','192.168.1.177',NULL,35,'d2c8c14d0d9479d7f02b2c1b2c16fe8ed83d43f39e118292eaf070a337ca720b','2018-09-05 18:42:14',0,1,'255.255.255.0','E792428A-2717-4254-809A-3D166927B093'),(230,'iPad (2)','Guest Touchscreen','9.3.5','1024px*768px','0','2.91GB used 10.00GB available','RST-B1','192.168.1.177',NULL,35,'d2c8c14d0d9479d7f02b2c1b2c16fe8ed83d43f39e118292eaf070a337ca720b','2018-09-05 18:49:29',0,1,'255.255.255.0','E792428A-2717-4254-809A-3D166927B093'),(231,'iPad (2)','Guest Touchscreen','9.3.5','1024px*768px','0','2.91GB used 10.00GB available','RST-B1','192.168.1.177',NULL,35,'d2c8c14d0d9479d7f02b2c1b2c16fe8ed83d43f39e118292eaf070a337ca720b','2018-09-05 18:49:29',0,1,'255.255.255.0','E792428A-2717-4254-809A-3D166927B093'),(232,'iPad (2)','Guest Touchscreen','9.3.5','1024px*768px','0','2.93GB used 9.98GB available','RST-B1','192.168.1.177',NULL,35,'d2c8c14d0d9479d7f02b2c1b2c16fe8ed83d43f39e118292eaf070a337ca720b','2018-09-05 19:18:54',0,1,'255.255.255.0','E792428A-2717-4254-809A-3D166927B093'),(233,'iPad (2)','Guest Touchscreen','9.3.5','1024px*768px','0','2.93GB used 9.98GB available','RST-B1','192.168.1.177',NULL,35,'d2c8c14d0d9479d7f02b2c1b2c16fe8ed83d43f39e118292eaf070a337ca720b','2018-09-05 19:19:01',0,1,'255.255.255.0','E792428A-2717-4254-809A-3D166927B093'),(234,'iPhone','Guest Touchscreen','11.3.1','1334px*750px','0','11.71GB used 3.18GB available','RST-FF','192.168.1.172',NULL,36,'e3a3c081c2c1054e962ed3a486c4dcb5a1771cd759cd4a1daf7b9a80d98e6908','2018-09-06 17:05:09',0,1,'255.255.255.0','C2B9D366-6BAB-4CA4-B52F-CBB4E6BBFD9A'),(235,'iPhone','Guest Touchscreen','11.3.1','1334px*750px','0','11.71GB used 3.18GB available','RST-FF','192.168.1.172',NULL,36,'e3a3c081c2c1054e962ed3a486c4dcb5a1771cd759cd4a1daf7b9a80d98e6908','2018-09-06 17:05:13',0,1,'255.255.255.0','C2B9D366-6BAB-4CA4-B52F-CBB4E6BBFD9A'),(236,'iPhone','Guest Touchscreen','11.3.1','1334px*750px','0','11.71GB used 3.18GB available','RST-FF','192.168.1.172',NULL,36,'e3a3c081c2c1054e962ed3a486c4dcb5a1771cd759cd4a1daf7b9a80d98e6908','2018-09-06 17:05:34',0,1,'255.255.255.0','C2B9D366-6BAB-4CA4-B52F-CBB4E6BBFD9A'),(237,'iPhone','Guest Touchscreen','11.3.1','1334px*750px','0','11.71GB used 3.18GB available','RST-FF','192.168.1.172',NULL,36,'e3a3c081c2c1054e962ed3a486c4dcb5a1771cd759cd4a1daf7b9a80d98e6908','2018-09-06 17:05:36',0,1,'255.255.255.0','C2B9D366-6BAB-4CA4-B52F-CBB4E6BBFD9A'),(238,'iPhone','Guest Touchscreen','11.3.1','1334px*750px','0','11.71GB used 3.18GB available','RST-FF','192.168.1.172',NULL,36,'e3a3c081c2c1054e962ed3a486c4dcb5a1771cd759cd4a1daf7b9a80d98e6908','2018-09-06 17:05:48',0,1,'255.255.255.0','C2B9D366-6BAB-4CA4-B52F-CBB4E6BBFD9A'),(239,'iPhone','Guest Touchscreen','11.3.1','1334px*750px','0','11.71GB used 3.18GB available','RST-FF','192.168.1.172',NULL,36,'e3a3c081c2c1054e962ed3a486c4dcb5a1771cd759cd4a1daf7b9a80d98e6908','2018-09-06 17:06:05',0,1,'255.255.255.0','C2B9D366-6BAB-4CA4-B52F-CBB4E6BBFD9A'),(240,'iPhone','Guest Touchscreen','11.3.1','1334px*750px','0','11.71GB used 3.18GB available','RST-FF','192.168.1.172',NULL,36,'e3a3c081c2c1054e962ed3a486c4dcb5a1771cd759cd4a1daf7b9a80d98e6908','2018-09-06 17:06:26',0,1,'255.255.255.0','C2B9D366-6BAB-4CA4-B52F-CBB4E6BBFD9A'),(241,'iPhone','Guest Touchscreen','11.3.1','1334px*750px','0','11.71GB used 3.18GB available','RST-FF','192.168.1.172',NULL,36,'e3a3c081c2c1054e962ed3a486c4dcb5a1771cd759cd4a1daf7b9a80d98e6908','2018-09-06 17:06:59',0,1,'255.255.255.0','C2B9D366-6BAB-4CA4-B52F-CBB4E6BBFD9A'),(242,'iPhone','Guest Touchscreen','11.3.1','1334px*750px','0','11.72GB used 3.17GB available','RST-FF','192.168.1.172',NULL,39,'e3a3c081c2c1054e962ed3a486c4dcb5a1771cd759cd4a1daf7b9a80d98e6908','2018-09-06 17:07:51',0,1,'255.255.255.0','C2B9D366-6BAB-4CA4-B52F-CBB4E6BBFD9A'),(243,'iPhone','Guest Touchscreen','11.3.1','1334px*750px','0','11.72GB used 3.17GB available','RST-FF','192.168.1.172',NULL,39,'e3a3c081c2c1054e962ed3a486c4dcb5a1771cd759cd4a1daf7b9a80d98e6908','2018-09-06 17:07:54',0,1,'255.255.255.0','C2B9D366-6BAB-4CA4-B52F-CBB4E6BBFD9A'),(244,'iPhone','Guest Touchscreen','11.3.1','1334px*750px','0','11.72GB used 3.17GB available','RST-FF','192.168.1.172',NULL,39,'e3a3c081c2c1054e962ed3a486c4dcb5a1771cd759cd4a1daf7b9a80d98e6908','2018-09-06 17:07:56',0,1,'255.255.255.0','C2B9D366-6BAB-4CA4-B52F-CBB4E6BBFD9A'),(245,'iPhone','Guest Touchscreen','11.3.1','1334px*750px','0','11.72GB used 3.17GB available','RST-FF','192.168.1.172',NULL,39,'e3a3c081c2c1054e962ed3a486c4dcb5a1771cd759cd4a1daf7b9a80d98e6908','2018-09-06 17:11:40',0,1,'255.255.255.0','C2B9D366-6BAB-4CA4-B52F-CBB4E6BBFD9A'),(246,'iPhone 6+','Camera device','11.3','1242px*2208px','0','8.98GB used 5.91GB available','RST-FF','192.168.1.176',NULL,40,'be7f9e82d6894c8754f5e814382b59fedcd3de00bcd065e77b35aed4e6be8ee9','2018-09-06 17:13:17',0,1,'255.255.255.0','DC8DC05D-C124-417E-B6AD-2CEBEF7775A0'),(247,'iPhone 6+','Camera device','11.3','1242px*2208px','0','8.98GB used 5.91GB available','RST-FF','192.168.1.176',NULL,40,'be7f9e82d6894c8754f5e814382b59fedcd3de00bcd065e77b35aed4e6be8ee9','2018-09-06 17:13:28',0,1,'255.255.255.0','DC8DC05D-C124-417E-B6AD-2CEBEF7775A0'),(248,'iPhone','Guest Touchscreen','11.3.1','750px*1334px','0','11.72GB used 3.17GB available','RST-FF','192.168.1.172',NULL,39,'e3a3c081c2c1054e962ed3a486c4dcb5a1771cd759cd4a1daf7b9a80d98e6908','2018-09-06 17:13:38',0,1,'255.255.255.0','C2B9D366-6BAB-4CA4-B52F-CBB4E6BBFD9A'),(249,'iPhone 6+','Camera device','11.3','1242px*2208px','0','8.98GB used 5.91GB available','RST-FF','192.168.1.176',NULL,40,'be7f9e82d6894c8754f5e814382b59fedcd3de00bcd065e77b35aed4e6be8ee9','2018-09-06 17:14:00',0,1,'255.255.255.0','DC8DC05D-C124-417E-B6AD-2CEBEF7775A0'),(250,'iPhone','Camera device','11.3.1','750px*1334px','0','11.71GB used 3.18GB available','RST-FF','192.168.1.172',NULL,40,'e3a3c081c2c1054e962ed3a486c4dcb5a1771cd759cd4a1daf7b9a80d98e6908','2018-09-06 17:14:20',0,1,'255.255.255.0','C2B9D366-6BAB-4CA4-B52F-CBB4E6BBFD9A'),(251,'iPhone 6+','Guest Touchscreen','11.3','2208px*1242px','0','8.98GB used 5.91GB available','RST-FF','192.168.1.176',NULL,40,'be7f9e82d6894c8754f5e814382b59fedcd3de00bcd065e77b35aed4e6be8ee9','2018-09-06 17:14:28',0,1,'255.255.255.0','DC8DC05D-C124-417E-B6AD-2CEBEF7775A0'),(252,'iPhone 6+','Guest Touchscreen','11.3','2208px*1242px','0','8.98GB used 5.91GB available','RST-FF','192.168.1.176',NULL,40,'be7f9e82d6894c8754f5e814382b59fedcd3de00bcd065e77b35aed4e6be8ee9','2018-09-06 17:14:28',0,1,'255.255.255.0','DC8DC05D-C124-417E-B6AD-2CEBEF7775A0'),(253,'iPhone 6+','Guest Touchscreen','11.3','2208px*1242px','0','8.97GB used 5.92GB available','RST-FF','192.168.1.176',NULL,40,'be7f9e82d6894c8754f5e814382b59fedcd3de00bcd065e77b35aed4e6be8ee9','2018-09-06 17:15:18',0,1,'255.255.255.0','DC8DC05D-C124-417E-B6AD-2CEBEF7775A0'),(254,'iPhone 6+','Guest Touchscreen','11.3','2208px*1242px','0','8.97GB used 5.92GB available','RST-FF','192.168.1.176',NULL,40,'be7f9e82d6894c8754f5e814382b59fedcd3de00bcd065e77b35aed4e6be8ee9','2018-09-06 17:15:19',0,1,'255.255.255.0','DC8DC05D-C124-417E-B6AD-2CEBEF7775A0'),(255,'iPhone 6+','Guest Touchscreen','11.3','2208px*1242px','0','8.97GB used 5.92GB available','RST-FF','192.168.1.176',NULL,40,'be7f9e82d6894c8754f5e814382b59fedcd3de00bcd065e77b35aed4e6be8ee9','2018-09-06 17:16:18',0,1,'255.255.255.0','DC8DC05D-C124-417E-B6AD-2CEBEF7775A0'),(256,'iPhone 6+','Guest Touchscreen','11.3','2208px*1242px','0','8.97GB used 5.92GB available','RST-FF','192.168.1.176',NULL,40,'be7f9e82d6894c8754f5e814382b59fedcd3de00bcd065e77b35aed4e6be8ee9','2018-09-06 17:16:45',0,1,'255.255.255.0','DC8DC05D-C124-417E-B6AD-2CEBEF7775A0'),(257,'iPhone 6+','Guest Touchscreen','11.3','2208px*1242px','0','8.97GB used 5.92GB available','RST-FF','192.168.1.176',NULL,40,'be7f9e82d6894c8754f5e814382b59fedcd3de00bcd065e77b35aed4e6be8ee9','2018-09-06 17:16:45',0,1,'255.255.255.0','DC8DC05D-C124-417E-B6AD-2CEBEF7775A0'),(258,'iPhone 6+','Guest Touchscreen','11.3','2208px*1242px','0','8.97GB used 5.92GB available','RST-FF','192.168.1.176',NULL,40,'be7f9e82d6894c8754f5e814382b59fedcd3de00bcd065e77b35aed4e6be8ee9','2018-09-06 17:16:47',0,1,'255.255.255.0','DC8DC05D-C124-417E-B6AD-2CEBEF7775A0'),(259,'iPhone 6+','Guest Touchscreen','11.3','2208px*1242px','0','8.97GB used 5.92GB available','RST-FF','192.168.1.176',NULL,40,'be7f9e82d6894c8754f5e814382b59fedcd3de00bcd065e77b35aed4e6be8ee9','2018-09-06 17:16:47',0,1,'255.255.255.0','DC8DC05D-C124-417E-B6AD-2CEBEF7775A0'),(260,'iPhone 6+','Guest Touchscreen','11.3','2208px*1242px','0','8.97GB used 5.92GB available','RST-FF','192.168.1.176',NULL,40,'be7f9e82d6894c8754f5e814382b59fedcd3de00bcd065e77b35aed4e6be8ee9','2018-09-06 17:17:03',0,1,'255.255.255.0','DC8DC05D-C124-417E-B6AD-2CEBEF7775A0'),(261,'iPhone 6+','Guest Touchscreen','11.3','2208px*1242px','0','8.97GB used 5.92GB available','RST-FF','192.168.1.176',NULL,40,'be7f9e82d6894c8754f5e814382b59fedcd3de00bcd065e77b35aed4e6be8ee9','2018-09-06 17:17:04',0,1,'255.255.255.0','DC8DC05D-C124-417E-B6AD-2CEBEF7775A0'),(262,'iPhone 6+','Guest Touchscreen','11.3','2208px*1242px','0','8.97GB used 5.92GB available','RST-FF','192.168.1.176',NULL,40,'be7f9e82d6894c8754f5e814382b59fedcd3de00bcd065e77b35aed4e6be8ee9','2018-09-06 17:17:16',0,1,'255.255.255.0','DC8DC05D-C124-417E-B6AD-2CEBEF7775A0'),(263,'iPhone','Camera device','11.3.1','750px*1334px','0','11.72GB used 3.17GB available','RST-FF','192.168.1.172',NULL,40,'e3a3c081c2c1054e962ed3a486c4dcb5a1771cd759cd4a1daf7b9a80d98e6908','2018-09-06 17:18:29',0,1,'255.255.255.0','C2B9D366-6BAB-4CA4-B52F-CBB4E6BBFD9A'),(264,'iPhone 6+','Guest Touchscreen','11.3','2208px*1242px','0','8.97GB used 5.92GB available','RST-FF','192.168.1.176',NULL,40,'be7f9e82d6894c8754f5e814382b59fedcd3de00bcd065e77b35aed4e6be8ee9','2018-09-06 17:18:31',0,1,'255.255.255.0','DC8DC05D-C124-417E-B6AD-2CEBEF7775A0'),(265,'iPhone 6+','Guest Touchscreen','11.3','2208px*1242px','0','8.97GB used 5.92GB available','RST-FF','192.168.1.176',NULL,40,'be7f9e82d6894c8754f5e814382b59fedcd3de00bcd065e77b35aed4e6be8ee9','2018-09-06 17:18:36',0,1,'255.255.255.0','DC8DC05D-C124-417E-B6AD-2CEBEF7775A0'),(266,'iPhone 6+','Camera device','11.3','2208px*1242px','0','8.97GB used 5.92GB available','RST-FF','192.168.1.176',NULL,40,'be7f9e82d6894c8754f5e814382b59fedcd3de00bcd065e77b35aed4e6be8ee9','2018-09-06 17:18:37',0,1,'255.255.255.0','DC8DC05D-C124-417E-B6AD-2CEBEF7775A0'),(267,'iPhone','Camera device','11.3.1','750px*1334px','0','11.72GB used 3.17GB available','RST-FF','192.168.1.172',NULL,40,'e3a3c081c2c1054e962ed3a486c4dcb5a1771cd759cd4a1daf7b9a80d98e6908','2018-09-06 17:18:44',0,1,'255.255.255.0','C2B9D366-6BAB-4CA4-B52F-CBB4E6BBFD9A'),(268,'iPhone','Camera device','11.3.1','750px*1334px','0','11.72GB used 3.17GB available','RST-FF','192.168.1.172',NULL,40,'e3a3c081c2c1054e962ed3a486c4dcb5a1771cd759cd4a1daf7b9a80d98e6908','2018-09-06 17:18:52',0,1,'255.255.255.0','C2B9D366-6BAB-4CA4-B52F-CBB4E6BBFD9A'),(269,'iPhone 6+','Camera device','11.3','2208px*1242px','0','8.98GB used 5.92GB available','RST-FF','192.168.1.176',NULL,40,'be7f9e82d6894c8754f5e814382b59fedcd3de00bcd065e77b35aed4e6be8ee9','2018-09-06 17:19:31',0,1,'255.255.255.0','DC8DC05D-C124-417E-B6AD-2CEBEF7775A0'),(270,'iPhone 6+','Camera device','11.3','1242px*2208px','0','8.98GB used 5.91GB available','RST-FF','192.168.1.176',NULL,40,'be7f9e82d6894c8754f5e814382b59fedcd3de00bcd065e77b35aed4e6be8ee9','2018-09-06 17:20:09',0,1,'255.255.255.0','DC8DC05D-C124-417E-B6AD-2CEBEF7775A0'),(271,'iPhone 6+','Camera device','11.3','1242px*2208px','0','8.98GB used 5.91GB available','RST-FF','192.168.1.176',NULL,40,'be7f9e82d6894c8754f5e814382b59fedcd3de00bcd065e77b35aed4e6be8ee9','2018-09-06 17:20:09',0,1,'255.255.255.0','DC8DC05D-C124-417E-B6AD-2CEBEF7775A0'),(272,'iPhone 6+','Camera device','11.3','1242px*2208px','0','8.97GB used 5.92GB available','RST-FF','192.168.1.176',NULL,40,'be7f9e82d6894c8754f5e814382b59fedcd3de00bcd065e77b35aed4e6be8ee9','2018-09-06 17:20:16',0,1,'255.255.255.0','DC8DC05D-C124-417E-B6AD-2CEBEF7775A0'),(273,'iPhone 6+','Camera device','11.3','1242px*2208px','0','8.97GB used 5.92GB available','RST-FF','192.168.1.176',NULL,40,'be7f9e82d6894c8754f5e814382b59fedcd3de00bcd065e77b35aed4e6be8ee9','2018-09-06 17:20:16',0,1,'255.255.255.0','DC8DC05D-C124-417E-B6AD-2CEBEF7775A0'),(274,'iPhone 6+','Camera device','11.3','1242px*2208px','0','8.97GB used 5.92GB available','RST-FF','192.168.1.176',NULL,41,'be7f9e82d6894c8754f5e814382b59fedcd3de00bcd065e77b35aed4e6be8ee9','2018-09-06 17:20:32',0,1,'255.255.255.0','DC8DC05D-C124-417E-B6AD-2CEBEF7775A0'),(275,'iPhone','Guest Touchscreen','11.3.1','1334px*750px','0','11.71GB used 3.18GB available','RST-FF','192.168.1.172',NULL,41,'e3a3c081c2c1054e962ed3a486c4dcb5a1771cd759cd4a1daf7b9a80d98e6908','2018-09-06 17:27:08',0,1,'255.255.255.0','C2B9D366-6BAB-4CA4-B52F-CBB4E6BBFD9A'),(276,'iPhone','Guest Touchscreen','11.3.1','750px*1334px','0','11.71GB used 3.18GB available','RST-B1','192.168.1.172',NULL,41,'e3a3c081c2c1054e962ed3a486c4dcb5a1771cd759cd4a1daf7b9a80d98e6908','2018-09-06 17:29:18',0,1,'255.255.255.0','C2B9D366-6BAB-4CA4-B52F-CBB4E6BBFD9A'),(277,'iPhone','Guest Touchscreen','11.3.1','1334px*750px','0','11.72GB used 3.17GB available','RST-B1','192.168.1.172',NULL,42,'e3a3c081c2c1054e962ed3a486c4dcb5a1771cd759cd4a1daf7b9a80d98e6908','2018-09-06 17:30:56',0,1,'255.255.255.0','C2B9D366-6BAB-4CA4-B52F-CBB4E6BBFD9A'),(278,'iPhone','Guest Touchscreen','11.3.1','1334px*750px','0','11.72GB used 3.17GB available','RST-B1','192.168.1.172',NULL,42,'e3a3c081c2c1054e962ed3a486c4dcb5a1771cd759cd4a1daf7b9a80d98e6908','2018-09-06 17:31:01',0,1,'255.255.255.0','C2B9D366-6BAB-4CA4-B52F-CBB4E6BBFD9A'),(279,'iPhone','Guest Touchscreen','11.3.1','1334px*750px','0','11.72GB used 3.17GB available','RST-B1','192.168.1.172',NULL,42,'e3a3c081c2c1054e962ed3a486c4dcb5a1771cd759cd4a1daf7b9a80d98e6908','2018-09-06 17:31:15',0,1,'255.255.255.0','C2B9D366-6BAB-4CA4-B52F-CBB4E6BBFD9A'),(280,'iPhone','Guest Touchscreen','11.3.1','1334px*750px','0','11.72GB used 3.17GB available','RST-B1','192.168.1.172',NULL,42,'e3a3c081c2c1054e962ed3a486c4dcb5a1771cd759cd4a1daf7b9a80d98e6908','2018-09-06 17:31:21',0,1,'255.255.255.0','C2B9D366-6BAB-4CA4-B52F-CBB4E6BBFD9A'),(281,'iPhone','Guest Touchscreen','11.3.1','1334px*750px','0','11.72GB used 3.17GB available','RST-B1','192.168.1.172',NULL,42,'e3a3c081c2c1054e962ed3a486c4dcb5a1771cd759cd4a1daf7b9a80d98e6908','2018-09-06 17:31:23',0,1,'255.255.255.0','C2B9D366-6BAB-4CA4-B52F-CBB4E6BBFD9A'),(282,'iPhone','Guest Touchscreen','11.3.1','1334px*750px','0','11.72GB used 3.17GB available','RST-B1','192.168.1.172',NULL,42,'e3a3c081c2c1054e962ed3a486c4dcb5a1771cd759cd4a1daf7b9a80d98e6908','2018-09-06 17:31:26',0,1,'255.255.255.0','C2B9D366-6BAB-4CA4-B52F-CBB4E6BBFD9A'),(283,'iPhone','Guest Touchscreen','11.3.1','1334px*750px','0','11.72GB used 3.17GB available','RST-FF','192.168.1.172',NULL,42,'e3a3c081c2c1054e962ed3a486c4dcb5a1771cd759cd4a1daf7b9a80d98e6908','2018-09-06 17:32:46',0,1,'255.255.255.0','C2B9D366-6BAB-4CA4-B52F-CBB4E6BBFD9A'),(284,'iPhone','Guest Touchscreen','11.3.1','1334px*750px','0','11.72GB used 3.17GB available','RST-FF','192.168.1.172',NULL,42,'e3a3c081c2c1054e962ed3a486c4dcb5a1771cd759cd4a1daf7b9a80d98e6908','2018-09-06 17:32:46',0,1,'255.255.255.0','C2B9D366-6BAB-4CA4-B52F-CBB4E6BBFD9A'),(285,'iPhone','Guest Touchscreen','11.3.1','1334px*750px','0','11.72GB used 3.17GB available','RST-FF','192.168.1.172',NULL,43,'e3a3c081c2c1054e962ed3a486c4dcb5a1771cd759cd4a1daf7b9a80d98e6908','2018-09-06 17:33:56',0,1,'255.255.255.0','C2B9D366-6BAB-4CA4-B52F-CBB4E6BBFD9A'),(286,'iPhone','Guest Touchscreen','11.3.1','1334px*750px','0','11.72GB used 3.17GB available','RST-FF','192.168.1.172',NULL,43,'e3a3c081c2c1054e962ed3a486c4dcb5a1771cd759cd4a1daf7b9a80d98e6908','2018-09-06 17:33:58',0,1,'255.255.255.0','C2B9D366-6BAB-4CA4-B52F-CBB4E6BBFD9A'),(287,'iPhone','Guest Touchscreen','11.3.1','1334px*750px','0','11.72GB used 3.17GB available','RST-FF','192.168.1.172',NULL,43,'e3a3c081c2c1054e962ed3a486c4dcb5a1771cd759cd4a1daf7b9a80d98e6908','2018-09-06 17:34:01',0,1,'255.255.255.0','C2B9D366-6BAB-4CA4-B52F-CBB4E6BBFD9A'),(288,'iPhone 6+','Camera device','11.3','1242px*2208px','0','8.99GB used 5.91GB available','RST-FF','192.168.1.176',NULL,41,'be7f9e82d6894c8754f5e814382b59fedcd3de00bcd065e77b35aed4e6be8ee9','2018-09-06 17:34:23',0,1,'255.255.255.0','DC8DC05D-C124-417E-B6AD-2CEBEF7775A0'),(289,'iPhone 6+','Guest Touchscreen','11.3','2208px*1242px','0','8.99GB used 5.91GB available','RST-FF','192.168.1.176',NULL,41,'be7f9e82d6894c8754f5e814382b59fedcd3de00bcd065e77b35aed4e6be8ee9','2018-09-06 17:34:30',0,1,'255.255.255.0','DC8DC05D-C124-417E-B6AD-2CEBEF7775A0'),(290,'iPhone 6+','Guest Touchscreen','11.3','2208px*1242px','0','8.99GB used 5.91GB available','RST-FF','192.168.1.176',NULL,41,'be7f9e82d6894c8754f5e814382b59fedcd3de00bcd065e77b35aed4e6be8ee9','2018-09-06 17:34:30',0,1,'255.255.255.0','DC8DC05D-C124-417E-B6AD-2CEBEF7775A0'),(291,'iPhone 6+','Camera device','11.3','2208px*1242px','0','8.98GB used 5.91GB available','RST-FF','192.168.1.176',NULL,43,'be7f9e82d6894c8754f5e814382b59fedcd3de00bcd065e77b35aed4e6be8ee9','2018-09-06 17:34:48',0,1,'255.255.255.0','DC8DC05D-C124-417E-B6AD-2CEBEF7775A0'),(292,'iPhone','Guest Touchscreen','11.3.1','1334px*750px','0','11.73GB used 3.16GB available','RST-FF','192.168.1.172',NULL,43,'e3a3c081c2c1054e962ed3a486c4dcb5a1771cd759cd4a1daf7b9a80d98e6908','2018-09-06 17:42:27',0,1,'255.255.255.0','C2B9D366-6BAB-4CA4-B52F-CBB4E6BBFD9A'),(293,'iPhone','Guest Touchscreen','11.3.1','1334px*750px','0','11.73GB used 3.16GB available','RST-FF','192.168.1.172',NULL,43,'e3a3c081c2c1054e962ed3a486c4dcb5a1771cd759cd4a1daf7b9a80d98e6908','2018-09-06 17:42:30',0,1,'255.255.255.0','C2B9D366-6BAB-4CA4-B52F-CBB4E6BBFD9A'),(294,'iPhone','Guest Touchscreen','11.3.1','1334px*750px','0','11.73GB used 3.16GB available','RST-FF','192.168.1.172',NULL,43,'e3a3c081c2c1054e962ed3a486c4dcb5a1771cd759cd4a1daf7b9a80d98e6908','2018-09-06 17:42:33',0,1,'255.255.255.0','C2B9D366-6BAB-4CA4-B52F-CBB4E6BBFD9A'),(295,'iPhone','Guest Touchscreen','11.3.1','1334px*750px','0','11.73GB used 3.16GB available','RST-FF','192.168.1.172',NULL,43,'e3a3c081c2c1054e962ed3a486c4dcb5a1771cd759cd4a1daf7b9a80d98e6908','2018-09-06 17:42:36',0,1,'255.255.255.0','C2B9D366-6BAB-4CA4-B52F-CBB4E6BBFD9A'),(296,'iPhone 6+','Camera device','11.3','2208px*1242px','0','8.97GB used 5.92GB available','RST-FF','192.168.1.176',NULL,43,'be7f9e82d6894c8754f5e814382b59fedcd3de00bcd065e77b35aed4e6be8ee9','2018-09-06 17:42:41',0,1,'255.255.255.0','DC8DC05D-C124-417E-B6AD-2CEBEF7775A0'),(297,'iPhone','Guest Touchscreen','11.3.1','1334px*750px','0','11.74GB used 3.15GB available','RST-FF','192.168.1.172',NULL,43,'e3a3c081c2c1054e962ed3a486c4dcb5a1771cd759cd4a1daf7b9a80d98e6908','2018-09-06 18:12:01',0,1,'255.255.255.0','C2B9D366-6BAB-4CA4-B52F-CBB4E6BBFD9A'),(298,'iPhone','Camera device','11.3.1','750px*1334px','0','11.78GB used 3.12GB available','RST-B1','192.168.1.172',NULL,44,'4cf2b1b340174dda2d078cd808a469c2a84bcc93552b5b8c9ddf8fd2c7f6dc75','2018-09-12 16:17:24',0,1,'255.255.255.0','9F381FEF-2982-4333-805E-B9DE7AD650F5'),(299,'iPad (2)','Guest Touchscreen','9.3.5','1024px*768px','0','2.91GB used 10.00GB available','RST-B1','192.168.1.177',NULL,44,'1956fef2bd39e58d38def122eadfaaf866496ab7658c66472079c40ee20cd723','2018-09-12 16:17:55',0,1,'255.255.255.0','869564AC-9E6E-442A-B52B-3A0A8C73DDAA'),(300,'iPhone','Camera device','11.3.1','750px*1334px','0','11.78GB used 3.11GB available','RST-B1','192.168.1.172',NULL,44,'4cf2b1b340174dda2d078cd808a469c2a84bcc93552b5b8c9ddf8fd2c7f6dc75','2018-09-12 16:18:35',0,1,'255.255.255.0','9F381FEF-2982-4333-805E-B9DE7AD650F5'),(301,'iPhone','Camera device','11.3.1','750px*1334px','0','11.78GB used 3.11GB available','RST-B1','192.168.1.172',NULL,44,'4cf2b1b340174dda2d078cd808a469c2a84bcc93552b5b8c9ddf8fd2c7f6dc75','2018-09-12 16:18:38',0,1,'255.255.255.0','9F381FEF-2982-4333-805E-B9DE7AD650F5'),(302,'iPhone','Camera device','11.3.1','750px*1334px','0','11.78GB used 3.11GB available','RST-B1','192.168.1.172',NULL,44,'4cf2b1b340174dda2d078cd808a469c2a84bcc93552b5b8c9ddf8fd2c7f6dc75','2018-09-12 16:18:44',0,1,'255.255.255.0','9F381FEF-2982-4333-805E-B9DE7AD650F5'),(303,'iPad (2)','Guest Touchscreen','9.3.5','768px*1024px','0','2.91GB used 10.00GB available','RST-B1','192.168.1.177',NULL,44,'1956fef2bd39e58d38def122eadfaaf866496ab7658c66472079c40ee20cd723','2018-09-12 16:18:53',0,1,'255.255.255.0','869564AC-9E6E-442A-B52B-3A0A8C73DDAA'),(304,'iPad (2)','Guest Touchscreen','9.3.5','1024px*768px','0','2.91GB used 10.00GB available','RST-B1','192.168.1.177',NULL,44,'1956fef2bd39e58d38def122eadfaaf866496ab7658c66472079c40ee20cd723','2018-09-12 16:18:57',0,1,'255.255.255.0','869564AC-9E6E-442A-B52B-3A0A8C73DDAA'),(305,'iPad (2)','Guest Touchscreen','9.3.5','1024px*768px','0','2.91GB used 10.00GB available','RST-B1','192.168.1.177',NULL,44,'1956fef2bd39e58d38def122eadfaaf866496ab7658c66472079c40ee20cd723','2018-09-12 16:19:05',0,1,'255.255.255.0','869564AC-9E6E-442A-B52B-3A0A8C73DDAA'),(306,'iPad (2)','Guest Touchscreen','9.3.5','768px*1024px','0','2.91GB used 10.00GB available','RST-B1','192.168.1.177',NULL,44,'1956fef2bd39e58d38def122eadfaaf866496ab7658c66472079c40ee20cd723','2018-09-12 16:19:42',0,1,'255.255.255.0','869564AC-9E6E-442A-B52B-3A0A8C73DDAA'),(307,'iPad (2)','Guest Touchscreen','9.3.5','768px*1024px','0','2.91GB used 10.00GB available','RST-B1','192.168.1.177',NULL,44,'1956fef2bd39e58d38def122eadfaaf866496ab7658c66472079c40ee20cd723','2018-09-12 16:19:42',0,1,'255.255.255.0','869564AC-9E6E-442A-B52B-3A0A8C73DDAA'),(308,'iPad (2)','Guest Touchscreen','9.3.5','768px*1024px','0','2.91GB used 10.00GB available','RST-B1','192.168.1.177',NULL,44,'1956fef2bd39e58d38def122eadfaaf866496ab7658c66472079c40ee20cd723','2018-09-12 16:21:01',0,1,'255.255.255.0','869564AC-9E6E-442A-B52B-3A0A8C73DDAA'),(309,'iPad (2)','Guest Touchscreen','9.3.5','1024px*768px','0','2.91GB used 10.00GB available','RST-B1','192.168.1.177',NULL,44,'1956fef2bd39e58d38def122eadfaaf866496ab7658c66472079c40ee20cd723','2018-09-12 16:21:10',0,1,'255.255.255.0','869564AC-9E6E-442A-B52B-3A0A8C73DDAA'),(310,'iPad (2)','Guest Touchscreen','9.3.5','1024px*768px','0','2.91GB used 10.00GB available','RST-B1','192.168.1.177',NULL,44,'1956fef2bd39e58d38def122eadfaaf866496ab7658c66472079c40ee20cd723','2018-09-12 16:21:10',0,1,'255.255.255.0','869564AC-9E6E-442A-B52B-3A0A8C73DDAA'),(311,'iPad (2)','Guest Touchscreen','9.3.5','1024px*768px','0','2.91GB used 10.00GB available','RST-B1','192.168.1.177',NULL,44,'1956fef2bd39e58d38def122eadfaaf866496ab7658c66472079c40ee20cd723','2018-09-12 16:33:28',0,1,'255.255.255.0','869564AC-9E6E-442A-B52B-3A0A8C73DDAA'),(312,'iPad (2)','Guest Touchscreen','9.3.5','768px*1024px','0','2.91GB used 10.00GB available','RST-B1','192.168.1.177',NULL,44,'1956fef2bd39e58d38def122eadfaaf866496ab7658c66472079c40ee20cd723','2018-09-12 16:35:09',0,1,'255.255.255.0','869564AC-9E6E-442A-B52B-3A0A8C73DDAA'),(313,'iPad (2)','Guest Touchscreen','9.3.5','1024px*768px','0','2.91GB used 10.00GB available','RST-B1','192.168.1.177',NULL,44,'1956fef2bd39e58d38def122eadfaaf866496ab7658c66472079c40ee20cd723','2018-09-12 16:35:14',0,1,'255.255.255.0','869564AC-9E6E-442A-B52B-3A0A8C73DDAA'),(314,'iPad (2)','Guest Touchscreen','9.3.5','1024px*768px','0','2.91GB used 10.00GB available','RST-B1','192.168.1.177',NULL,44,'1956fef2bd39e58d38def122eadfaaf866496ab7658c66472079c40ee20cd723','2018-09-12 16:35:29',0,1,'255.255.255.0','869564AC-9E6E-442A-B52B-3A0A8C73DDAA'),(315,'iPad (2)','Guest Touchscreen','9.3.5','768px*1024px','0','2.91GB used 10.00GB available','RST-FF','192.168.1.177',NULL,44,'1956fef2bd39e58d38def122eadfaaf866496ab7658c66472079c40ee20cd723','2018-09-12 17:44:04',0,1,'255.255.255.0','869564AC-9E6E-442A-B52B-3A0A8C73DDAA'),(316,'iPad (2)','Guest Touchscreen','9.3.5','1024px*768px','0','2.91GB used 10.00GB available','RST-FF','192.168.1.177',NULL,44,'1956fef2bd39e58d38def122eadfaaf866496ab7658c66472079c40ee20cd723','2018-09-12 17:44:16',0,1,'255.255.255.0','869564AC-9E6E-442A-B52B-3A0A8C73DDAA');
/*!40000 ALTER TABLE `device_registration_all` ENABLE KEYS */;
UNLOCK TABLES;

--
-- Table structure for table `fovbyuser`
--

DROP TABLE IF EXISTS `fovbyuser`;
/*!40101 SET @saved_cs_client     = @@character_set_client */;
/*!40101 SET character_set_client = utf8 */;
CREATE TABLE `fovbyuser` (
  `fovId` int(10) unsigned NOT NULL AUTO_INCREMENT,
  `fovTop` varchar(45) DEFAULT NULL,
  `fovBottom` varchar(45) DEFAULT NULL,
  `fovLeft` varchar(45) DEFAULT NULL,
  `fovRight` varchar(45) DEFAULT NULL,
  `greenScreenWidth` varchar(45) DEFAULT NULL,
  `greenScreenDistance` varchar(45) DEFAULT NULL,
  `greenScreenHeight` varchar(45) DEFAULT NULL,
  `greenScreenCountDownDelay` varchar(45) DEFAULT NULL,
  `otherInstructionTimeout` varchar(45) DEFAULT NULL,
  `othrtCountDelay` varchar(45) DEFAULT NULL,
  `userId` int(10) unsigned DEFAULT NULL,
  `zoomScale` varchar(45) DEFAULT NULL,
  `imageX` varchar(45) DEFAULT NULL,
  `imageY` varchar(45) DEFAULT NULL,
  `imageHeight` varchar(45) DEFAULT NULL,
  `imageWidth` varchar(45) DEFAULT NULL,
  PRIMARY KEY (`fovId`)
) ENGINE=InnoDB AUTO_INCREMENT=45 DEFAULT CHARSET=latin1;
/*!40101 SET character_set_client = @saved_cs_client */;

--
-- Dumping data for table `fovbyuser`
--

LOCK TABLES `fovbyuser` WRITE;
/*!40000 ALTER TABLE `fovbyuser` DISABLE KEYS */;
INSERT INTO `fovbyuser` VALUES (1,'33','0','14','16',NULL,NULL,NULL,NULL,'','',1,'1.00','137.76250000000005','155','314','584.4749999999999'),(2,'29','30','34','34',NULL,NULL,NULL,NULL,'','',2,'0.75','174.75','175','118','159'),(3,'0','0','0','0',NULL,NULL,NULL,NULL,NULL,NULL,3,'1.00',NULL,NULL,NULL,NULL),(4,'0','0','0','0',NULL,NULL,NULL,NULL,NULL,NULL,4,'1.00',NULL,NULL,NULL,NULL),(5,'31','4','1','44',NULL,NULL,NULL,NULL,'','',5,'0.75','33.762500000000045','146','306','453.4749999999999'),(6,'0','0','0','0',NULL,NULL,NULL,NULL,'','',6,'1.00','206.5','0','469','469'),(7,'10','0','0','4',NULL,NULL,NULL,NULL,'','',7,'0.75','0','59.3450704225352','394.3098591549296','748'),(8,'0','0','0','0',NULL,NULL,NULL,NULL,NULL,NULL,8,'0.75',NULL,NULL,NULL,NULL),(9,'19','17','14','12',NULL,NULL,NULL,NULL,'','',9,'1.00','142.76250000000005','90','300','611.4749999999999'),(10,'0','0','0','0',NULL,NULL,NULL,NULL,NULL,NULL,10,'1.00',NULL,NULL,NULL,NULL),(11,'0','0','0','0',NULL,NULL,NULL,NULL,NULL,NULL,11,'1.00',NULL,NULL,NULL,NULL),(12,'0','0','0','0',NULL,NULL,NULL,NULL,NULL,NULL,12,'1.00',NULL,NULL,NULL,NULL),(13,'26','6','21','21',NULL,NULL,NULL,NULL,'','',14,'0.75','232.5','124','318','272'),(14,'0','0','0','0',NULL,NULL,NULL,NULL,NULL,NULL,13,'0.75',NULL,NULL,NULL,NULL),(15,'0','0','0','0',NULL,NULL,NULL,NULL,NULL,NULL,15,'1.00',NULL,NULL,NULL,NULL),(16,'0','0','3','3',NULL,NULL,NULL,NULL,'','',16,'1.00','53.762500000000045','1','468','774.4749999999999'),(17,'0','0','0','0',NULL,NULL,NULL,NULL,NULL,NULL,17,'1.00',NULL,NULL,NULL,NULL),(18,'0','0','0','49',NULL,NULL,NULL,NULL,'1','1',18,'1.00','24.762500000000045','0','469','425.4749999999999'),(19,'12','25','2','36',NULL,NULL,NULL,NULL,'','',19,'0.75','10','119.9507042253521','188.84507042253523','337'),(20,'0','0','0','0',NULL,NULL,NULL,NULL,NULL,NULL,20,'1.00',NULL,NULL,NULL,NULL),(21,'0','0','0','0',NULL,NULL,NULL,NULL,NULL,NULL,21,'1.00',NULL,NULL,NULL,NULL),(22,'0','0','0','0',NULL,NULL,NULL,NULL,NULL,NULL,22,'1.00',NULL,NULL,NULL,NULL),(23,'0','0','0','0',NULL,NULL,NULL,NULL,NULL,NULL,23,'1.00',NULL,NULL,NULL,NULL),(24,'0','0','0','0',NULL,NULL,NULL,NULL,NULL,NULL,24,'1.00',NULL,NULL,NULL,NULL),(25,'0','0','0','0',NULL,NULL,NULL,NULL,NULL,NULL,25,'1.00',NULL,NULL,NULL,NULL),(26,'0','0','0','0',NULL,NULL,NULL,NULL,NULL,NULL,26,'1.00',NULL,NULL,NULL,NULL),(27,'0','0','0','0',NULL,NULL,NULL,NULL,NULL,NULL,27,'1.00',NULL,NULL,NULL,NULL),(28,'0','0','0','0',NULL,NULL,NULL,NULL,NULL,NULL,28,'1.00',NULL,NULL,NULL,NULL),(29,'0','0','0','0',NULL,NULL,NULL,NULL,NULL,NULL,29,'1.00',NULL,NULL,NULL,NULL),(30,'0','0','0','0',NULL,NULL,NULL,NULL,NULL,NULL,30,'1.00',NULL,NULL,NULL,NULL),(31,'0','0','0','0',NULL,NULL,NULL,NULL,NULL,NULL,31,'1.00',NULL,NULL,NULL,NULL),(32,'17','13','18','16',NULL,NULL,NULL,NULL,'','',32,'1.00','129.890625','96.19426716549293','291.5020906690141','492.64453125'),(33,'0','0','0','0',NULL,NULL,NULL,NULL,NULL,NULL,33,'1.00',NULL,NULL,NULL,NULL),(34,'0','0','0','0',NULL,NULL,NULL,NULL,NULL,NULL,34,'1.00',NULL,NULL,NULL,NULL),(35,'0','25','0','16',NULL,NULL,NULL,NULL,'','',35,'1.00','24.762500000000045','0','350','700.4749999999999'),(36,'0','0','0','0',NULL,NULL,NULL,NULL,NULL,NULL,36,'1.00',NULL,NULL,NULL,NULL),(37,'0','0','0','0',NULL,NULL,NULL,NULL,NULL,NULL,37,'1.00',NULL,NULL,NULL,NULL),(38,'0','0','0','0',NULL,NULL,NULL,NULL,NULL,NULL,38,'1.00',NULL,NULL,NULL,NULL),(39,'0','0','0','0',NULL,NULL,NULL,NULL,NULL,NULL,39,'1.00',NULL,NULL,NULL,NULL),(40,'0','0','0','0',NULL,NULL,NULL,NULL,NULL,NULL,40,'1.00',NULL,NULL,NULL,NULL),(41,'0','0','0','0',NULL,NULL,NULL,NULL,NULL,NULL,41,'1.00',NULL,NULL,NULL,NULL),(42,'0','0','0','0',NULL,NULL,NULL,NULL,NULL,NULL,42,'1.00',NULL,NULL,NULL,NULL),(43,'0','20','0','17',NULL,NULL,NULL,NULL,'','',43,'1.00','24.762500000000045','0','373','690.4749999999999'),(44,'0','0','0','0',NULL,NULL,NULL,NULL,NULL,NULL,44,'1.00',NULL,NULL,NULL,NULL);
/*!40000 ALTER TABLE `fovbyuser` ENABLE KEYS */;
UNLOCK TABLES;

--
-- Table structure for table `status_count`
--

DROP TABLE IF EXISTS `status_count`;
/*!40101 SET @saved_cs_client     = @@character_set_client */;
/*!40101 SET character_set_client = utf8 */;
CREATE TABLE `status_count` (
  `id` int(10) unsigned NOT NULL AUTO_INCREMENT,
  `emailId` varchar(45) DEFAULT NULL,
  `eventId` int(10) unsigned DEFAULT NULL,
  `repetedGuestCount` int(10) unsigned DEFAULT NULL,
  `mailSentCount` int(10) unsigned DEFAULT NULL,
  `facebookShareCount` int(10) unsigned DEFAULT NULL,
  `twitterShareCount` int(10) unsigned DEFAULT NULL,
  PRIMARY KEY (`id`)
) ENGINE=InnoDB AUTO_INCREMENT=6 DEFAULT CHARSET=latin1;
/*!40101 SET character_set_client = @saved_cs_client */;

--
-- Dumping data for table `status_count`
--

LOCK TABLES `status_count` WRITE;
/*!40000 ALTER TABLE `status_count` DISABLE KEYS */;
INSERT INTO `status_count` VALUES (1,'rapidsoft111@gmail.com',5,1,9,NULL,NULL),(2,'roohulamin.khan@gmail.com',5,1,13,NULL,NULL),(3,'dash.anshuman95@gmail.com',5,0,1,NULL,NULL),(4,'rapidsoft111@gmail.com',6,0,1,NULL,NULL),(5,'rapidsoft333@gmail.com',7,0,1,NULL,NULL);
/*!40000 ALTER TABLE `status_count` ENABLE KEYS */;
UNLOCK TABLES;

--
-- Table structure for table `subscription_master`
--

DROP TABLE IF EXISTS `subscription_master`;
/*!40101 SET @saved_cs_client     = @@character_set_client */;
/*!40101 SET character_set_client = utf8 */;
CREATE TABLE `subscription_master` (
  `sub_id` int(10) unsigned NOT NULL AUTO_INCREMENT,
  `sub_name` varchar(45) DEFAULT NULL,
  `sub_price` varchar(45) DEFAULT NULL,
  `sub_validaity_day_period` varchar(45) DEFAULT NULL,
  `created_date` datetime DEFAULT NULL,
  `createdUserId` int(10) unsigned DEFAULT NULL,
  `updatedByUserId` int(10) unsigned DEFAULT NULL,
  `updatedDate` datetime DEFAULT NULL,
  `status` tinyint(1) unsigned DEFAULT NULL,
  `isDeleted` tinyint(1) unsigned DEFAULT NULL,
  `description` varchar(500) DEFAULT NULL,
  `deviceDescription` varchar(1000) DEFAULT NULL,
  PRIMARY KEY (`sub_id`)
) ENGINE=InnoDB AUTO_INCREMENT=5 DEFAULT CHARSET=latin1;
/*!40101 SET character_set_client = @saved_cs_client */;

--
-- Dumping data for table `subscription_master`
--

LOCK TABLES `subscription_master` WRITE;
/*!40000 ALTER TABLE `subscription_master` DISABLE KEYS */;
INSERT INTO `subscription_master` VALUES (1,'Test Drive','0','1','2016-10-20 18:48:53',NULL,2,'2016-12-13 10:51:25',1,0,'Play around with the technology and see if it\'s right for you.','1 Apple \"Camera\" device ,\r\n1 Apple \"Guest Interface\" device ,\r\n1 Watermarked iAmuse Background'),(2,'test5','10','168','2016-10-20 18:48:53',NULL,NULL,NULL,1,0,'Get access to all basic iAmuse functionality','1 Apple \"Camera\" device ,\r\n1 Apple \"Guest Interface\" device ,\r\nBasic Background Library'),(3,'iAmuseCustom','25','720','2016-10-20 18:48:53',NULL,NULL,NULL,1,0,'Upload your own backgrounds!','1 Apple \"Camera\" device ,\r\n1 Apple \"Guest Interface\" device ,\r\ncoming soon - 1 Apple \"Print Kiosk\" device ,\r\nCustom Background Upload ,\r\nExtended Background Library ,\r\nCustom Logo watermark'),(4,'iAmuseProfessional','100','8760','2016-10-20 18:48:53',NULL,NULL,NULL,1,0,'Manage booths and support numerous Events at once!','1 Apple \"Camera\" device ,\r\n1 Apple \"Guest Interface\" device ,\r\ncoming soon - 1 Apple \"Print Kiosk\" device ,\r\nCustom Background Upload ,\r\nExtended Background Library ,\r\nOnline Booth Management ,\r\nMultiple Event model');
/*!40000 ALTER TABLE `subscription_master` ENABLE KEYS */;
UNLOCK TABLES;

--
-- Table structure for table `transaction_mapping_admin`
--

DROP TABLE IF EXISTS `transaction_mapping_admin`;
/*!40101 SET @saved_cs_client     = @@character_set_client */;
/*!40101 SET character_set_client = utf8 */;
CREATE TABLE `transaction_mapping_admin` (
  `map_id` int(10) unsigned NOT NULL AUTO_INCREMENT,
  `user_id` int(10) unsigned DEFAULT NULL,
  `transaction_master_id` int(10) unsigned DEFAULT NULL,
  `date` datetime DEFAULT NULL,
  PRIMARY KEY (`map_id`)
) ENGINE=InnoDB AUTO_INCREMENT=44 DEFAULT CHARSET=latin1;
/*!40101 SET character_set_client = @saved_cs_client */;

--
-- Dumping data for table `transaction_mapping_admin`
--

LOCK TABLES `transaction_mapping_admin` WRITE;
/*!40000 ALTER TABLE `transaction_mapping_admin` DISABLE KEYS */;
INSERT INTO `transaction_mapping_admin` VALUES (1,1,1,'2018-02-09 14:39:49'),(2,1,2,'2018-02-09 14:44:54'),(3,1,3,'2018-02-15 18:52:58'),(4,1,4,'2018-02-15 18:57:50'),(5,19,5,'2018-02-15 19:49:01'),(6,19,6,'2018-02-15 20:23:20'),(7,19,7,'2018-02-16 15:59:58'),(8,18,8,'2018-02-21 13:49:56'),(9,18,9,'2018-02-21 13:50:25'),(12,24,10,'2018-02-27 16:13:39'),(13,24,11,'2018-02-27 16:20:39'),(14,24,12,'2018-02-27 16:33:49'),(15,23,13,'2018-02-27 16:36:52'),(16,23,14,'2018-03-05 11:32:23'),(17,25,15,'2018-03-20 13:31:23'),(19,25,17,'2018-03-20 16:16:41'),(20,1,18,'2018-03-20 17:15:07'),(21,26,19,'2018-03-20 18:11:58'),(22,27,20,'2018-03-20 18:28:24'),(23,29,21,'2018-06-25 10:46:20'),(24,14,22,'2018-07-27 16:20:50'),(25,14,23,'2018-07-27 16:27:47'),(26,28,24,'2018-08-09 06:41:53'),(27,32,25,'2018-09-05 01:11:47'),(28,35,26,'2018-09-05 02:03:07'),(29,36,27,'2018-09-06 05:06:09'),(30,39,28,'2018-09-06 05:07:54'),(31,39,29,'2018-09-06 05:07:54'),(32,42,30,'2018-09-06 05:31:23'),(33,43,31,'2018-09-06 05:33:59'),(34,43,32,'2018-09-06 05:33:59'),(35,43,33,'2018-09-12 16:59:53'),(36,44,34,'2018-09-20 16:21:19'),(37,41,35,'2018-09-20 17:14:56'),(38,40,36,'2018-09-20 17:19:14'),(40,44,38,'2018-09-20 17:39:34'),(42,37,40,'2018-09-20 18:05:38'),(43,38,41,'2018-09-20 18:17:35');
/*!40000 ALTER TABLE `transaction_mapping_admin` ENABLE KEYS */;
UNLOCK TABLES;

--
-- Table structure for table `transaction_master`
--

DROP TABLE IF EXISTS `transaction_master`;
/*!40101 SET @saved_cs_client     = @@character_set_client */;
/*!40101 SET character_set_client = utf8 */;
CREATE TABLE `transaction_master` (
  `transaction_master_id` int(10) unsigned NOT NULL AUTO_INCREMENT,
  `txn_id` varchar(500) DEFAULT NULL,
  `protection_eligibility` varchar(500) DEFAULT NULL,
  `address_status` varchar(500) DEFAULT NULL,
  `payer_id` varchar(500) DEFAULT NULL,
  `tax` varchar(500) DEFAULT NULL,
  `address_street` varchar(500) DEFAULT NULL,
  `payment_date` varchar(500) DEFAULT NULL,
  `payment_status` varchar(500) DEFAULT NULL,
  `address_zip` varchar(500) DEFAULT NULL,
  `first_name` varchar(500) DEFAULT NULL,
  `address_country_code` varchar(500) DEFAULT NULL,
  `address_name` varchar(500) DEFAULT NULL,
  `payer_status` varchar(500) DEFAULT NULL,
  `business` varchar(500) DEFAULT NULL,
  `address_country` varchar(500) DEFAULT NULL,
  `address_city` varchar(500) DEFAULT NULL,
  `quantity` varchar(500) DEFAULT NULL,
  `payer_email` varchar(500) DEFAULT NULL,
  `payment_type` varchar(500) DEFAULT NULL,
  `address_state` varchar(500) DEFAULT NULL,
  `receiver_email` varchar(500) DEFAULT NULL,
  `payment_fee` varchar(500) DEFAULT NULL,
  `receiver_id` varchar(500) DEFAULT NULL,
  `txn_type` varchar(500) DEFAULT NULL,
  `item_name` varchar(500) DEFAULT NULL,
  `mc_currency` varchar(500) DEFAULT NULL,
  `item_number` varchar(500) DEFAULT NULL,
  `residence_country` varchar(500) DEFAULT NULL,
  `handling_amount` varchar(500) DEFAULT NULL,
  `payment_gross` varchar(500) DEFAULT NULL,
  `auth` varchar(500) DEFAULT NULL,
  `status_response` varchar(5000) DEFAULT NULL,
  `mc_fee` varchar(45) DEFAULT NULL,
  `payment_amount` varchar(45) DEFAULT NULL,
  `user_id` int(10) unsigned DEFAULT NULL,
  `isDeleted` tinyint(1) unsigned DEFAULT NULL,
  `status` tinyint(1) unsigned DEFAULT NULL,
  `productId` varchar(500) DEFAULT NULL,
  `originalpurchasedatems` varchar(500) DEFAULT NULL,
  `purchasedatepst` varchar(500) DEFAULT NULL,
  `originalpurchasedate` varchar(500) DEFAULT NULL,
  `bvrs` varchar(500) DEFAULT NULL,
  `originalpurchasedatepst` varchar(500) DEFAULT NULL,
  `uniqueidentifier` varchar(500) DEFAULT NULL,
  `originaltransactionid` varchar(500) DEFAULT NULL,
  `itemid` varchar(500) DEFAULT NULL,
  `purchasedatems` varchar(500) DEFAULT NULL,
  `purchasedate` varchar(500) DEFAULT NULL,
  `bid` varchar(500) DEFAULT NULL,
  `uniquevendoridentifier` varchar(500) DEFAULT NULL,
  PRIMARY KEY (`transaction_master_id`)
) ENGINE=InnoDB AUTO_INCREMENT=42 DEFAULT CHARSET=latin1;
/*!40101 SET character_set_client = @saved_cs_client */;

--
-- Dumping data for table `transaction_master`
--

LOCK TABLES `transaction_master` WRITE;
/*!40000 ALTER TABLE `transaction_master` DISABLE KEYS */;
INSERT INTO `transaction_master` VALUES (1,'1117589000000077332',NULL,NULL,'1117589000000077334','0','dsjfhj','2018-02-09',NULL,'23423','Abhinay Pandey',NULL,NULL,NULL,NULL,'USA','dsfg','1',NULL,'web',NULL,NULL,NULL,NULL,NULL,'Basic',NULL,'2',NULL,NULL,NULL,NULL,'{\"code\":0,\"message\":\"Subscription has been created successfully.\",\"subscription\":{\"subscription_id\":\"1117589000000077332\",\"name\":\"Rapidsoft Technologies Pvt. Ltd.-Basic\",\"status\":\"live\",\"sub_total\":10,\"amount\":10,\"created_at\":\"2018-02-09\",\"activated_at\":\"2018-02-09\",\"current_term_starts_at\":\"2018-02-09\",\"current_term_ends_at\":\"2018-02-16\",\"last_billing_at\":\"2018-02-09\",\"next_billing_at\":\"2018-02-16\",\"expires_at\":\"\",\"interval\":1,\"interval_unit\":\"weeks\",\"auto_collect\":true,\"created_time\":\"2018-02-09T01:09:47-0800\",\"updated_time\":\"2018-02-09T01:09:49-0800\",\"reference_id\":\"\",\"salesperson_id\":\"\",\"salesperson_name\":\"\",\"child_invoice_id\":\"1117589000000077350\",\"currency_code\":\"USD\",\"currency_symbol\":\"$\",\"end_of_term\":false,\"product_id\":\"1117589000000061040\",\"product_name\":\"Rapidsoft Technologies Pvt. Ltd.\",\"pricebook_id\":\"\",\"plan\":{\"plan_code\":\"2\",\"name\":\"Basic\",\"description\":\"1 Apple \\\"Camera\\\" device ,\\n 1 Apple \\\"Guest Interface\\\" device ,\\n Basic Background Library\",\"price\":10,\"quantity\":1,\"discount\":0,\"total\":10,\"setup_fee\":0,\"tax_id\":\"\",\"tax_name\":\"\",\"tax_percentage\":0,\"tax_type\":\"tax\",\"setup_fee_tax_id\":\"\",\"setup_fee_tax_name\":\"\",\"setup_fee_tax_percentage\":\"\",\"setup_fee_tax_type\":\"\"},\"addons\":[],\"taxes\":[],\"exchange_rate\":1,\"is_inclusive_tax\":false,\"payment_terms\":0,\"payment_terms_label\":\"Due On Receipt\",\"can_add_bank_account\":false,\"customer\":{\"customer_id\":\"1117589000000077334\",\"display_name\":\"Abhinay Pandey\",\"company_name\":\"\",\"first_name\":\"\",\"last_name\":\"\",\"salutation\":\"\",\"email\":\"ndiit2011@gmail.com\",\"website\":\"\",\"ip_address\":\"125.63.72.11\",\"zcrm_account_id\":\"\",\"zcrm_contact_id\":\"\",\"billing_address\":{\"street\":\"\",\"street2\":\"\",\"city\":\"\",\"state\":\"\",\"zip\":\"\",\"country\":\"\",\"fax\":\"\",\"phone\":\"\",\"attention\":\"\"},\"shipping_address\":{\"street\":\"\",\"street2\":\"\",\"city\":\"\",\"state\":\"\",\"zip\":\"\",\"country\":\"\",\"fax\":\"\",\"phone\":\"\",\"attention\":\"\"},\"payment_terms\":0,\"payment_terms_label\":\"\",\"custom_fields\":[]},\"custom_fields\":[],\"contactpersons\":[{\"contactperson_id\":\"1117589000000077336\",\"email\":\"ndiit2011@gmail.com\",\"phone\":\"\",\"mobile\":\"34535334534\",\"zcrm_contact_id\":\"\"}],\"card\":{\"card_id\":\"1117589000000077375\",\"last_four_digits\":\"1111\",\"expiry_month\":7,\"expiry_year\":2022,\"payment_gateway\":\"test_gateway\"},\"notes\":[],\"payment_gateways\":[{\"payment_gateway\":\"test_gateway\"}]}}',NULL,'10',1,0,1,NULL,NULL,NULL,NULL,NULL,NULL,NULL,NULL,NULL,NULL,NULL,NULL,NULL),(2,'1117589000000077439',NULL,NULL,'1117589000000077441','0','dsfasf','2018-02-09',NULL,'23423','Abhinay Pandey',NULL,NULL,NULL,NULL,'USA','dsfgds','1',NULL,'web',NULL,NULL,NULL,NULL,NULL,'Basic',NULL,'2',NULL,NULL,NULL,NULL,'{\"code\":0,\"message\":\"Subscription has been created successfully.\",\"subscription\":{\"subscription_id\":\"1117589000000077439\",\"name\":\"Rapidsoft Technologies Pvt. Ltd.-Basic\",\"status\":\"live\",\"sub_total\":10,\"amount\":10,\"created_at\":\"2018-02-09\",\"activated_at\":\"2018-02-09\",\"current_term_starts_at\":\"2018-02-09\",\"current_term_ends_at\":\"2018-02-16\",\"last_billing_at\":\"2018-02-09\",\"next_billing_at\":\"2018-02-16\",\"expires_at\":\"\",\"interval\":1,\"interval_unit\":\"weeks\",\"auto_collect\":true,\"created_time\":\"2018-02-09T01:14:53-0800\",\"updated_time\":\"2018-02-09T01:14:54-0800\",\"reference_id\":\"\",\"salesperson_id\":\"\",\"salesperson_name\":\"\",\"child_invoice_id\":\"1117589000000077457\",\"currency_code\":\"USD\",\"currency_symbol\":\"$\",\"end_of_term\":false,\"product_id\":\"1117589000000061040\",\"product_name\":\"Rapidsoft Technologies Pvt. Ltd.\",\"pricebook_id\":\"\",\"plan\":{\"plan_code\":\"2\",\"name\":\"Basic\",\"description\":\"1 Apple \\\"Camera\\\" device ,\\n 1 Apple \\\"Guest Interface\\\" device ,\\n Basic Background Library\",\"price\":10,\"quantity\":1,\"discount\":0,\"total\":10,\"setup_fee\":0,\"tax_id\":\"\",\"tax_name\":\"\",\"tax_percentage\":0,\"tax_type\":\"tax\",\"setup_fee_tax_id\":\"\",\"setup_fee_tax_name\":\"\",\"setup_fee_tax_percentage\":\"\",\"setup_fee_tax_type\":\"\"},\"addons\":[],\"taxes\":[],\"exchange_rate\":1,\"is_inclusive_tax\":false,\"payment_terms\":0,\"payment_terms_label\":\"Due On Receipt\",\"can_add_bank_account\":false,\"customer\":{\"customer_id\":\"1117589000000077441\",\"display_name\":\"Abhinay Pandey\",\"company_name\":\"\",\"first_name\":\"\",\"last_name\":\"\",\"salutation\":\"\",\"email\":\"ndiit2011@gmail.com\",\"website\":\"\",\"ip_address\":\"125.63.72.11\",\"zcrm_account_id\":\"\",\"zcrm_contact_id\":\"\",\"billing_address\":{\"street\":\"\",\"street2\":\"\",\"city\":\"\",\"state\":\"\",\"zip\":\"\",\"country\":\"\",\"fax\":\"\",\"phone\":\"\",\"attention\":\"\"},\"shipping_address\":{\"street\":\"\",\"street2\":\"\",\"city\":\"\",\"state\":\"\",\"zip\":\"\",\"country\":\"\",\"fax\":\"\",\"phone\":\"\",\"attention\":\"\"},\"payment_terms\":0,\"payment_terms_label\":\"\",\"custom_fields\":[]},\"custom_fields\":[],\"contactpersons\":[{\"contactperson_id\":\"1117589000000077443\",\"email\":\"ndiit2011@gmail.com\",\"phone\":\"\",\"mobile\":\"2342342\",\"zcrm_contact_id\":\"\"}],\"card\":{\"card_id\":\"1117589000000077482\",\"last_four_digits\":\"1111\",\"expiry_month\":7,\"expiry_year\":2022,\"payment_gateway\":\"test_gateway\"},\"notes\":[],\"payment_gateways\":[{\"payment_gateway\":\"test_gateway\"}]}}',NULL,'10',1,0,1,NULL,NULL,NULL,NULL,NULL,NULL,NULL,NULL,NULL,NULL,NULL,NULL,NULL),(3,'1117589000000084225',NULL,NULL,'1117589000000084227','0','dsaf','2018-02-15',NULL,'45433','dfgda agfd',NULL,NULL,NULL,NULL,'USA','dsaf','1',NULL,'web',NULL,NULL,NULL,NULL,NULL,'Basic',NULL,'2',NULL,NULL,NULL,NULL,'{\"code\":0,\"message\":\"Subscription has been created successfully.\",\"subscription\":{\"subscription_id\":\"1117589000000084225\",\"name\":\"Rapidsoft Technologies Pvt. Ltd.-Basic\",\"status\":\"live\",\"sub_total\":10,\"amount\":10,\"created_at\":\"2018-02-15\",\"activated_at\":\"2018-02-15\",\"current_term_starts_at\":\"2018-02-15\",\"current_term_ends_at\":\"2018-02-22\",\"last_billing_at\":\"2018-02-15\",\"next_billing_at\":\"2018-02-22\",\"expires_at\":\"\",\"interval\":1,\"interval_unit\":\"weeks\",\"auto_collect\":true,\"created_time\":\"2018-02-15T05:22:32-0800\",\"updated_time\":\"2018-02-15T05:22:33-0800\",\"reference_id\":\"\",\"salesperson_id\":\"\",\"salesperson_name\":\"\",\"child_invoice_id\":\"1117589000000084243\",\"currency_code\":\"USD\",\"currency_symbol\":\"$\",\"end_of_term\":false,\"product_id\":\"1117589000000061040\",\"product_name\":\"Rapidsoft Technologies Pvt. Ltd.\",\"pricebook_id\":\"\",\"plan\":{\"plan_code\":\"2\",\"name\":\"Basic\",\"description\":\"1 Apple \\\"Camera\\\" device ,\\n 1 Apple \\\"Guest Interface\\\" device ,\\n Basic Background Library\",\"price\":10,\"quantity\":1,\"discount\":0,\"total\":10,\"setup_fee\":0,\"tax_id\":\"\",\"tax_name\":\"\",\"tax_percentage\":0,\"tax_type\":\"tax\",\"setup_fee_tax_id\":\"\",\"setup_fee_tax_name\":\"\",\"setup_fee_tax_percentage\":\"\",\"setup_fee_tax_type\":\"\"},\"addons\":[],\"taxes\":[],\"exchange_rate\":1,\"is_inclusive_tax\":false,\"payment_terms\":0,\"payment_terms_label\":\"Due On Receipt\",\"can_add_bank_account\":false,\"customer\":{\"customer_id\":\"1117589000000084227\",\"display_name\":\"dfgda agfd\",\"company_name\":\"\",\"first_name\":\"\",\"last_name\":\"\",\"salutation\":\"\",\"email\":\"ndiit2011@gmail.com\",\"website\":\"\",\"ip_address\":\"125.63.72.11\",\"zcrm_account_id\":\"\",\"zcrm_contact_id\":\"\",\"billing_address\":{\"street\":\"\",\"street2\":\"\",\"city\":\"\",\"state\":\"\",\"zip\":\"\",\"country\":\"\",\"fax\":\"\",\"phone\":\"\",\"attention\":\"\"},\"shipping_address\":{\"street\":\"\",\"street2\":\"\",\"city\":\"\",\"state\":\"\",\"zip\":\"\",\"country\":\"\",\"fax\":\"\",\"phone\":\"\",\"attention\":\"\"},\"payment_terms\":0,\"payment_terms_label\":\"\",\"custom_fields\":[]},\"custom_fields\":[],\"contactpersons\":[{\"contactperson_id\":\"1117589000000084229\",\"email\":\"ndiit2011@gmail.com\",\"phone\":\"\",\"mobile\":\"354353334\",\"zcrm_contact_id\":\"\"}],\"card\":{\"card_id\":\"1117589000000084268\",\"last_four_digits\":\"1111\",\"expiry_month\":7,\"expiry_year\":2022,\"payment_gateway\":\"test_gateway\"},\"notes\":[],\"payment_gateways\":[{\"payment_gateway\":\"test_gateway\"}]}}',NULL,'10',1,0,1,NULL,NULL,NULL,NULL,NULL,NULL,NULL,NULL,NULL,NULL,NULL,NULL,NULL),(4,'1117589000000087225',NULL,NULL,'1117589000000087227','0','dsafas','2018-02-15',NULL,'54352','Abhinay Pandey',NULL,NULL,NULL,NULL,'USA','dsfs','1',NULL,'web',NULL,NULL,NULL,NULL,NULL,'Professional',NULL,'4',NULL,NULL,NULL,NULL,'{\"code\":0,\"message\":\"Subscription has been created successfully.\",\"subscription\":{\"subscription_id\":\"1117589000000087225\",\"name\":\"Rapidsoft Technologies Pvt. Ltd.-Professional\",\"status\":\"live\",\"sub_total\":100,\"amount\":100,\"created_at\":\"2018-02-15\",\"activated_at\":\"2018-02-15\",\"current_term_starts_at\":\"2018-02-15\",\"current_term_ends_at\":\"2018-03-15\",\"last_billing_at\":\"2018-02-15\",\"next_billing_at\":\"2018-03-15\",\"expires_at\":\"\",\"interval\":1,\"interval_unit\":\"months\",\"auto_collect\":true,\"created_time\":\"2018-02-15T05:27:48-0800\",\"updated_time\":\"2018-02-15T05:27:50-0800\",\"reference_id\":\"\",\"salesperson_id\":\"\",\"salesperson_name\":\"\",\"child_invoice_id\":\"1117589000000087243\",\"currency_code\":\"USD\",\"currency_symbol\":\"$\",\"end_of_term\":false,\"product_id\":\"1117589000000061040\",\"product_name\":\"Rapidsoft Technologies Pvt. Ltd.\",\"pricebook_id\":\"\",\"plan\":{\"plan_code\":\"4\",\"name\":\"Professional\",\"description\":\"1 Apple \\\"Camera\\\" device ,\\n 1 Apple \\\"Guest Interface\\\" device ,\\n coming soon - 1 Apple \\\"Print Kiosk\\\" device ,\\n Custom Background Upload ,\\n Extended Background Library ,\\n Online Booth Management ,\\n Multiple Event model\",\"price\":100,\"quantity\":1,\"discount\":0,\"total\":100,\"setup_fee\":0,\"tax_id\":\"\",\"tax_name\":\"\",\"tax_percentage\":0,\"tax_type\":\"tax\",\"setup_fee_tax_id\":\"\",\"setup_fee_tax_name\":\"\",\"setup_fee_tax_percentage\":\"\",\"setup_fee_tax_type\":\"\"},\"addons\":[],\"taxes\":[],\"exchange_rate\":1,\"is_inclusive_tax\":false,\"payment_terms\":0,\"payment_terms_label\":\"Due On Receipt\",\"can_add_bank_account\":false,\"customer\":{\"customer_id\":\"1117589000000087227\",\"display_name\":\"Abhinay Pandey\",\"company_name\":\"\",\"first_name\":\"\",\"last_name\":\"\",\"salutation\":\"\",\"email\":\"ndiit2011@gmail.com\",\"website\":\"\",\"ip_address\":\"125.63.72.11\",\"zcrm_account_id\":\"\",\"zcrm_contact_id\":\"\",\"billing_address\":{\"street\":\"\",\"street2\":\"\",\"city\":\"\",\"state\":\"\",\"zip\":\"\",\"country\":\"\",\"fax\":\"\",\"phone\":\"\",\"attention\":\"\"},\"shipping_address\":{\"street\":\"\",\"street2\":\"\",\"city\":\"\",\"state\":\"\",\"zip\":\"\",\"country\":\"\",\"fax\":\"\",\"phone\":\"\",\"attention\":\"\"},\"payment_terms\":0,\"payment_terms_label\":\"\",\"custom_fields\":[]},\"custom_fields\":[],\"contactpersons\":[{\"contactperson_id\":\"1117589000000087229\",\"email\":\"ndiit2011@gmail.com\",\"phone\":\"\",\"mobile\":\"435645646546\",\"zcrm_contact_id\":\"\"}],\"card\":{\"card_id\":\"1117589000000087268\",\"last_four_digits\":\"1111\",\"expiry_month\":7,\"expiry_year\":2022,\"payment_gateway\":\"test_gateway\"},\"notes\":[],\"payment_gateways\":[{\"payment_gateway\":\"test_gateway\"}]}}',NULL,'100',1,0,1,NULL,NULL,NULL,NULL,NULL,NULL,NULL,NULL,NULL,NULL,NULL,NULL,NULL),(5,'1117589000000090011',NULL,NULL,'1117589000000090013','0','dsfgf','2018-02-15','Due On Receipt','23423','Abhinay Pandey',NULL,NULL,NULL,NULL,'USA','dsfg','1',NULL,'web',NULL,NULL,NULL,NULL,NULL,'Basic',NULL,'2',NULL,NULL,NULL,NULL,'{\"code\":0,\"message\":\"Subscription has been created successfully.\",\"subscription\":{\"subscription_id\":\"1117589000000090011\",\"name\":\"Rapidsoft Technologies Pvt. Ltd.-Basic\",\"status\":\"live\",\"sub_total\":10,\"amount\":10,\"created_at\":\"2018-02-15\",\"activated_at\":\"2018-02-15\",\"current_term_starts_at\":\"2018-02-15\",\"current_term_ends_at\":\"2018-02-22\",\"last_billing_at\":\"2018-02-15\",\"next_billing_at\":\"2018-02-22\",\"expires_at\":\"\",\"interval\":1,\"interval_unit\":\"weeks\",\"auto_collect\":true,\"created_time\":\"2018-02-15T06:18:57-0800\",\"updated_time\":\"2018-02-15T06:18:58-0800\",\"reference_id\":\"\",\"salesperson_id\":\"\",\"salesperson_name\":\"\",\"child_invoice_id\":\"1117589000000090029\",\"currency_code\":\"USD\",\"currency_symbol\":\"$\",\"end_of_term\":false,\"product_id\":\"1117589000000061040\",\"product_name\":\"Rapidsoft Technologies Pvt. Ltd.\",\"pricebook_id\":\"\",\"plan\":{\"plan_code\":\"2\",\"name\":\"Basic\",\"description\":\"1 Apple \\\"Camera\\\" device ,\\n 1 Apple \\\"Guest Interface\\\" device ,\\n Basic Background Library\",\"price\":10,\"quantity\":1,\"discount\":0,\"total\":10,\"setup_fee\":0,\"tax_id\":\"\",\"tax_name\":\"\",\"tax_percentage\":0,\"tax_type\":\"tax\",\"setup_fee_tax_id\":\"\",\"setup_fee_tax_name\":\"\",\"setup_fee_tax_percentage\":\"\",\"setup_fee_tax_type\":\"\"},\"addons\":[],\"taxes\":[],\"exchange_rate\":1,\"is_inclusive_tax\":false,\"payment_terms\":0,\"payment_terms_label\":\"Due On Receipt\",\"can_add_bank_account\":false,\"customer\":{\"customer_id\":\"1117589000000090013\",\"display_name\":\"Abhinay Pandey\",\"company_name\":\"\",\"first_name\":\"\",\"last_name\":\"\",\"salutation\":\"\",\"email\":\"ndiit2011@gmail.com\",\"website\":\"\",\"ip_address\":\"125.63.72.11\",\"zcrm_account_id\":\"\",\"zcrm_contact_id\":\"\",\"billing_address\":{\"street\":\"\",\"street2\":\"\",\"city\":\"\",\"state\":\"\",\"zip\":\"\",\"country\":\"\",\"fax\":\"\",\"phone\":\"\",\"attention\":\"\"},\"shipping_address\":{\"street\":\"\",\"street2\":\"\",\"city\":\"\",\"state\":\"\",\"zip\":\"\",\"country\":\"\",\"fax\":\"\",\"phone\":\"\",\"attention\":\"\"},\"payment_terms\":0,\"payment_terms_label\":\"\",\"custom_fields\":[]},\"custom_fields\":[],\"contactpersons\":[{\"contactperson_id\":\"1117589000000090015\",\"email\":\"ndiit2011@gmail.com\",\"phone\":\"\",\"mobile\":\"7843573854\",\"zcrm_contact_id\":\"\"}],\"card\":{\"card_id\":\"1117589000000090054\",\"last_four_digits\":\"1111\",\"expiry_month\":7,\"expiry_year\":2022,\"payment_gateway\":\"test_gateway\"},\"notes\":[],\"payment_gateways\":[{\"payment_gateway\":\"test_gateway\"}]}}',NULL,'10',19,0,1,NULL,NULL,NULL,NULL,NULL,NULL,NULL,NULL,NULL,NULL,NULL,NULL,NULL),(6,'1117589000000093011',NULL,NULL,'1117589000000093013','0','345 ','2018-02-15','Due On Receipt','43543','Abhinay Pandey',NULL,NULL,NULL,NULL,'USA','dsf','1',NULL,'web',NULL,NULL,NULL,NULL,NULL,'Custom Upload',NULL,'3',NULL,NULL,NULL,NULL,'{\"code\":0,\"message\":\"Subscription has been created successfully.\",\"subscription\":{\"subscription_id\":\"1117589000000093011\",\"name\":\"Rapidsoft Technologies Pvt. Ltd.-Custom Upload\",\"status\":\"live\",\"sub_total\":25,\"amount\":25,\"created_at\":\"2018-02-15\",\"activated_at\":\"2018-02-15\",\"current_term_starts_at\":\"2018-02-15\",\"current_term_ends_at\":\"2018-02-22\",\"last_billing_at\":\"2018-02-15\",\"next_billing_at\":\"2018-02-22\",\"expires_at\":\"\",\"interval\":1,\"interval_unit\":\"weeks\",\"auto_collect\":true,\"created_time\":\"2018-02-15T06:53:18-0800\",\"updated_time\":\"2018-02-15T06:53:20-0800\",\"reference_id\":\"\",\"salesperson_id\":\"\",\"salesperson_name\":\"\",\"child_invoice_id\":\"1117589000000093029\",\"currency_code\":\"USD\",\"currency_symbol\":\"$\",\"end_of_term\":false,\"product_id\":\"1117589000000061040\",\"product_name\":\"Rapidsoft Technologies Pvt. Ltd.\",\"pricebook_id\":\"\",\"plan\":{\"plan_code\":\"3\",\"name\":\"Custom Upload\",\"description\":\"1 Apple \\\"Camera\\\" device ,\\n 1 Apple \\\"Guest Interface\\\" device ,\\n coming soon - 1 Apple \\\"Print Kiosk\\\" device ,\\n Custom Background Upload ,\\n Extended Background Library ,\\n Custom Logo watermark\",\"price\":25,\"quantity\":1,\"discount\":0,\"total\":25,\"setup_fee\":0,\"tax_id\":\"\",\"tax_name\":\"\",\"tax_percentage\":0,\"tax_type\":\"tax\",\"setup_fee_tax_id\":\"\",\"setup_fee_tax_name\":\"\",\"setup_fee_tax_percentage\":\"\",\"setup_fee_tax_type\":\"\"},\"addons\":[],\"taxes\":[],\"exchange_rate\":1,\"is_inclusive_tax\":false,\"payment_terms\":0,\"payment_terms_label\":\"Due On Receipt\",\"can_add_bank_account\":false,\"customer\":{\"customer_id\":\"1117589000000093013\",\"display_name\":\"Abhinay Pandey\",\"company_name\":\"\",\"first_name\":\"\",\"last_name\":\"\",\"salutation\":\"\",\"email\":\"ndiit2011@gmail.com\",\"website\":\"\",\"ip_address\":\"125.63.72.11\",\"zcrm_account_id\":\"\",\"zcrm_contact_id\":\"\",\"billing_address\":{\"street\":\"\",\"street2\":\"\",\"city\":\"\",\"state\":\"\",\"zip\":\"\",\"country\":\"\",\"fax\":\"\",\"phone\":\"\",\"attention\":\"\"},\"shipping_address\":{\"street\":\"\",\"street2\":\"\",\"city\":\"\",\"state\":\"\",\"zip\":\"\",\"country\":\"\",\"fax\":\"\",\"phone\":\"\",\"attention\":\"\"},\"payment_terms\":0,\"payment_terms_label\":\"\",\"custom_fields\":[]},\"custom_fields\":[],\"contactpersons\":[{\"contactperson_id\":\"1117589000000093015\",\"email\":\"ndiit2011@gmail.com\",\"phone\":\"\",\"mobile\":\"345345345\",\"zcrm_contact_id\":\"\"}],\"card\":{\"card_id\":\"1117589000000093054\",\"last_four_digits\":\"1111\",\"expiry_month\":7,\"expiry_year\":2022,\"payment_gateway\":\"test_gateway\"},\"notes\":[],\"payment_gateways\":[{\"payment_gateway\":\"test_gateway\"}]}}',NULL,'25',19,0,1,NULL,NULL,NULL,NULL,NULL,NULL,NULL,NULL,NULL,NULL,NULL,NULL,NULL),(7,'1117589000000093439',NULL,NULL,'1117589000000093441','0','a','2018-02-16','Due On Receipt','34343','a a',NULL,NULL,NULL,NULL,'a','a','1',NULL,'web',NULL,NULL,NULL,NULL,NULL,'Professional',NULL,'4',NULL,NULL,NULL,NULL,NULL,NULL,'100',19,0,1,NULL,NULL,NULL,NULL,NULL,NULL,NULL,NULL,NULL,NULL,NULL,NULL,NULL),(8,'b7e30b87-2816-45fe-a098-f9a0f5b1d69c',NULL,NULL,NULL,NULL,NULL,'Wed Feb 21 13:49:55 IST 2018','Paid by Admin',NULL,NULL,NULL,NULL,NULL,NULL,NULL,NULL,'1',NULL,'Admin(Manual)',NULL,NULL,NULL,NULL,'Menual','Basic',NULL,'2',NULL,'10',NULL,NULL,NULL,NULL,'10',18,0,1,NULL,NULL,NULL,NULL,NULL,NULL,NULL,NULL,NULL,NULL,NULL,NULL,NULL),(9,'b729100a-c355-4002-be6e-ff22233eafd7',NULL,NULL,NULL,NULL,NULL,'Wed Feb 21 13:50:25 IST 2018','Paid by Admin',NULL,NULL,NULL,NULL,NULL,NULL,NULL,NULL,'1',NULL,'Admin(Manual)',NULL,NULL,NULL,NULL,'Menual','Basic',NULL,'2',NULL,'10',NULL,NULL,NULL,NULL,'10',18,0,1,NULL,NULL,NULL,NULL,NULL,NULL,NULL,NULL,NULL,NULL,NULL,NULL,NULL),(10,'1117589000000111124',NULL,NULL,'1117589000000111126','0',NULL,'2018-02-27','Due On Receipt',NULL,'Abhinay Pandey',NULL,NULL,NULL,NULL,NULL,NULL,'1','ndiit2011@gmail.com','web',NULL,NULL,NULL,NULL,NULL,'Basic',NULL,'2',NULL,NULL,NULL,NULL,NULL,NULL,'10',24,0,1,NULL,NULL,NULL,NULL,NULL,NULL,NULL,NULL,NULL,NULL,NULL,NULL,NULL),(11,'1117589000000111235',NULL,NULL,'1117589000000111237','0',NULL,'2018-02-27','Due On Receipt',NULL,'Abhinay Pandey',NULL,NULL,NULL,NULL,NULL,NULL,'1','ndiit2011@gmail.com','web',NULL,NULL,NULL,NULL,NULL,'Custom Upload',NULL,'3',NULL,NULL,NULL,NULL,NULL,NULL,'25',24,0,1,NULL,NULL,NULL,NULL,NULL,NULL,NULL,NULL,NULL,NULL,NULL,NULL,NULL),(12,'1117589000000111346',NULL,NULL,'1117589000000111348','0',NULL,'2018-02-27','Due On Receipt',NULL,'Abhinay Pandey',NULL,NULL,NULL,NULL,NULL,NULL,'1','ndiit2011@gmail.com','web',NULL,NULL,NULL,NULL,NULL,'Professional',NULL,'4',NULL,NULL,NULL,NULL,NULL,NULL,'100',24,0,1,NULL,NULL,NULL,NULL,NULL,NULL,NULL,NULL,NULL,NULL,NULL,NULL,NULL),(13,'1117589000000111457',NULL,NULL,'1117589000000111459','0',NULL,'2018-02-27','Due On Receipt',NULL,'Abhinay Pandey',NULL,NULL,NULL,NULL,NULL,NULL,'1','ndiit2011@gmail.com','web',NULL,NULL,NULL,NULL,NULL,'Basic',NULL,'2',NULL,NULL,NULL,NULL,NULL,NULL,'10',23,0,1,NULL,NULL,NULL,NULL,NULL,NULL,NULL,NULL,NULL,NULL,NULL,NULL,NULL),(14,'1117589000000124013',NULL,NULL,'1117589000000124015','0',NULL,'2018-03-04','Due On Receipt',NULL,'Abhinay Pandey',NULL,NULL,NULL,NULL,NULL,NULL,'1','ndiit2011@gmail.com','web',NULL,NULL,NULL,NULL,NULL,'Basic',NULL,'2',NULL,NULL,NULL,NULL,NULL,NULL,'10',23,0,1,NULL,NULL,NULL,NULL,NULL,NULL,NULL,NULL,NULL,NULL,NULL,NULL,NULL),(15,'1117589000000157013',NULL,NULL,'1117589000000157015','0',NULL,'2018-03-20','Due On Receipt',NULL,'Abhinay Pandey',NULL,NULL,NULL,NULL,NULL,NULL,'1','er.pandeyabhinay@gmail.com','web',NULL,NULL,NULL,NULL,NULL,'Basic',NULL,'2',NULL,NULL,NULL,NULL,NULL,NULL,'10',25,0,1,NULL,NULL,NULL,NULL,NULL,NULL,NULL,NULL,NULL,NULL,NULL,NULL,NULL),(17,'1117589000000160124','2-434ba2d46a3aada8589b5eefb244a61fcc1b305c7e9cf7d692e65986d5563b5dd4bf0954b33de5fd806615688dcbb6d7',NULL,'1117589000000160126','0',NULL,'2018-03-20','Due On Receipt',NULL,'Abhinay Pandey',NULL,NULL,'https://subscriptions.zoho.com/hostedpage/2-434ba2d46a3aada8589b5eefb244a61fcc1b305c7e9cf7d692e65986d5563b5dd4bf0954b33de5fd806615688dcbb6d7/checkout',NULL,NULL,NULL,'1','watsoo@watsoo.com','web',NULL,NULL,NULL,NULL,NULL,'Custom Upload',NULL,'3',NULL,NULL,NULL,NULL,NULL,NULL,'25',25,0,1,NULL,NULL,NULL,NULL,NULL,NULL,NULL,NULL,NULL,NULL,NULL,NULL,NULL),(18,'1117589000000160346','2-434ba2d46a3aada8589b5eefb244a61f124af7e5175c1cfc580a3bc734216fa9506365c399584342806615688dcbb6d7',NULL,'1117589000000160348','0',NULL,'2018-03-20','Due On Receipt',NULL,'Abhinay Pandey',NULL,NULL,'https://subscriptions.zoho.com/hostedpage/2-434ba2d46a3aada8589b5eefb244a61f124af7e5175c1cfc580a3bc734216fa9506365c399584342806615688dcbb6d7/checkout',NULL,NULL,NULL,'1','watsoo@watsoo.com','web',NULL,NULL,NULL,NULL,NULL,'Basic',NULL,'2',NULL,NULL,NULL,NULL,NULL,NULL,'10',1,0,1,NULL,NULL,NULL,NULL,NULL,NULL,NULL,NULL,NULL,NULL,NULL,NULL,NULL),(19,'1117589000000160457','2-434ba2d46a3aada8589b5eefb244a61fbfb69cbd81226b9592c26e1dfcb89a93fedcb1e594471cff806615688dcbb6d7',NULL,'1117589000000160459','0',NULL,'2018-03-20','Due On Receipt',NULL,'Abhinay Pandey',NULL,NULL,'https://subscriptions.zoho.com/hostedpage/2-434ba2d46a3aada8589b5eefb244a61fbfb69cbd81226b9592c26e1dfcb89a93fedcb1e594471cff806615688dcbb6d7/checkout',NULL,NULL,NULL,'1','watsoo@watsoo.com','web',NULL,NULL,NULL,NULL,NULL,'Basic',NULL,'2',NULL,NULL,NULL,NULL,NULL,NULL,'10',26,0,1,NULL,NULL,NULL,NULL,NULL,NULL,NULL,NULL,NULL,NULL,NULL,NULL,NULL),(20,'1117589000000160568','2-434ba2d46a3aada8589b5eefb244a61f20fef9f5df1420c798f093d444af4f73c92a547c6cc7889d806615688dcbb6d7',NULL,'1117589000000160570','0',NULL,'2018-03-20','Due On Receipt',NULL,'Abhinay Pandey',NULL,NULL,'https://subscriptions.zoho.com/hostedpage/2-434ba2d46a3aada8589b5eefb244a61f20fef9f5df1420c798f093d444af4f73c92a547c6cc7889d806615688dcbb6d7/checkout',NULL,NULL,NULL,'1','watsoo@watsoo.com','web',NULL,NULL,NULL,NULL,NULL,'Basic',NULL,'2',NULL,NULL,NULL,NULL,NULL,NULL,'10',27,0,1,NULL,NULL,NULL,NULL,NULL,NULL,NULL,NULL,NULL,NULL,NULL,NULL,NULL),(21,'1117589000000384015','2-434ba2d46a3aada8b50c5ee67c2f6f049f9d7dc1a7569364d13754e0fe609cc5aa4a10837f26d0e2806615688dcbb6d7',NULL,'1117589000000384017','0',NULL,'2018-06-24','Due On Receipt',NULL,'abh abh',NULL,NULL,'https://subscriptions.zoho.com/hostedpage/2-434ba2d46a3aada8b50c5ee67c2f6f049f9d7dc1a7569364d13754e0fe609cc5aa4a10837f26d0e2806615688dcbb6d7/checkout',NULL,NULL,NULL,'1','abacdefg@gmail.com','web',NULL,NULL,NULL,NULL,NULL,'Basic',NULL,'2',NULL,NULL,NULL,NULL,NULL,NULL,'10',29,0,1,NULL,NULL,NULL,NULL,NULL,NULL,NULL,NULL,NULL,NULL,NULL,NULL,NULL),(22,'1487500000000068013','2-ab22d6339f3b61592bc791190032fe1ad411e9acd0655f6792d117e4d67e6fdef1d0bcba82bf05c8739c13f3755014ba',NULL,'1487500000000068015','0',NULL,'2018-07-27','Due On Receipt',NULL,'abhi singh',NULL,NULL,'https://subscriptions.zoho.com/hostedpage/2-ab22d6339f3b61592bc791190032fe1ad411e9acd0655f6792d117e4d67e6fdef1d0bcba82bf05c8739c13f3755014ba/checkout',NULL,NULL,NULL,'1','abhinay.pandey@rapidsoft.co.in','web',NULL,NULL,NULL,NULL,NULL,'TEST Plan $1.00',NULL,'TEST',NULL,NULL,NULL,NULL,NULL,NULL,'1',14,0,1,NULL,NULL,NULL,NULL,NULL,NULL,NULL,NULL,NULL,NULL,NULL,NULL,NULL),(23,'1487500000000068127','2-ab22d6339f3b61592bc791190032fe1aeb05222ccb035085724cf35a16320d1be9318d48af4499ac739c13f3755014ba',NULL,'1487500000000068129','0',NULL,'2018-07-27','Due On Receipt',NULL,'abhinay pandey',NULL,NULL,'https://subscriptions.zoho.com/hostedpage/2-ab22d6339f3b61592bc791190032fe1aeb05222ccb035085724cf35a16320d1be9318d48af4499ac739c13f3755014ba/checkout',NULL,NULL,NULL,'1','abhi@yupmail.com','web',NULL,NULL,NULL,NULL,NULL,'iAmuse Professional',NULL,'iAmusePro',NULL,NULL,NULL,NULL,NULL,NULL,'100',14,0,1,NULL,NULL,NULL,NULL,NULL,NULL,NULL,NULL,NULL,NULL,NULL,NULL,NULL),(24,'1000000429007107',NULL,NULL,NULL,NULL,NULL,NULL,NULL,NULL,NULL,NULL,NULL,NULL,NULL,NULL,NULL,'1',NULL,NULL,NULL,NULL,NULL,NULL,'IOS',NULL,NULL,NULL,NULL,NULL,'1',NULL,NULL,NULL,'1',28,0,1,'com.iamuse.oneday','2018-31-09 05:31:42','2018-08-09 05:01:42 America/Los_Angeles','2018-08-09 12:01:42 Etc/GMT','2.6','2018-08-09 05:01:42 America/Los_Angeles','be5ab22d4458917ff2ada28f6ba427730d687cad','1000000429007107','1423599009','2018-31-09 05:31:42','2018-08-09 12:01:42 Etc/GMT','com.iamuse.iamuse','8F0BAA61-690C-462A-8DEE-EEDAA05156F8'),(25,'1000000439766452',NULL,NULL,NULL,NULL,NULL,NULL,NULL,NULL,NULL,NULL,NULL,NULL,NULL,NULL,NULL,'1',NULL,NULL,NULL,NULL,NULL,NULL,'IOS',NULL,NULL,NULL,NULL,NULL,'100',NULL,NULL,NULL,'100',32,0,1,'com.iamuse.year','2018-11-05 01:11:46','2018-09-05 00:41:46 America/Los_Angeles','2018-09-05 07:41:46 Etc/GMT','3.1','2018-09-05 00:41:46 America/Los_Angeles','c2761fbbd6b3fad34291ba2d59e99296f1278030','1000000439766452','1424267118','2018-11-05 01:11:46','2018-09-05 07:41:46 Etc/GMT','com.iamuse.iamuse','43249AA7-2091-41A6-BD78-03BD79610C85'),(26,'1000000439797753',NULL,NULL,NULL,NULL,NULL,NULL,NULL,NULL,NULL,NULL,NULL,NULL,NULL,NULL,NULL,'1',NULL,NULL,NULL,NULL,NULL,NULL,'IOS',NULL,NULL,NULL,NULL,NULL,'100',NULL,NULL,NULL,'100',35,0,1,'com.iamuse.year','2018-03-05 02:03:05','2018-09-05 01:33:05 America/Los_Angeles','2018-09-05 08:33:05 Etc/GMT','3.1','2018-09-05 01:33:05 America/Los_Angeles','c2761fbbd6b3fad34291ba2d59e99296f1278030','1000000439797753','1424267118','2018-03-05 02:03:05','2018-09-05 08:33:05 Etc/GMT','com.iamuse.iamuse','FE07C1E6-A1F7-4840-A6B6-35290BF82F61'),(27,'1000000440518104',NULL,NULL,NULL,NULL,NULL,NULL,NULL,NULL,NULL,NULL,NULL,NULL,NULL,NULL,NULL,'1',NULL,NULL,NULL,NULL,NULL,NULL,'IOS',NULL,NULL,NULL,NULL,NULL,'100',NULL,NULL,NULL,'100',36,0,1,'com.iamuse.year','2018-06-06 05:06:08','2018-09-06 04:36:08 America/Los_Angeles','2018-09-06 11:36:08 Etc/GMT','3.1','2018-09-06 04:36:08 America/Los_Angeles','70016fb3cb09d1ab7c0066c1cf50f89e95e4e312','1000000440518104','1424267118','2018-06-06 05:06:08','2018-09-06 11:36:08 Etc/GMT','com.iamuse.iamuse','C2B9D366-6BAB-4CA4-B52F-CBB4E6BBFD9A'),(28,'1000000440519453',NULL,NULL,NULL,NULL,NULL,NULL,NULL,NULL,NULL,NULL,NULL,NULL,NULL,NULL,NULL,'1',NULL,NULL,NULL,NULL,NULL,NULL,'IOS',NULL,NULL,NULL,NULL,NULL,'100',NULL,NULL,NULL,'100',39,0,1,'com.iamuse.year','2018-07-06 05:07:53','2018-09-06 04:37:53 America/Los_Angeles','2018-09-06 11:37:53 Etc/GMT','3.1','2018-09-06 04:37:53 America/Los_Angeles','70016fb3cb09d1ab7c0066c1cf50f89e95e4e312','1000000440519453','1424267118','2018-07-06 05:07:53','2018-09-06 11:37:53 Etc/GMT','com.iamuse.iamuse','C2B9D366-6BAB-4CA4-B52F-CBB4E6BBFD9A'),(29,'1000000440519453',NULL,NULL,NULL,NULL,NULL,NULL,NULL,NULL,NULL,NULL,NULL,NULL,NULL,NULL,NULL,'1',NULL,NULL,NULL,NULL,NULL,NULL,'IOS',NULL,NULL,NULL,NULL,NULL,'100',NULL,NULL,NULL,'100',39,0,1,'com.iamuse.year','2018-07-06 05:07:53','2018-09-06 04:37:53 America/Los_Angeles','2018-09-06 11:37:53 Etc/GMT','3.1','2018-09-06 04:37:53 America/Los_Angeles','70016fb3cb09d1ab7c0066c1cf50f89e95e4e312','1000000440519453','1424267118','2018-07-06 05:07:53','2018-09-06 11:37:53 Etc/GMT','com.iamuse.iamuse','C2B9D366-6BAB-4CA4-B52F-CBB4E6BBFD9A'),(30,'1000000440539798',NULL,NULL,NULL,NULL,NULL,NULL,NULL,NULL,NULL,NULL,NULL,NULL,NULL,NULL,NULL,'1',NULL,NULL,NULL,NULL,NULL,NULL,'IOS',NULL,NULL,NULL,NULL,NULL,'100',NULL,NULL,NULL,'100',42,0,1,'com.iamuse.year','2018-31-06 05:31:23','2018-09-06 05:01:23 America/Los_Angeles','2018-09-06 12:01:23 Etc/GMT','3.1','2018-09-06 05:01:23 America/Los_Angeles','70016fb3cb09d1ab7c0066c1cf50f89e95e4e312','1000000440539798','1424267118','2018-31-06 05:31:23','2018-09-06 12:01:23 Etc/GMT','com.iamuse.iamuse','C2B9D366-6BAB-4CA4-B52F-CBB4E6BBFD9A'),(31,'1000000440542937',NULL,NULL,NULL,NULL,NULL,NULL,NULL,NULL,NULL,NULL,NULL,NULL,NULL,NULL,NULL,'1',NULL,NULL,NULL,NULL,NULL,NULL,'IOS',NULL,NULL,NULL,NULL,NULL,'100',NULL,NULL,NULL,'100',43,0,1,'com.iamuse.year','2018-33-06 05:33:58','2018-09-06 05:03:58 America/Los_Angeles','2018-09-06 12:03:58 Etc/GMT','3.1','2018-09-06 05:03:58 America/Los_Angeles','70016fb3cb09d1ab7c0066c1cf50f89e95e4e312','1000000440542937','1424267118','2018-33-06 05:33:58','2018-09-06 12:03:58 Etc/GMT','com.iamuse.iamuse','C2B9D366-6BAB-4CA4-B52F-CBB4E6BBFD9A'),(32,'1000000440542937',NULL,NULL,NULL,NULL,NULL,NULL,NULL,NULL,NULL,NULL,NULL,NULL,NULL,NULL,NULL,'1',NULL,NULL,NULL,NULL,NULL,NULL,'IOS',NULL,NULL,NULL,NULL,NULL,'100',NULL,NULL,NULL,'100',43,0,1,'com.iamuse.year','2018-33-06 05:33:58','2018-09-06 05:03:58 America/Los_Angeles','2018-09-06 12:03:58 Etc/GMT','3.1','2018-09-06 05:03:58 America/Los_Angeles','70016fb3cb09d1ab7c0066c1cf50f89e95e4e312','1000000440542937','1424267118','2018-33-06 05:33:58','2018-09-06 12:03:58 Etc/GMT','com.iamuse.iamuse','C2B9D366-6BAB-4CA4-B52F-CBB4E6BBFD9A'),(33,'d853bc36-1e7d-4811-9f95-74066cc949b9',NULL,NULL,NULL,NULL,NULL,'Wed Sep 12 16:59:53 IST 2018','Upgrad by Admin',NULL,NULL,NULL,NULL,NULL,NULL,NULL,NULL,'1',NULL,'Admin(Manual)',NULL,NULL,NULL,NULL,'Menual','test5',NULL,'2',NULL,'10',NULL,NULL,NULL,NULL,'10',43,0,1,NULL,NULL,NULL,NULL,NULL,NULL,NULL,NULL,NULL,NULL,NULL,NULL,NULL),(34,'afc23dcf-1c45-4049-8d12-6ab5b6800475',NULL,NULL,NULL,NULL,NULL,'Thu Sep 20 16:21:19 IST 2018','Upgrad by Admin',NULL,NULL,NULL,NULL,NULL,NULL,NULL,NULL,'1',NULL,'Admin(Manual)',NULL,NULL,NULL,NULL,'Menual','test5',NULL,'2',NULL,'10',NULL,NULL,NULL,NULL,'10',44,0,1,NULL,NULL,NULL,NULL,NULL,NULL,NULL,NULL,NULL,NULL,NULL,NULL,NULL),(35,'e8943ec3-3582-4beb-92cf-7ffdce962f87',NULL,NULL,NULL,NULL,NULL,'Thu Sep 20 17:14:56 IST 2018','Upgrad by Admin',NULL,NULL,NULL,NULL,NULL,NULL,NULL,NULL,'1',NULL,'Admin(Manual)',NULL,NULL,NULL,NULL,'Menual','test5',NULL,'2',NULL,'10',NULL,NULL,NULL,NULL,'10',41,0,1,NULL,NULL,NULL,NULL,NULL,NULL,NULL,NULL,NULL,NULL,NULL,NULL,NULL),(36,'b3b0dbd3-d787-43a1-a540-cb7c146365b0',NULL,NULL,NULL,NULL,NULL,'Thu Sep 20 17:19:07 IST 2018','Upgrad by Admin',NULL,NULL,NULL,NULL,NULL,NULL,NULL,NULL,'1',NULL,'Admin(Manual)',NULL,NULL,NULL,NULL,'Menual','test5',NULL,'2',NULL,'10',NULL,NULL,NULL,NULL,'10',40,0,1,NULL,NULL,NULL,NULL,NULL,NULL,NULL,NULL,NULL,NULL,NULL,NULL,NULL),(38,'dfac1f85-c3b3-4a4a-ac11-48f5601d66b9',NULL,NULL,NULL,NULL,NULL,'Thu Sep 20 17:39:34 IST 2018','Upgrad by Admin',NULL,NULL,NULL,NULL,NULL,NULL,NULL,NULL,'1',NULL,'Admin(Manual)',NULL,NULL,NULL,NULL,'Menual','iAmuseCustom',NULL,'3',NULL,'25',NULL,NULL,NULL,NULL,'25',44,0,1,NULL,NULL,NULL,NULL,NULL,NULL,NULL,NULL,NULL,NULL,NULL,NULL,NULL),(40,'c5053897-971a-4560-a2f9-9454e4cd2863',NULL,NULL,NULL,NULL,NULL,'Thu Sep 20 18:05:38 IST 2018','Upgrad by Admin',NULL,NULL,NULL,NULL,NULL,NULL,NULL,NULL,'1',NULL,'Admin(Manual)',NULL,NULL,NULL,NULL,'Menual','test5',NULL,'2',NULL,'10',NULL,NULL,NULL,NULL,'10',37,0,1,NULL,NULL,NULL,NULL,NULL,NULL,NULL,NULL,NULL,NULL,NULL,NULL,NULL),(41,'05066dda-b97f-4b2b-b8ad-834bc20a60a1',NULL,NULL,NULL,NULL,NULL,'Thu Sep 20 18:17:35 IST 2018','Upgrad by Admin',NULL,NULL,NULL,NULL,NULL,NULL,NULL,NULL,'1',NULL,'Admin(Manual)',NULL,NULL,NULL,NULL,'Menual','test5',NULL,'2',NULL,'10',NULL,NULL,NULL,NULL,'10',38,0,1,NULL,NULL,NULL,NULL,NULL,NULL,NULL,NULL,NULL,NULL,NULL,NULL,NULL);
/*!40000 ALTER TABLE `transaction_master` ENABLE KEYS */;
UNLOCK TABLES;

--
-- Table structure for table `upload_image`
--

DROP TABLE IF EXISTS `upload_image`;
/*!40101 SET @saved_cs_client     = @@character_set_client */;
/*!40101 SET character_set_client = utf8 */;
CREATE TABLE `upload_image` (
  `image_id` int(10) unsigned NOT NULL AUTO_INCREMENT,
  `image_url` varchar(1000) DEFAULT NULL,
  `status` tinyint(1) DEFAULT NULL,
  `isThumbnail` tinyint(1) DEFAULT NULL,
  `upload_time` datetime DEFAULT NULL,
  `image_name` varchar(50) DEFAULT NULL,
  `hex_value` varchar(45) DEFAULT NULL,
  `rgb_value` varchar(45) DEFAULT NULL,
  `rgba_value` varchar(45) DEFAULT NULL,
  `update_time` datetime DEFAULT NULL,
  `hex_value_max` varchar(45) DEFAULT NULL,
  `rgb_value_max` varchar(45) DEFAULT NULL,
  `rgba_value_max` varchar(45) DEFAULT NULL,
  `isUpdatedRGB` tinyint(1) DEFAULT '0',
  `user_id` int(10) unsigned DEFAULT NULL,
  `isDeleted` tinyint(1) unsigned DEFAULT NULL,
  `isValidate` tinyint(1) unsigned DEFAULT '0',
  PRIMARY KEY (`image_id`)
) ENGINE=InnoDB AUTO_INCREMENT=7 DEFAULT CHARSET=latin1;
/*!40101 SET character_set_client = @saved_cs_client */;

--
-- Dumping data for table `upload_image`
--

LOCK TABLES `upload_image` WRITE;
/*!40000 ALTER TABLE `upload_image` DISABLE KEYS */;
INSERT INTO `upload_image` VALUES (1,'/IAmuseimagesTakePicture',1,NULL,'2018-09-05 08:03:17','1.jpg',NULL,NULL,NULL,NULL,NULL,NULL,NULL,NULL,32,0,0),(2,'/IAmuseimagesTakePicture',1,NULL,'2018-09-05 08:04:36','2.jpg',NULL,NULL,NULL,NULL,NULL,NULL,NULL,NULL,32,0,0),(3,'/IAmuseimagesTakePicture',1,NULL,'2018-09-05 08:12:30','3.jpg',NULL,NULL,NULL,NULL,NULL,NULL,NULL,NULL,32,0,0),(4,'/IAmuseimagesTakePicture',1,NULL,'2018-09-05 08:34:42','4.jpg',NULL,NULL,NULL,NULL,NULL,NULL,NULL,NULL,35,0,0),(5,'/IAmuseimagesTakePicture',1,NULL,'2018-09-05 08:37:37','5.jpg',NULL,NULL,NULL,NULL,NULL,NULL,NULL,NULL,35,0,0),(6,'/IAmuseimagesTakePicture',1,NULL,'2018-09-06 12:05:25','6.jpg',NULL,NULL,NULL,NULL,NULL,NULL,NULL,NULL,43,0,0);
/*!40000 ALTER TABLE `upload_image` ENABLE KEYS */;
UNLOCK TABLES;

--
-- Dumping routines for database 'iamuse_internal'
--
/*!40103 SET TIME_ZONE=@OLD_TIME_ZONE */;

/*!40101 SET SQL_MODE=@OLD_SQL_MODE */;
/*!40014 SET FOREIGN_KEY_CHECKS=@OLD_FOREIGN_KEY_CHECKS */;
/*!40014 SET UNIQUE_CHECKS=@OLD_UNIQUE_CHECKS */;
/*!40101 SET CHARACTER_SET_CLIENT=@OLD_CHARACTER_SET_CLIENT */;
/*!40101 SET CHARACTER_SET_RESULTS=@OLD_CHARACTER_SET_RESULTS */;
/*!40101 SET COLLATION_CONNECTION=@OLD_COLLATION_CONNECTION */;
/*!40111 SET SQL_NOTES=@OLD_SQL_NOTES */;

-- Dump completed on 2018-10-26 11:52:06
