<?xml version="1.0" encoding="UTF-8"?>
<beans xmlns="http://www.springframework.org/schema/beans"
	xmlns:xsi="http://www.w3.org/2001/XMLSchema-instance" 
	xmlns:context="http://www.springframework.org/schema/context"
	xmlns:aop="http://www.springframework.org/schema/aop" 
	xmlns:tx="http://www.springframework.org/schema/tx"
	xmlns:mvc="http://www.springframework.org/schema/mvc"
	xmlns:p="http://www.springframework.org/schema/p"
	xmlns:task="http://www.springframework.org/schema/task"
	xsi:schemaLocation="http://www.springframework.org/schema/beans 
	   		http://www.springframework.org/schema/beans/spring-beans-3.1.xsd
	   		http://www.springframework.org/schema/context
	   		http://www.springframework.org/schema/context/spring-context-3.1.xsd
			http://www.springframework.org/schema/mvc 
			http://www.springframework.org/schema/mvc/spring-mvc-3.1.xsd
			http://www.springframework.org/schema/aop 
			http://www.springframework.org/schema/aop/spring-aop-3.1.xsd
			http://www.springframework.org/schema/tx 
			http://www.springframework.org/schema/tx/spring-tx-3.1.xsd
			http://www.springframework.org/schema/task
			http://www.springframework.org/schema/task/spring-task.xsd">
	
	
	<context:property-placeholder location="/WEB-INF/spring.properties"/>
	
	<!-- Activates various annotations to be detected in bean classes -->
	<context:annotation-config />
	
 
	
	<!-- Scans the classpath for annotated components that will be auto-registered as Spring beans.
	 For example @Controller and @Service. Make sure to set the correct base-package-->
	<context:component-scan base-package="com.iamuse.admin" />
	
	<!-- Configures the annotation-driven Spring MVC Controller programming model.
	Note that, with Spring 3.0, this tag works in Servlet MVC only! validator="editableValidator"  -->
	<mvc:annotation-driven  />
	
	
	<bean id="messageSource"
		class="org.springframework.context.support.ReloadableResourceBundleMessageSource">
		<property name="basenames">
			<list>
				<value>/resources/messages</value>
			</list>
		</property>
		<property name="cacheSeconds" value="0" />
		<property name="defaultEncoding" value="UTF-8" />
	</bean>
	
	  
	
		<bean id="localeChangeInterceptor"
		class="org.springframework.web.servlet.i18n.LocaleChangeInterceptor">
		<property name="paramName" value="lang" />
	</bean>
	<bean id="localeResolver"
		class="org.springframework.web.servlet.i18n.CookieLocaleResolver">
		<property name="defaultLocale" value="en" />
	</bean>
	
	<mvc:interceptors>
		<bean
			class="org.springframework.web.servlet.i18n.LocaleChangeInterceptor">
			<property name="paramName" value="locale" />
		</bean>
	</mvc:interceptors>
	
	<mvc:resources location="/resources/" mapping="/resources/**"/>
	<mvc:resources location="/IAmuseimages/" mapping="/IAmuseimages/**"/>
	<mvc:interceptors>
		<bean class="org.springframework.web.servlet.i18n.LocaleChangeInterceptor">
			<property name="paramName" value="lang" />
		</bean>
	</mvc:interceptors>
	
	<bean id="handlerMapping" class="org.springframework.web.servlet.mvc.annotation.DefaultAnnotationHandlerMapping" />
	
	<bean id="multipartResolver"
		class="org.springframework.web.multipart.commons.CommonsMultipartResolver">
		<property name="maxUploadSize" value="100000000" />
	</bean>
	
	<bean id="uploadDirResource" class="org.springframework.core.io.FileSystemResource">
		<constructor-arg>
			<value>/home/spring_tempdir</value>
		</constructor-arg>
	</bean>
	<task:annotation-driven />
 
	<!-- Load related configuration -->
	<import resource="hibernate-context.xml" />
	<import resource="tiles-context.xml"/>
	<import resource="trace-context.xml" />
	<import resource="mail.xml" />
	</beans>
