<?xml version="1.0" encoding="UTF-8"?>
<!DOCTYPE hibernate-configuration PUBLIC
		"-//Hibernate/Hibernate Configuration DTD 3.0//EN"
		"http://hibernate.sourceforge.net/hibernate-configuration-3.0.dtd">
<hibernate-configuration>
	<session-factory>
		<property name="hibernate.dialect">org.hibernate.dialect.MySQLDialect</property>
		<property name="show_sql">true</property>
		<property name="format_sql">true</property>
		<!-- If use spring annotation bases transaction remove this property -->
		<property name="hibernate.transaction.factory_class">org.hibernate.transaction.JDBCTransactionFactory</property>
		<property name="hibernate.current_session_context_class">thread</property>
		<property name="hbm2ddl.auto">none</property>
		<property name="hibernate.connection.zeroDateTimeBehavior">convertToNull</property>
	<!-- 	<property name="hibernate.cache.use_second_level_cache">false</property>
		<property name="hibernate.cache.use_query_cache">false</property>  -->
	</session-factory>
</hibernate-configuration>
