<?xml version="1.0" encoding="UTF-8"?>
<beans xmlns="http://www.springframework.org/schema/beans"
	xmlns:xsi="http://www.w3.org/2001/XMLSchema-instance" 
	xmlns:context="http://www.springframework.org/schema/context"
	xmlns:mvc="http://www.springframework.org/schema/mvc"
	xsi:schemaLocation="http://www.springframework.org/schema/beans 
	   		http://www.springframework.org/schema/beans/spring-beans-3.1.xsd
	   		http://www.springframework.org/schema/context
	   		http://www.springframework.org/schema/context/spring-context-3.1.xsd
			http://www.springframework.org/schema/mvc 
			http://www.springframework.org/schema/mvc/spring-mvc-3.1.xsd">
	
	
	
    <bean id="mailSender" class="org.springframework.mail.javamail.JavaMailSenderImpl">
		<property name="host" value="smtp.gmail.com" />
		
		<property name="username" value="iamusegreenscreenapps@gmail.com" />
		<property name="password" value="Iamuse2014" />

		
		<property name="javaMailProperties">
			<props>
				<!-- <prop key="mail.smtp.auth">true</prop> -->
				<prop key="mail.smtp.auth">true</prop>
				<prop key="mail.host">host</prop>
				<prop key="mail.smtp.starttls.enable">true</prop>
				<prop key="mail.debug">false</prop>
				<prop key="mail.smtp.ssl.trust">smtp.gmail.com</prop>
				
			</props>
		</property>
	</bean>
        
   
	
	
</beans>
