<?xml version="1.0" encoding="UTF-8"?>
<beans xmlns="http://www.springframework.org/schema/beans"
	xmlns:xsi="http://www.w3.org/2001/XMLSchema-instance" 
	xmlns:context="http://www.springframework.org/schema/context"
	xmlns:mvc="http://www.springframework.org/schema/mvc"
	xmlns:task="http://www.springframework.org/schema/task"
	 xmlns:util="http://www.springframework.org/schema/util"
	 xmlns:aop="http://www.springframework.org/schema/aop"
	 xmlns:tx="http://www.springframework.org/schema/tx"
	xsi:schemaLocation="http://www.springframework.org/schema/beans 
	   		http://www.springframework.org/schema/beans/spring-beans-3.1.xsd
	   		http://www.springframework.org/schema/context
	   		http://www.springframework.org/schema/context/spring-context-3.0.xsd
			http://www.springframework.org/schema/mvc 
			http://www.springframework.org/schema/mvc/spring-mvc-3.1.xsd
			http://www.springframework.org/schema/task
			http://www.springframework.org/schema/task/spring-task.xsd
			http://www.springframework.org/schema/aop 
			http://www.springframework.org/schema/aop/spring-aop-3.1.xsd
			http://www.springframework.org/schema/tx 
			http://www.springframework.org/schema/tx/spring-tx-3.1.xsd
			http://www.springframework.org/schema/util 
			http://www.springframework.org/schema/util/spring-util-3.0.xsd
			">
	

	 <context:property-placeholder location="/WEB-INF/spring.properties"/>

	<!-- Activates various annotations to be detected in bean classes -->
	<context:annotation-config />
	
	<!-- Scans the classpath for annotated components that will be auto-registered as Spring beans.
	 For example @Controller and @Service. Make sure to set the correct base-package-->
	<context:component-scan base-package="com.iamuse.server" />
	
	<!-- Configures the annotation-driven Spring MVC Controller programming model.
	Note that, with Spring 3.0, this tag works in Servlet MVC only!  -->
	<mvc:annotation-driven />
	
	
	<bean id="messageSource"
		class="org.springframework.context.support.ReloadableResourceBundleMessageSource">
		<property name="basenames">
			<list>
				<value>/WEB-INF/resourcebundle/messages</value>
			</list>
		</property>
		<property name="cacheSeconds" value="0" />
		<property name="defaultEncoding" value="UTF-8" />
	</bean>
	
		<bean id="localeChangeInterceptor"
		class="org.springframework.web.servlet.i18n.LocaleChangeInterceptor">
		<property name="paramName" value="lang" />
	</bean>
	<bean id="localeResolver"
		class="org.springframework.web.servlet.i18n.CookieLocaleResolver">
		<property name="defaultLocale" value="en" />
	</bean>
	
	
	<mvc:resources location="/resources/" mapping="/resources/**"/>
	
	<mvc:interceptors>
		<bean class="com.iamuse.server.security.SecurityInterceptor">
		</bean>	
	</mvc:interceptors>
	
	<mvc:interceptors>
		<bean class="org.springframework.web.servlet.i18n.LocaleChangeInterceptor">
			<property name="paramName" value="lang" />
		</bean>
	</mvc:interceptors>
	
	<bean id="handlerMapping"
		class="org.springframework.web.servlet.mvc.annotation.DefaultAnnotationHandlerMapping" />
		

		
		

	<!-- Load related configuration -->
	<import resource="hibernate-context.xml" />
	<import resource="trace-context.xml" />
	<import resource="mail.xml" />
	</beans>
